vehicle_role,vehicle,ev_context,factor,value,unit,score,source_url,source_date,status,trim_match_checked
ev,Ford F-150 Lightning Pro Standard Range (4WD SR),Ford F-150 Lightning Pro Standard Range (4WD SR),payload,2329,lb,,https://www.kbb.com/ford/f150-lightning/2025/specs/,2026-10-03,FACT,yes
ev,Ford F-150 Lightning Pro Standard Range (4WD SR),Ford F-150 Lightning Pro Standard Range (4WD SR),tow,7000,lb,,https://www.kbb.com/ford/f150-lightning/2025/specs/,2026-10-03,FACT,yes
ev,Ford F-150 Lightning Pro Standard Range (4WD SR),Ford F-150 Lightning Pro Standard Range (4WD SR),cargo,5.5 ft bed,bed_ft_or_cuft,,https://www.kbb.com/ford/f150-lightning/2025/specs/,2026-10-03,FACT,
ev,Ford F-150 Lightning Pro Standard Range (4WD SR),Ford F-150 Lightning Pro Standard Range (4WD SR),cab,3,cab_ordinal_crew3,,https://www.kbb.com/ford/f150-lightning/2025/specs/,2026-10-03,FACT,
ev,Ford F-150 Lightning Pro Standard Range (4WD SR),Ford F-150 Lightning Pro Standard Range (4WD SR),range,240,mi,,https://fueleconomy.gov/feg/PowerSearch.do?action=noform&baseModel=F-150+Lightning&make=Ford&path=1&srchtyp=ymm&year1=2025&year2=2025,2026-10-03,FACT,yes
ev,Ford F-150 Lightning Pro Standard Range (4WD SR),Ford F-150 Lightning Pro Standard Range (4WD SR),tow_range,not confirmed,mi,,https://www.kbb.com/ford/f150-lightning/2025/specs/,2026-10-03,UNKNOWN,
ev,Ford F-150 Lightning Pro Standard Range (4WD SR),Ford F-150 Lightning Pro Standard Range (4WD SR),msrp,56975,usd,,https://www.kbb.com/ford/f150-lightning/2025/specs/,2026-10-03,FACT,yes
ev,Ford F-150 Lightning Pro Standard Range (4WD SR),Ford F-150 Lightning Pro Standard Range (4WD SR),resale_3yr_retained,not confirmed,percent,,https://www.iseecars.com/car/ford-f-150-lightning,2026-10-03,UNKNOWN,
ev,Ford F-150 Lightning Pro Standard Range (4WD SR),Ford F-150 Lightning Pro Standard Range (4WD SR),efficiency_kwh_100mi,49,kWh/100mi,,https://www.fueleconomy.gov/feg/bymodel/2025_Ford_F-150_Lightning.shtml,2026-10-03,FACT,
ev,Ford F-150 Lightning Pro Standard Range (4WD SR),Ford F-150 Lightning Pro Standard Range (4WD SR),energy_usd_per_mi,0.0601,USD/mi,,https://www.fueleconomy.gov/feg/bymodel/2025_Ford_F-150_Lightning.shtml,2026-10-03,INFERENCE,
ev,Ford F-150 Lightning Pro Standard Range (4WD SR),Ford F-150 Lightning Pro Standard Range (4WD SR),maint_usd_per_mi,0.061,USD/mi,,https://www.fueleconomy.gov/feg/bymodel/2025_Ford_F-150_Lightning.shtml,2026-10-03,FACT class-level AFDC,
ev,Ford F-150 Lightning Pro Standard Range (4WD SR),Ford F-150 Lightning Pro Standard Range (4WD SR),service_network,9,0-10 ordinal,9,https://www.kbb.com/ford/f150-lightning/2025/specs/,2026-10-03,INFERENCE,
gas_candidate,Ford F-150 SuperCrew 5.5-ft 4WD XLT,Ford F-150 Lightning Pro Standard Range (4WD SR),payload,2120,lb,9.0,https://www.kbb.com/ford/f150%20supercrew%20cab/2025/xlt-pickup-4d-5-1-2-ft/,2026-10-03,FACT,yes
gas_candidate,Ford F-150 SuperCrew 5.5-ft 4WD XLT,Ford F-150 Lightning Pro Standard Range (4WD SR),tow,7500,lb,10.0,https://www.kbb.com/ford/f150%20supercrew%20cab/2025/xlt-pickup-4d-5-1-2-ft/,2026-10-03,FACT,yes
gas_candidate,Ford F-150 SuperCrew 5.5-ft 4WD XLT,Ford F-150 Lightning Pro Standard Range (4WD SR),cargo,5.5 ft bed,bed_ft_or_cuft,10.0,https://www.kbb.com/ford/f150%20supercrew%20cab/2025/xlt-pickup-4d-5-1-2-ft/,2026-10-03,FACT,
gas_candidate,Ford F-150 SuperCrew 5.5-ft 4WD XLT,Ford F-150 Lightning Pro Standard Range (4WD SR),cab,3,cab_ordinal_crew3,10.0,https://www.kbb.com/ford/f150%20supercrew%20cab/2025/xlt-pickup-4d-5-1-2-ft/,2026-10-03,FACT,
gas_candidate,Ford F-150 SuperCrew 5.5-ft 4WD XLT,Ford F-150 Lightning Pro Standard Range (4WD SR),range,not confirmed,mi,,not confirmed,2026-10-03,UNKNOWN,no
gas_candidate,Ford F-150 SuperCrew 5.5-ft 4WD XLT,Ford F-150 Lightning Pro Standard Range (4WD SR),tow_range,not confirmed,mi,,https://www.kbb.com/ford/f150%20supercrew%20cab/2025/xlt-pickup-4d-5-1-2-ft/,2026-10-03,UNKNOWN,
gas_candidate,Ford F-150 SuperCrew 5.5-ft 4WD XLT,Ford F-150 Lightning Pro Standard Range (4WD SR),msrp,51915,usd,10.0,https://www.carweek.com/research/ford/f-150/2025,2026-10-03,FACT,yes
gas_candidate,Ford F-150 SuperCrew 5.5-ft 4WD XLT,Ford F-150 Lightning Pro Standard Range (4WD SR),resale_3yr_retained,81.2,percent,6.2,https://www.iseecars.com/car/ford-f-150/resale-value,2026-10-03,FACT,
gas_candidate,Ford F-150 SuperCrew 5.5-ft 4WD XLT,Ford F-150 Lightning Pro Standard Range (4WD SR),mpg_combined,20,mpg,,https://www.fueleconomy.gov/feg/bymodel/2025_ford_f150.shtml,2026-10-03,FACT,
gas_candidate,Ford F-150 SuperCrew 5.5-ft 4WD XLT,Ford F-150 Lightning Pro Standard Range (4WD SR),energy_usd_per_mi,0.2078,USD/mi,3.7,https://www.fueleconomy.gov/feg/bymodel/2025_ford_f150.shtml,2026-10-03,INFERENCE,
gas_candidate,Ford F-150 SuperCrew 5.5-ft 4WD XLT,Ford F-150 Lightning Pro Standard Range (4WD SR),maint_usd_per_mi,0.101,USD/mi,4.5,https://www.fueleconomy.gov/feg/bymodel/2025_ford_f150.shtml,2026-10-03,FACT class-level AFDC,
gas_candidate,Ford F-150 SuperCrew 5.5-ft 4WD XLT,Ford F-150 Lightning Pro Standard Range (4WD SR),service_network,10,0-10 ordinal,10,https://www.carweek.com/research/ford/f-150/2025,2026-10-03,INFERENCE,
gas_candidate,Ford F-150 SuperCrew 5.5-ft 4WD XLT,Ford F-150 Lightning Pro Standard Range (4WD SR),class_match,half_ton vs half_ton,class,10.0,https://www.kbb.com/ford/f150%20supercrew%20cab/2025/xlt-pickup-4d-5-1-2-ft/,2026-10-03,INFERENCE,
gas_candidate,Ford F-150 SuperCrew 5.5-ft 4WD XLT,Ford F-150 Lightning Pro Standard Range (4WD SR),rank_metric,8.2,0-10,8.2,https://www.kbb.com/ford/f150%20supercrew%20cab/2025/xlt-pickup-4d-5-1-2-ft/,2026-10-03,INFERENCE,
ev,Ford F-150 Lightning Pro Standard Range (4WD SR),Ford F-150 Lightning Pro Standard Range (4WD SR),TED:Range fit,10.0,0-10,10.0,https://fueleconomy.gov/feg/PowerSearch.do?action=noform&baseModel=F-150+Lightning&make=Ford&path=1&srchtyp=ymm&year1=2025&year2=2025,2026-10-03,INFERENCE,
ev,Ford F-150 Lightning Pro Standard Range (4WD SR),Ford F-150 Lightning Pro Standard Range (4WD SR),TED:Payload/cargo fit,10.0,0-10,10.0,https://fueleconomy.gov/feg/PowerSearch.do?action=noform&baseModel=F-150+Lightning&make=Ford&path=1&srchtyp=ymm&year1=2025&year2=2025,2026-10-03,INFERENCE,
ev,Ford F-150 Lightning Pro Standard Range (4WD SR),Ford F-150 Lightning Pro Standard Range (4WD SR),TED:Cab/crew fit,10.0,0-10,10.0,https://fueleconomy.gov/feg/PowerSearch.do?action=noform&baseModel=F-150+Lightning&make=Ford&path=1&srchtyp=ymm&year1=2025&year2=2025,2026-10-03,INFERENCE,
ev,Ford F-150 Lightning Pro Standard Range (4WD SR),Ford F-150 Lightning Pro Standard Range (4WD SR),TED:Tow fit,10.0,0-10,10.0,https://fueleconomy.gov/feg/PowerSearch.do?action=noform&baseModel=F-150+Lightning&make=Ford&path=1&srchtyp=ymm&year1=2025&year2=2025,2026-10-03,INFERENCE,
ev,Ford F-150 Lightning Pro Standard Range (4WD SR),Ford F-150 Lightning Pro Standard Range (4WD SR),TED:Resale (3-yr retained %),not confirmed,0-10,,https://fueleconomy.gov/feg/PowerSearch.do?action=noform&baseModel=F-150+Lightning&make=Ford&path=1&srchtyp=ymm&year1=2025&year2=2025,2026-10-03,not scored: not confirmed,
ev,Ford F-150 Lightning Pro Standard Range (4WD SR),Ford F-150 Lightning Pro Standard Range (4WD SR),TED:Reliability,not confirmed,0-10,,https://fueleconomy.gov/feg/PowerSearch.do?action=noform&baseModel=F-150+Lightning&make=Ford&path=1&srchtyp=ymm&year1=2025&year2=2025,2026-10-03,not scored: not confirmed,
ev,Ford F-150 Lightning Pro Standard Range (4WD SR),Ford F-150 Lightning Pro Standard Range (4WD SR),TED:Service network,9.0,0-10,9.0,https://fueleconomy.gov/feg/PowerSearch.do?action=noform&baseModel=F-150+Lightning&make=Ford&path=1&srchtyp=ymm&year1=2025&year2=2025,2026-10-03,INFERENCE,
ev,Ford F-150 Lightning Pro Standard Range (4WD SR),Ford F-150 Lightning Pro Standard Range (4WD SR),TED:Longevity (warranty remaining),not confirmed,0-10,,https://fueleconomy.gov/feg/PowerSearch.do?action=noform&baseModel=F-150+Lightning&make=Ford&path=1&srchtyp=ymm&year1=2025&year2=2025,2026-10-03,not scored: not confirmed,
ev,Ford F-150 Lightning Pro Standard Range (4WD SR),Ford F-150 Lightning Pro Standard Range (4WD SR),TED:Energy cents per mile,9.6,0-10,9.6,https://fueleconomy.gov/feg/PowerSearch.do?action=noform&baseModel=F-150+Lightning&make=Ford&path=1&srchtyp=ymm&year1=2025&year2=2025,2026-10-03,INFERENCE,
ev,Ford F-150 Lightning Pro Standard Range (4WD SR),Ford F-150 Lightning Pro Standard Range (4WD SR),TED:Maintenance cents per mile,8.1,0-10,8.1,https://fueleconomy.gov/feg/PowerSearch.do?action=noform&baseModel=F-150+Lightning&make=Ford&path=1&srchtyp=ymm&year1=2025&year2=2025,2026-10-03,INFERENCE,
gas_candidate,Ford F-150 SuperCrew 5.5-ft 4WD XLT,Ford F-150 Lightning Pro Standard Range (4WD SR),TED:Range fit,not confirmed,0-10,,not confirmed,2026-10-03,not scored: not confirmed,
gas_candidate,Ford F-150 SuperCrew 5.5-ft 4WD XLT,Ford F-150 Lightning Pro Standard Range (4WD SR),TED:Payload/cargo fit,9.0,0-10,9.0,not confirmed,2026-10-03,INFERENCE,
gas_candidate,Ford F-150 SuperCrew 5.5-ft 4WD XLT,Ford F-150 Lightning Pro Standard Range (4WD SR),TED:Cab/crew fit,10.0,0-10,10.0,not confirmed,2026-10-03,INFERENCE,
gas_candidate,Ford F-150 SuperCrew 5.5-ft 4WD XLT,Ford F-150 Lightning Pro Standard Range (4WD SR),TED:Tow fit,10.0,0-10,10.0,not confirmed,2026-10-03,INFERENCE,
gas_candidate,Ford F-150 SuperCrew 5.5-ft 4WD XLT,Ford F-150 Lightning Pro Standard Range (4WD SR),TED:Resale (3-yr retained %),6.2,0-10,6.2,not confirmed,2026-10-03,INFERENCE,
gas_candidate,Ford F-150 SuperCrew 5.5-ft 4WD XLT,Ford F-150 Lightning Pro Standard Range (4WD SR),TED:Reliability,not confirmed,0-10,,not confirmed,2026-10-03,not scored: not confirmed,
gas_candidate,Ford F-150 SuperCrew 5.5-ft 4WD XLT,Ford F-150 Lightning Pro Standard Range (4WD SR),TED:Service network,10.0,0-10,10.0,not confirmed,2026-10-03,INFERENCE,
gas_candidate,Ford F-150 SuperCrew 5.5-ft 4WD XLT,Ford F-150 Lightning Pro Standard Range (4WD SR),TED:Longevity (warranty remaining),not confirmed,0-10,,not confirmed,2026-10-03,not scored: not confirmed,
gas_candidate,Ford F-150 SuperCrew 5.5-ft 4WD XLT,Ford F-150 Lightning Pro Standard Range (4WD SR),TED:Energy cents per mile,3.7,0-10,3.7,not confirmed,2026-10-03,INFERENCE,
gas_candidate,Ford F-150 SuperCrew 5.5-ft 4WD XLT,Ford F-150 Lightning Pro Standard Range (4WD SR),TED:Maintenance cents per mile,4.5,0-10,4.5,not confirmed,2026-10-03,INFERENCE,
gas_candidate,GMC Sierra 1500 Crew Cab Denali 4WD short bed,Ford F-150 Lightning Pro Standard Range (4WD SR),payload,1960,lb,8.2,https://www.kbb.com/gmc/sierra-1500-crew-cab/2025/denali-pickup-4d-5-3-4-ft/,2026-10-03,FACT,yes
gas_candidate,GMC Sierra 1500 Crew Cab Denali 4WD short bed,Ford F-150 Lightning Pro Standard Range (4WD SR),tow,13000,lb,10.0,https://www.kbb.com/gmc/sierra-1500-crew-cab/2025/denali-pickup-4d-5-3-4-ft/,2026-10-03,FACT,yes
gas_candidate,GMC Sierra 1500 Crew Cab Denali 4WD short bed,Ford F-150 Lightning Pro Standard Range (4WD SR),cargo,5.75 ft bed,bed_ft_or_cuft,10.0,https://www.kbb.com/gmc/sierra-1500-crew-cab/2025/denali-pickup-4d-5-3-4-ft/,2026-10-03,FACT,
gas_candidate,GMC Sierra 1500 Crew Cab Denali 4WD short bed,Ford F-150 Lightning Pro Standard Range (4WD SR),cab,3,cab_ordinal_crew3,10.0,https://www.kbb.com/gmc/sierra-1500-crew-cab/2025/denali-pickup-4d-5-3-4-ft/,2026-10-03,FACT,
gas_candidate,GMC Sierra 1500 Crew Cab Denali 4WD short bed,Ford F-150 Lightning Pro Standard Range (4WD SR),range,not confirmed,mi,,not confirmed,2026-10-03,UNKNOWN,no
gas_candidate,GMC Sierra 1500 Crew Cab Denali 4WD short bed,Ford F-150 Lightning Pro Standard Range (4WD SR),tow_range,not confirmed,mi,,https://www.kbb.com/gmc/sierra-1500-crew-cab/2025/denali-pickup-4d-5-3-4-ft/,2026-10-03,UNKNOWN,
gas_candidate,GMC Sierra 1500 Crew Cab Denali 4WD short bed,Ford F-150 Lightning Pro Standard Range (4WD SR),msrp,67595,usd,7.3,https://www.kbb.com/gmc/sierra-1500-crew-cab/2025/,2026-10-03,FACT,yes
gas_candidate,GMC Sierra 1500 Crew Cab Denali 4WD short bed,Ford F-150 Lightning Pro Standard Range (4WD SR),resale_3yr_retained,not confirmed,percent,,https://www.iseecars.com/resale-value/trucks,2026-10-03,UNKNOWN,
gas_candidate,GMC Sierra 1500 Crew Cab Denali 4WD short bed,Ford F-150 Lightning Pro Standard Range (4WD SR),mpg_combined,17,mpg,,https://www.kbb.com/gmc/sierra-1500-crew-cab/2025/denali-pickup-4d-5-3-4-ft/,2026-10-03,FACT,
gas_candidate,GMC Sierra 1500 Crew Cab Denali 4WD short bed,Ford F-150 Lightning Pro Standard Range (4WD SR),energy_usd_per_mi,0.2444,USD/mi,2.2,https://www.kbb.com/gmc/sierra-1500-crew-cab/2025/denali-pickup-4d-5-3-4-ft/,2026-10-03,INFERENCE,
gas_candidate,GMC Sierra 1500 Crew Cab Denali 4WD short bed,Ford F-150 Lightning Pro Standard Range (4WD SR),maint_usd_per_mi,0.101,USD/mi,4.5,https://www.kbb.com/gmc/sierra-1500-crew-cab/2025/denali-pickup-4d-5-3-4-ft/,2026-10-03,FACT class-level AFDC,
gas_candidate,GMC Sierra 1500 Crew Cab Denali 4WD short bed,Ford F-150 Lightning Pro Standard Range (4WD SR),service_network,9,0-10 ordinal,9,https://www.kbb.com/gmc/sierra-1500-crew-cab/2025/,2026-10-03,INFERENCE,
gas_candidate,GMC Sierra 1500 Crew Cab Denali 4WD short bed,Ford F-150 Lightning Pro Standard Range (4WD SR),class_match,half_ton vs half_ton,class,10.0,https://www.kbb.com/gmc/sierra-1500-crew-cab/2025/denali-pickup-4d-5-3-4-ft/,2026-10-03,INFERENCE,
gas_candidate,GMC Sierra 1500 Crew Cab Denali 4WD short bed,Ford F-150 Lightning Pro Standard Range (4WD SR),rank_metric,7.8,0-10,7.8,https://www.kbb.com/gmc/sierra-1500-crew-cab/2025/denali-pickup-4d-5-3-4-ft/,2026-10-03,INFERENCE,
ev,Ford F-150 Lightning Pro Standard Range (4WD SR),Ford F-150 Lightning Pro Standard Range (4WD SR),TED:Range fit,10.0,0-10,10.0,https://fueleconomy.gov/feg/PowerSearch.do?action=noform&baseModel=F-150+Lightning&make=Ford&path=1&srchtyp=ymm&year1=2025&year2=2025,2026-10-03,INFERENCE,
ev,Ford F-150 Lightning Pro Standard Range (4WD SR),Ford F-150 Lightning Pro Standard Range (4WD SR),TED:Payload/cargo fit,10.0,0-10,10.0,https://fueleconomy.gov/feg/PowerSearch.do?action=noform&baseModel=F-150+Lightning&make=Ford&path=1&srchtyp=ymm&year1=2025&year2=2025,2026-10-03,INFERENCE,
ev,Ford F-150 Lightning Pro Standard Range (4WD SR),Ford F-150 Lightning Pro Standard Range (4WD SR),TED:Cab/crew fit,10.0,0-10,10.0,https://fueleconomy.gov/feg/PowerSearch.do?action=noform&baseModel=F-150+Lightning&make=Ford&path=1&srchtyp=ymm&year1=2025&year2=2025,2026-10-03,INFERENCE,
ev,Ford F-150 Lightning Pro Standard Range (4WD SR),Ford F-150 Lightning Pro Standard Range (4WD SR),TED:Tow fit,10.0,0-10,10.0,https://fueleconomy.gov/feg/PowerSearch.do?action=noform&baseModel=F-150+Lightning&make=Ford&path=1&srchtyp=ymm&year1=2025&year2=2025,2026-10-03,INFERENCE,
ev,Ford F-150 Lightning Pro Standard Range (4WD SR),Ford F-150 Lightning Pro Standard Range (4WD SR),TED:Resale (3-yr retained %),not confirmed,0-10,,https://fueleconomy.gov/feg/PowerSearch.do?action=noform&baseModel=F-150+Lightning&make=Ford&path=1&srchtyp=ymm&year1=2025&year2=2025,2026-10-03,not scored: not confirmed,
ev,Ford F-150 Lightning Pro Standard Range (4WD SR),Ford F-150 Lightning Pro Standard Range (4WD SR),TED:Reliability,not confirmed,0-10,,https://fueleconomy.gov/feg/PowerSearch.do?action=noform&baseModel=F-150+Lightning&make=Ford&path=1&srchtyp=ymm&year1=2025&year2=2025,2026-10-03,not scored: not confirmed,
ev,Ford F-150 Lightning Pro Standard Range (4WD SR),Ford F-150 Lightning Pro Standard Range (4WD SR),TED:Service network,9.0,0-10,9.0,https://fueleconomy.gov/feg/PowerSearch.do?action=noform&baseModel=F-150+Lightning&make=Ford&path=1&srchtyp=ymm&year1=2025&year2=2025,2026-10-03,INFERENCE,
ev,Ford F-150 Lightning Pro Standard Range (4WD SR),Ford F-150 Lightning Pro Standard Range (4WD SR),TED:Longevity (warranty remaining),not confirmed,0-10,,https://fueleconomy.gov/feg/PowerSearch.do?action=noform&baseModel=F-150+Lightning&make=Ford&path=1&srchtyp=ymm&year1=2025&year2=2025,2026-10-03,not scored: not confirmed,
ev,Ford F-150 Lightning Pro Standard Range (4WD SR),Ford F-150 Lightning Pro Standard Range (4WD SR),TED:Energy cents per mile,9.6,0-10,9.6,https://fueleconomy.gov/feg/PowerSearch.do?action=noform&baseModel=F-150+Lightning&make=Ford&path=1&srchtyp=ymm&year1=2025&year2=2025,2026-10-03,INFERENCE,
ev,Ford F-150 Lightning Pro Standard Range (4WD SR),Ford F-150 Lightning Pro Standard Range (4WD SR),TED:Maintenance cents per mile,8.1,0-10,8.1,https://fueleconomy.gov/feg/PowerSearch.do?action=noform&baseModel=F-150+Lightning&make=Ford&path=1&srchtyp=ymm&year1=2025&year2=2025,2026-10-03,INFERENCE,
gas_candidate,GMC Sierra 1500 Crew Cab Denali 4WD short bed,Ford F-150 Lightning Pro Standard Range (4WD SR),TED:Range fit,not confirmed,0-10,,not confirmed,2026-10-03,not scored: not confirmed,
gas_candidate,GMC Sierra 1500 Crew Cab Denali 4WD short bed,Ford F-150 Lightning Pro Standard Range (4WD SR),TED:Payload/cargo fit,8.2,0-10,8.2,not confirmed,2026-10-03,INFERENCE,
gas_candidate,GMC Sierra 1500 Crew Cab Denali 4WD short bed,Ford F-150 Lightning Pro Standard Range (4WD SR),TED:Cab/crew fit,10.0,0-10,10.0,not confirmed,2026-10-03,INFERENCE,
gas_candidate,GMC Sierra 1500 Crew Cab Denali 4WD short bed,Ford F-150 Lightning Pro Standard Range (4WD SR),TED:Tow fit,10.0,0-10,10.0,not confirmed,2026-10-03,INFERENCE,
gas_candidate,GMC Sierra 1500 Crew Cab Denali 4WD short bed,Ford F-150 Lightning Pro Standard Range (4WD SR),TED:Resale (3-yr retained %),not confirmed,0-10,,not confirmed,2026-10-03,not scored: not confirmed,
gas_candidate,GMC Sierra 1500 Crew Cab Denali 4WD short bed,Ford F-150 Lightning Pro Standard Range (4WD SR),TED:Reliability,not confirmed,0-10,,not confirmed,2026-10-03,not scored: not confirmed,
gas_candidate,GMC Sierra 1500 Crew Cab Denali 4WD short bed,Ford F-150 Lightning Pro Standard Range (4WD SR),TED:Service network,9.0,0-10,9.0,not confirmed,2026-10-03,INFERENCE,
gas_candidate,GMC Sierra 1500 Crew Cab Denali 4WD short bed,Ford F-150 Lightning Pro Standard Range (4WD SR),TED:Longevity (warranty remaining),not confirmed,0-10,,not confirmed,2026-10-03,not scored: not confirmed,
gas_candidate,GMC Sierra 1500 Crew Cab Denali 4WD short bed,Ford F-150 Lightning Pro Standard Range (4WD SR),TED:Energy cents per mile,2.2,0-10,2.2,not confirmed,2026-10-03,INFERENCE,
gas_candidate,GMC Sierra 1500 Crew Cab Denali 4WD short bed,Ford F-150 Lightning Pro Standard Range (4WD SR),TED:Maintenance cents per mile,4.5,0-10,4.5,not confirmed,2026-10-03,INFERENCE,
gas_candidate,Chevrolet Silverado 1500 Crew Cab short bed 4WD WT,Ford F-150 Lightning Pro Standard Range (4WD SR),payload,not confirmed,lb,,not confirmed,2026-10-03,UNKNOWN,no
gas_candidate,Chevrolet Silverado 1500 Crew Cab short bed 4WD WT,Ford F-150 Lightning Pro Standard Range (4WD SR),tow,9400,lb,10.0,https://cars.usnews.com/cars-trucks/chevrolet/silverado-1500/2025/specs/silverado-1500-crew-cab-short-box-4-wheel-drive-wt-458792,2026-10-03,FACT,yes
gas_candidate,Chevrolet Silverado 1500 Crew Cab short bed 4WD WT,Ford F-150 Lightning Pro Standard Range (4WD SR),cargo,5.8 ft bed,bed_ft_or_cuft,10.0,not confirmed,2026-10-03,FACT,no
gas_candidate,Chevrolet Silverado 1500 Crew Cab short bed 4WD WT,Ford F-150 Lightning Pro Standard Range (4WD SR),cab,3,cab_ordinal_crew3,10.0,https://cars.usnews.com/cars-trucks/chevrolet/silverado-1500/2025/specs/silverado-1500-crew-cab-short-box-4-wheel-drive-wt-458792,2026-10-03,FACT,
gas_candidate,Chevrolet Silverado 1500 Crew Cab short bed 4WD WT,Ford F-150 Lightning Pro Standard Range (4WD SR),range,not confirmed,mi,,not confirmed,2026-10-03,UNKNOWN,no
gas_candidate,Chevrolet Silverado 1500 Crew Cab short bed 4WD WT,Ford F-150 Lightning Pro Standard Range (4WD SR),tow_range,not confirmed,mi,,https://cars.usnews.com/cars-trucks/chevrolet/silverado-1500/2025/specs/silverado-1500-crew-cab-short-box-4-wheel-drive-wt-458792,2026-10-03,UNKNOWN,
gas_candidate,Chevrolet Silverado 1500 Crew Cab short bed 4WD WT,Ford F-150 Lightning Pro Standard Range (4WD SR),msrp,46000,usd,10.0,https://www.cars.com/research/chevrolet-silverado_1500-2025/,2026-10-03,FACT,yes
gas_candidate,Chevrolet Silverado 1500 Crew Cab short bed 4WD WT,Ford F-150 Lightning Pro Standard Range (4WD SR),resale_3yr_retained,not confirmed,percent,,not confirmed,2026-10-03,UNKNOWN,
gas_candidate,Chevrolet Silverado 1500 Crew Cab short bed 4WD WT,Ford F-150 Lightning Pro Standard Range (4WD SR),mpg_combined,18,mpg,,https://cars.usnews.com/cars-trucks/chevrolet/silverado-1500/2025/specs/silverado-1500-crew-cab-short-box-4-wheel-drive-wt-458792,2026-10-03,FACT,
gas_candidate,Chevrolet Silverado 1500 Crew Cab short bed 4WD WT,Ford F-150 Lightning Pro Standard Range (4WD SR),energy_usd_per_mi,0.2308,USD/mi,2.8,https://cars.usnews.com/cars-trucks/chevrolet/silverado-1500/2025/specs/silverado-1500-crew-cab-short-box-4-wheel-drive-wt-458792,2026-10-03,INFERENCE,
gas_candidate,Chevrolet Silverado 1500 Crew Cab short bed 4WD WT,Ford F-150 Lightning Pro Standard Range (4WD SR),maint_usd_per_mi,0.101,USD/mi,4.5,https://cars.usnews.com/cars-trucks/chevrolet/silverado-1500/2025/specs/silverado-1500-crew-cab-short-box-4-wheel-drive-wt-458792,2026-10-03,FACT class-level AFDC,
gas_candidate,Chevrolet Silverado 1500 Crew Cab short bed 4WD WT,Ford F-150 Lightning Pro Standard Range (4WD SR),service_network,10,0-10 ordinal,10,https://www.cars.com/research/chevrolet-silverado_1500-2025/,2026-10-03,INFERENCE,
gas_candidate,Chevrolet Silverado 1500 Crew Cab short bed 4WD WT,Ford F-150 Lightning Pro Standard Range (4WD SR),class_match,half_ton vs half_ton,class,10.0,not confirmed,2026-10-03,INFERENCE,
gas_candidate,Chevrolet Silverado 1500 Crew Cab short bed 4WD WT,Ford F-150 Lightning Pro Standard Range (4WD SR),rank_metric,6.7,0-10,6.7,not confirmed,2026-10-03,INFERENCE,
ev,Ford F-150 Lightning Pro Standard Range (4WD SR),Ford F-150 Lightning Pro Standard Range (4WD SR),TED:Range fit,10.0,0-10,10.0,https://fueleconomy.gov/feg/PowerSearch.do?action=noform&baseModel=F-150+Lightning&make=Ford&path=1&srchtyp=ymm&year1=2025&year2=2025,2026-10-03,INFERENCE,
ev,Ford F-150 Lightning Pro Standard Range (4WD SR),Ford F-150 Lightning Pro Standard Range (4WD SR),TED:Payload/cargo fit,10.0,0-10,10.0,https://fueleconomy.gov/feg/PowerSearch.do?action=noform&baseModel=F-150+Lightning&make=Ford&path=1&srchtyp=ymm&year1=2025&year2=2025,2026-10-03,INFERENCE,
ev,Ford F-150 Lightning Pro Standard Range (4WD SR),Ford F-150 Lightning Pro Standard Range (4WD SR),TED:Cab/crew fit,10.0,0-10,10.0,https://fueleconomy.gov/feg/PowerSearch.do?action=noform&baseModel=F-150+Lightning&make=Ford&path=1&srchtyp=ymm&year1=2025&year2=2025,2026-10-03,INFERENCE,
ev,Ford F-150 Lightning Pro Standard Range (4WD SR),Ford F-150 Lightning Pro Standard Range (4WD SR),TED:Tow fit,10.0,0-10,10.0,https://fueleconomy.gov/feg/PowerSearch.do?action=noform&baseModel=F-150+Lightning&make=Ford&path=1&srchtyp=ymm&year1=2025&year2=2025,2026-10-03,INFERENCE,
ev,Ford F-150 Lightning Pro Standard Range (4WD SR),Ford F-150 Lightning Pro Standard Range (4WD SR),TED:Resale (3-yr retained %),not confirmed,0-10,,https://fueleconomy.gov/feg/PowerSearch.do?action=noform&baseModel=F-150+Lightning&make=Ford&path=1&srchtyp=ymm&year1=2025&year2=2025,2026-10-03,not scored: not confirmed,
ev,Ford F-150 Lightning Pro Standard Range (4WD SR),Ford F-150 Lightning Pro Standard Range (4WD SR),TED:Reliability,not confirmed,0-10,,https://fueleconomy.gov/feg/PowerSearch.do?action=noform&baseModel=F-150+Lightning&make=Ford&path=1&srchtyp=ymm&year1=2025&year2=2025,2026-10-03,not scored: not confirmed,
ev,Ford F-150 Lightning Pro Standard Range (4WD SR),Ford F-150 Lightning Pro Standard Range (4WD SR),TED:Service network,9.0,0-10,9.0,https://fueleconomy.gov/feg/PowerSearch.do?action=noform&baseModel=F-150+Lightning&make=Ford&path=1&srchtyp=ymm&year1=2025&year2=2025,2026-10-03,INFERENCE,
ev,Ford F-150 Lightning Pro Standard Range (4WD SR),Ford F-150 Lightning Pro Standard Range (4WD SR),TED:Longevity (warranty remaining),not confirmed,0-10,,https://fueleconomy.gov/feg/PowerSearch.do?action=noform&baseModel=F-150+Lightning&make=Ford&path=1&srchtyp=ymm&year1=2025&year2=2025,2026-10-03,not scored: not confirmed,
ev,Ford F-150 Lightning Pro Standard Range (4WD SR),Ford F-150 Lightning Pro Standard Range (4WD SR),TED:Energy cents per mile,9.6,0-10,9.6,https://fueleconomy.gov/feg/PowerSearch.do?action=noform&baseModel=F-150+Lightning&make=Ford&path=1&srchtyp=ymm&year1=2025&year2=2025,2026-10-03,INFERENCE,
ev,Ford F-150 Lightning Pro Standard Range (4WD SR),Ford F-150 Lightning Pro Standard Range (4WD SR),TED:Maintenance cents per mile,8.1,0-10,8.1,https://fueleconomy.gov/feg/PowerSearch.do?action=noform&baseModel=F-150+Lightning&make=Ford&path=1&srchtyp=ymm&year1=2025&year2=2025,2026-10-03,INFERENCE,
gas_candidate,Chevrolet Silverado 1500 Crew Cab short bed 4WD WT,Ford F-150 Lightning Pro Standard Range (4WD SR),TED:Range fit,not confirmed,0-10,,not confirmed,2026-10-03,not scored: not confirmed,
gas_candidate,Chevrolet Silverado 1500 Crew Cab short bed 4WD WT,Ford F-150 Lightning Pro Standard Range (4WD SR),TED:Payload/cargo fit,not confirmed,0-10,,not confirmed,2026-10-03,not scored: not confirmed,
gas_candidate,Chevrolet Silverado 1500 Crew Cab short bed 4WD WT,Ford F-150 Lightning Pro Standard Range (4WD SR),TED:Cab/crew fit,10.0,0-10,10.0,not confirmed,2026-10-03,INFERENCE,
gas_candidate,Chevrolet Silverado 1500 Crew Cab short bed 4WD WT,Ford F-150 Lightning Pro Standard Range (4WD SR),TED:Tow fit,10.0,0-10,10.0,not confirmed,2026-10-03,INFERENCE,
gas_candidate,Chevrolet Silverado 1500 Crew Cab short bed 4WD WT,Ford F-150 Lightning Pro Standard Range (4WD SR),TED:Resale (3-yr retained %),not confirmed,0-10,,not confirmed,2026-10-03,not scored: not confirmed,
gas_candidate,Chevrolet Silverado 1500 Crew Cab short bed 4WD WT,Ford F-150 Lightning Pro Standard Range (4WD SR),TED:Reliability,not confirmed,0-10,,not confirmed,2026-10-03,not scored: not confirmed,
gas_candidate,Chevrolet Silverado 1500 Crew Cab short bed 4WD WT,Ford F-150 Lightning Pro Standard Range (4WD SR),TED:Service network,10.0,0-10,10.0,not confirmed,2026-10-03,INFERENCE,
gas_candidate,Chevrolet Silverado 1500 Crew Cab short bed 4WD WT,Ford F-150 Lightning Pro Standard Range (4WD SR),TED:Longevity (warranty remaining),not confirmed,0-10,,not confirmed,2026-10-03,not scored: not confirmed,
gas_candidate,Chevrolet Silverado 1500 Crew Cab short bed 4WD WT,Ford F-150 Lightning Pro Standard Range (4WD SR),TED:Energy cents per mile,2.8,0-10,2.8,not confirmed,2026-10-03,INFERENCE,
gas_candidate,Chevrolet Silverado 1500 Crew Cab short bed 4WD WT,Ford F-150 Lightning Pro Standard Range (4WD SR),TED:Maintenance cents per mile,4.5,0-10,4.5,not confirmed,2026-10-03,INFERENCE,
gas_candidate,Ram 1500 Crew Cab Tradesman 4x4 5.6-ft,Ford F-150 Lightning Pro Standard Range (4WD SR),payload,1770,lb,7.2,https://www.kbb.com/ram/1500-crew-cab/2025/specs/,2026-10-03,FACT,yes
gas_candidate,Ram 1500 Crew Cab Tradesman 4x4 5.6-ft,Ford F-150 Lightning Pro Standard Range (4WD SR),tow,not confirmed,lb,,not confirmed,2026-10-03,UNKNOWN,no
gas_candidate,Ram 1500 Crew Cab Tradesman 4x4 5.6-ft,Ford F-150 Lightning Pro Standard Range (4WD SR),cargo,5.6 ft bed,bed_ft_or_cuft,10.0,https://www.kbb.com/ram/1500-crew-cab/2025/specs/,2026-10-03,FACT,
gas_candidate,Ram 1500 Crew Cab Tradesman 4x4 5.6-ft,Ford F-150 Lightning Pro Standard Range (4WD SR),cab,3,cab_ordinal_crew3,10.0,https://www.kbb.com/ram/1500-crew-cab/2025/specs/,2026-10-03,FACT,
gas_candidate,Ram 1500 Crew Cab Tradesman 4x4 5.6-ft,Ford F-150 Lightning Pro Standard Range (4WD SR),range,not confirmed,mi,,not confirmed,2026-10-03,UNKNOWN,no
gas_candidate,Ram 1500 Crew Cab Tradesman 4x4 5.6-ft,Ford F-150 Lightning Pro Standard Range (4WD SR),tow_range,not confirmed,mi,,not confirmed,2026-10-03,UNKNOWN,
gas_candidate,Ram 1500 Crew Cab Tradesman 4x4 5.6-ft,Ford F-150 Lightning Pro Standard Range (4WD SR),msrp,46875,usd,10.0,https://www.iseecars.com/car/2025-ram-ram_pickup_1500-price,2026-10-03,FACT,yes
gas_candidate,Ram 1500 Crew Cab Tradesman 4x4 5.6-ft,Ford F-150 Lightning Pro Standard Range (4WD SR),resale_3yr_retained,not confirmed,percent,,https://www.iseecars.com/resale-value/trucks,2026-10-03,UNKNOWN,
gas_candidate,Ram 1500 Crew Cab Tradesman 4x4 5.6-ft,Ford F-150 Lightning Pro Standard Range (4WD SR),mpg_combined,19,mpg,,https://www.kbb.com/ram/1500-crew-cab/2025/specs/,2026-10-03,FACT,
gas_candidate,Ram 1500 Crew Cab Tradesman 4x4 5.6-ft,Ford F-150 Lightning Pro Standard Range (4WD SR),energy_usd_per_mi,0.2187,USD/mi,3.3,https://www.kbb.com/ram/1500-crew-cab/2025/specs/,2026-10-03,INFERENCE,
gas_candidate,Ram 1500 Crew Cab Tradesman 4x4 5.6-ft,Ford F-150 Lightning Pro Standard Range (4WD SR),maint_usd_per_mi,0.101,USD/mi,4.5,https://www.kbb.com/ram/1500-crew-cab/2025/specs/,2026-10-03,FACT class-level AFDC,
gas_candidate,Ram 1500 Crew Cab Tradesman 4x4 5.6-ft,Ford F-150 Lightning Pro Standard Range (4WD SR),service_network,9,0-10 ordinal,9,https://www.iseecars.com/car/2025-ram-ram_pickup_1500-price,2026-10-03,INFERENCE,
gas_candidate,Ram 1500 Crew Cab Tradesman 4x4 5.6-ft,Ford F-150 Lightning Pro Standard Range (4WD SR),class_match,half_ton vs half_ton,class,10.0,https://www.kbb.com/ram/1500-crew-cab/2025/specs/,2026-10-03,INFERENCE,
gas_candidate,Ram 1500 Crew Cab Tradesman 4x4 5.6-ft,Ford F-150 Lightning Pro Standard Range (4WD SR),rank_metric,6.4,0-10,6.4,https://www.kbb.com/ram/1500-crew-cab/2025/specs/,2026-10-03,INFERENCE,
ev,Ford F-150 Lightning Pro Standard Range (4WD SR),Ford F-150 Lightning Pro Standard Range (4WD SR),TED:Range fit,10.0,0-10,10.0,https://fueleconomy.gov/feg/PowerSearch.do?action=noform&baseModel=F-150+Lightning&make=Ford&path=1&srchtyp=ymm&year1=2025&year2=2025,2026-10-03,INFERENCE,
ev,Ford F-150 Lightning Pro Standard Range (4WD SR),Ford F-150 Lightning Pro Standard Range (4WD SR),TED:Payload/cargo fit,10.0,0-10,10.0,https://fueleconomy.gov/feg/PowerSearch.do?action=noform&baseModel=F-150+Lightning&make=Ford&path=1&srchtyp=ymm&year1=2025&year2=2025,2026-10-03,INFERENCE,
ev,Ford F-150 Lightning Pro Standard Range (4WD SR),Ford F-150 Lightning Pro Standard Range (4WD SR),TED:Cab/crew fit,10.0,0-10,10.0,https://fueleconomy.gov/feg/PowerSearch.do?action=noform&baseModel=F-150+Lightning&make=Ford&path=1&srchtyp=ymm&year1=2025&year2=2025,2026-10-03,INFERENCE,
ev,Ford F-150 Lightning Pro Standard Range (4WD SR),Ford F-150 Lightning Pro Standard Range (4WD SR),TED:Tow fit,10.0,0-10,10.0,https://fueleconomy.gov/feg/PowerSearch.do?action=noform&baseModel=F-150+Lightning&make=Ford&path=1&srchtyp=ymm&year1=2025&year2=2025,2026-10-03,INFERENCE,
ev,Ford F-150 Lightning Pro Standard Range (4WD SR),Ford F-150 Lightning Pro Standard Range (4WD SR),TED:Resale (3-yr retained %),not confirmed,0-10,,https://fueleconomy.gov/feg/PowerSearch.do?action=noform&baseModel=F-150+Lightning&make=Ford&path=1&srchtyp=ymm&year1=2025&year2=2025,2026-10-03,not scored: not confirmed,
ev,Ford F-150 Lightning Pro Standard Range (4WD SR),Ford F-150 Lightning Pro Standard Range (4WD SR),TED:Reliability,not confirmed,0-10,,https://fueleconomy.gov/feg/PowerSearch.do?action=noform&baseModel=F-150+Lightning&make=Ford&path=1&srchtyp=ymm&year1=2025&year2=2025,2026-10-03,not scored: not confirmed,
ev,Ford F-150 Lightning Pro Standard Range (4WD SR),Ford F-150 Lightning Pro Standard Range (4WD SR),TED:Service network,9.0,0-10,9.0,https://fueleconomy.gov/feg/PowerSearch.do?action=noform&baseModel=F-150+Lightning&make=Ford&path=1&srchtyp=ymm&year1=2025&year2=2025,2026-10-03,INFERENCE,
ev,Ford F-150 Lightning Pro Standard Range (4WD SR),Ford F-150 Lightning Pro Standard Range (4WD SR),TED:Longevity (warranty remaining),not confirmed,0-10,,https://fueleconomy.gov/feg/PowerSearch.do?action=noform&baseModel=F-150+Lightning&make=Ford&path=1&srchtyp=ymm&year1=2025&year2=2025,2026-10-03,not scored: not confirmed,
ev,Ford F-150 Lightning Pro Standard Range (4WD SR),Ford F-150 Lightning Pro Standard Range (4WD SR),TED:Energy cents per mile,9.6,0-10,9.6,https://fueleconomy.gov/feg/PowerSearch.do?action=noform&baseModel=F-150+Lightning&make=Ford&path=1&srchtyp=ymm&year1=2025&year2=2025,2026-10-03,INFERENCE,
ev,Ford F-150 Lightning Pro Standard Range (4WD SR),Ford F-150 Lightning Pro Standard Range (4WD SR),TED:Maintenance cents per mile,8.1,0-10,8.1,https://fueleconomy.gov/feg/PowerSearch.do?action=noform&baseModel=F-150+Lightning&make=Ford&path=1&srchtyp=ymm&year1=2025&year2=2025,2026-10-03,INFERENCE,
gas_candidate,Ram 1500 Crew Cab Tradesman 4x4 5.6-ft,Ford F-150 Lightning Pro Standard Range (4WD SR),TED:Range fit,not confirmed,0-10,,not confirmed,2026-10-03,not scored: not confirmed,
gas_candidate,Ram 1500 Crew Cab Tradesman 4x4 5.6-ft,Ford F-150 Lightning Pro Standard Range (4WD SR),TED:Payload/cargo fit,7.2,0-10,7.2,not confirmed,2026-10-03,INFERENCE,
gas_candidate,Ram 1500 Crew Cab Tradesman 4x4 5.6-ft,Ford F-150 Lightning Pro Standard Range (4WD SR),TED:Cab/crew fit,10.0,0-10,10.0,not confirmed,2026-10-03,INFERENCE,
gas_candidate,Ram 1500 Crew Cab Tradesman 4x4 5.6-ft,Ford F-150 Lightning Pro Standard Range (4WD SR),TED:Tow fit,not confirmed,0-10,,not confirmed,2026-10-03,not scored: not confirmed,
gas_candidate,Ram 1500 Crew Cab Tradesman 4x4 5.6-ft,Ford F-150 Lightning Pro Standard Range (4WD SR),TED:Resale (3-yr retained %),not confirmed,0-10,,not confirmed,2026-10-03,not scored: not confirmed,
gas_candidate,Ram 1500 Crew Cab Tradesman 4x4 5.6-ft,Ford F-150 Lightning Pro Standard Range (4WD SR),TED:Reliability,not confirmed,0-10,,not confirmed,2026-10-03,not scored: not confirmed,
gas_candidate,Ram 1500 Crew Cab Tradesman 4x4 5.6-ft,Ford F-150 Lightning Pro Standard Range (4WD SR),TED:Service network,9.0,0-10,9.0,not confirmed,2026-10-03,INFERENCE,
gas_candidate,Ram 1500 Crew Cab Tradesman 4x4 5.6-ft,Ford F-150 Lightning Pro Standard Range (4WD SR),TED:Longevity (warranty remaining),not confirmed,0-10,,not confirmed,2026-10-03,not scored: not confirmed,
gas_candidate,Ram 1500 Crew Cab Tradesman 4x4 5.6-ft,Ford F-150 Lightning Pro Standard Range (4WD SR),TED:Energy cents per mile,3.3,0-10,3.3,not confirmed,2026-10-03,INFERENCE,
gas_candidate,Ram 1500 Crew Cab Tradesman 4x4 5.6-ft,Ford F-150 Lightning Pro Standard Range (4WD SR),TED:Maintenance cents per mile,4.5,0-10,4.5,not confirmed,2026-10-03,INFERENCE,
ev,Ford F-150 Lightning Flash Extended Range,Ford F-150 Lightning Flash Extended Range,payload,2226,lb,,https://www.kbb.com/ford/f150-lightning/2025/specs/,2026-10-03,FACT,yes
ev,Ford F-150 Lightning Flash Extended Range,Ford F-150 Lightning Flash Extended Range,tow,10000,lb,,https://www.kbb.com/ford/f150-lightning/2025/specs/,2026-10-03,FACT,yes
ev,Ford F-150 Lightning Flash Extended Range,Ford F-150 Lightning Flash Extended Range,cargo,5.5 ft bed,bed_ft_or_cuft,,https://www.kbb.com/ford/f150-lightning/2025/specs/,2026-10-03,FACT,
ev,Ford F-150 Lightning Flash Extended Range,Ford F-150 Lightning Flash Extended Range,cab,3,cab_ordinal_crew3,,https://www.kbb.com/ford/f150-lightning/2025/specs/,2026-10-03,FACT,
ev,Ford F-150 Lightning Flash Extended Range,Ford F-150 Lightning Flash Extended Range,range,300,mi,,https://fueleconomy.gov/feg/PowerSearch.do?action=noform&baseModel=F-150+Lightning&make=Ford&path=1&srchtyp=ymm&year1=2025&year2=2025,2026-10-03,FACT,yes
ev,Ford F-150 Lightning Flash Extended Range,Ford F-150 Lightning Flash Extended Range,tow_range,not confirmed,mi,,https://www.kbb.com/ford/f150-lightning/2025/specs/,2026-10-03,UNKNOWN,
ev,Ford F-150 Lightning Flash Extended Range,Ford F-150 Lightning Flash Extended Range,msrp,72190,usd,,https://www.kbb.com/ford/f150-lightning/2025/specs/,2026-10-03,FACT,yes
ev,Ford F-150 Lightning Flash Extended Range,Ford F-150 Lightning Flash Extended Range,resale_3yr_retained,not confirmed,percent,,https://www.iseecars.com/car/ford-f-150-lightning,2026-10-03,UNKNOWN,
ev,Ford F-150 Lightning Flash Extended Range,Ford F-150 Lightning Flash Extended Range,efficiency_kwh_100mi,47.5,kWh/100mi,,https://www.fueleconomy.gov/feg/bymodel/2025_Ford_F-150_Lightning.shtml,2026-10-03,FACT,
ev,Ford F-150 Lightning Flash Extended Range,Ford F-150 Lightning Flash Extended Range,energy_usd_per_mi,0.0582,USD/mi,,https://www.fueleconomy.gov/feg/bymodel/2025_Ford_F-150_Lightning.shtml,2026-10-03,INFERENCE,
ev,Ford F-150 Lightning Flash Extended Range,Ford F-150 Lightning Flash Extended Range,maint_usd_per_mi,0.061,USD/mi,,https://www.fueleconomy.gov/feg/bymodel/2025_Ford_F-150_Lightning.shtml,2026-10-03,FACT class-level AFDC,
ev,Ford F-150 Lightning Flash Extended Range,Ford F-150 Lightning Flash Extended Range,service_network,9,0-10 ordinal,9,https://www.kbb.com/ford/f150-lightning/2025/specs/,2026-10-03,INFERENCE,
gas_candidate,GMC Sierra 1500 Crew Cab Denali 4WD short bed,Ford F-150 Lightning Flash Extended Range,payload,1960,lb,8.7,https://www.kbb.com/gmc/sierra-1500-crew-cab/2025/denali-pickup-4d-5-3-4-ft/,2026-10-03,FACT,yes
gas_candidate,GMC Sierra 1500 Crew Cab Denali 4WD short bed,Ford F-150 Lightning Flash Extended Range,tow,13000,lb,10.0,https://www.kbb.com/gmc/sierra-1500-crew-cab/2025/denali-pickup-4d-5-3-4-ft/,2026-10-03,FACT,yes
gas_candidate,GMC Sierra 1500 Crew Cab Denali 4WD short bed,Ford F-150 Lightning Flash Extended Range,cargo,5.75 ft bed,bed_ft_or_cuft,10.0,https://www.kbb.com/gmc/sierra-1500-crew-cab/2025/denali-pickup-4d-5-3-4-ft/,2026-10-03,FACT,
gas_candidate,GMC Sierra 1500 Crew Cab Denali 4WD short bed,Ford F-150 Lightning Flash Extended Range,cab,3,cab_ordinal_crew3,10.0,https://www.kbb.com/gmc/sierra-1500-crew-cab/2025/denali-pickup-4d-5-3-4-ft/,2026-10-03,FACT,
gas_candidate,GMC Sierra 1500 Crew Cab Denali 4WD short bed,Ford F-150 Lightning Flash Extended Range,range,not confirmed,mi,,not confirmed,2026-10-03,UNKNOWN,no
gas_candidate,GMC Sierra 1500 Crew Cab Denali 4WD short bed,Ford F-150 Lightning Flash Extended Range,tow_range,not confirmed,mi,,https://www.kbb.com/gmc/sierra-1500-crew-cab/2025/denali-pickup-4d-5-3-4-ft/,2026-10-03,UNKNOWN,
gas_candidate,GMC Sierra 1500 Crew Cab Denali 4WD short bed,Ford F-150 Lightning Flash Extended Range,msrp,67595,usd,10.0,https://www.kbb.com/gmc/sierra-1500-crew-cab/2025/,2026-10-03,FACT,yes
gas_candidate,GMC Sierra 1500 Crew Cab Denali 4WD short bed,Ford F-150 Lightning Flash Extended Range,resale_3yr_retained,not confirmed,percent,,https://www.iseecars.com/resale-value/trucks,2026-10-03,UNKNOWN,
gas_candidate,GMC Sierra 1500 Crew Cab Denali 4WD short bed,Ford F-150 Lightning Flash Extended Range,mpg_combined,17,mpg,,https://www.kbb.com/gmc/sierra-1500-crew-cab/2025/denali-pickup-4d-5-3-4-ft/,2026-10-03,FACT,
gas_candidate,GMC Sierra 1500 Crew Cab Denali 4WD short bed,Ford F-150 Lightning Flash Extended Range,energy_usd_per_mi,0.2444,USD/mi,2.2,https://www.kbb.com/gmc/sierra-1500-crew-cab/2025/denali-pickup-4d-5-3-4-ft/,2026-10-03,INFERENCE,
gas_candidate,GMC Sierra 1500 Crew Cab Denali 4WD short bed,Ford F-150 Lightning Flash Extended Range,maint_usd_per_mi,0.101,USD/mi,4.5,https://www.kbb.com/gmc/sierra-1500-crew-cab/2025/denali-pickup-4d-5-3-4-ft/,2026-10-03,FACT class-level AFDC,
gas_candidate,GMC Sierra 1500 Crew Cab Denali 4WD short bed,Ford F-150 Lightning Flash Extended Range,service_network,9,0-10 ordinal,9,https://www.kbb.com/gmc/sierra-1500-crew-cab/2025/,2026-10-03,INFERENCE,
gas_candidate,GMC Sierra 1500 Crew Cab Denali 4WD short bed,Ford F-150 Lightning Flash Extended Range,class_match,half_ton vs half_ton,class,10.0,https://www.kbb.com/gmc/sierra-1500-crew-cab/2025/denali-pickup-4d-5-3-4-ft/,2026-10-03,INFERENCE,
gas_candidate,GMC Sierra 1500 Crew Cab Denali 4WD short bed,Ford F-150 Lightning Flash Extended Range,rank_metric,8.2,0-10,8.2,https://www.kbb.com/gmc/sierra-1500-crew-cab/2025/denali-pickup-4d-5-3-4-ft/,2026-10-03,INFERENCE,
ev,Ford F-150 Lightning Flash Extended Range,Ford F-150 Lightning Flash Extended Range,TED:Range fit,10.0,0-10,10.0,https://fueleconomy.gov/feg/PowerSearch.do?action=noform&baseModel=F-150+Lightning&make=Ford&path=1&srchtyp=ymm&year1=2025&year2=2025,2026-10-03,INFERENCE,
ev,Ford F-150 Lightning Flash Extended Range,Ford F-150 Lightning Flash Extended Range,TED:Payload/cargo fit,10.0,0-10,10.0,https://fueleconomy.gov/feg/PowerSearch.do?action=noform&baseModel=F-150+Lightning&make=Ford&path=1&srchtyp=ymm&year1=2025&year2=2025,2026-10-03,INFERENCE,
ev,Ford F-150 Lightning Flash Extended Range,Ford F-150 Lightning Flash Extended Range,TED:Cab/crew fit,10.0,0-10,10.0,https://fueleconomy.gov/feg/PowerSearch.do?action=noform&baseModel=F-150+Lightning&make=Ford&path=1&srchtyp=ymm&year1=2025&year2=2025,2026-10-03,INFERENCE,
ev,Ford F-150 Lightning Flash Extended Range,Ford F-150 Lightning Flash Extended Range,TED:Tow fit,10.0,0-10,10.0,https://fueleconomy.gov/feg/PowerSearch.do?action=noform&baseModel=F-150+Lightning&make=Ford&path=1&srchtyp=ymm&year1=2025&year2=2025,2026-10-03,INFERENCE,
ev,Ford F-150 Lightning Flash Extended Range,Ford F-150 Lightning Flash Extended Range,TED:Resale (3-yr retained %),not confirmed,0-10,,https://fueleconomy.gov/feg/PowerSearch.do?action=noform&baseModel=F-150+Lightning&make=Ford&path=1&srchtyp=ymm&year1=2025&year2=2025,2026-10-03,not scored: not confirmed,
ev,Ford F-150 Lightning Flash Extended Range,Ford F-150 Lightning Flash Extended Range,TED:Reliability,not confirmed,0-10,,https://fueleconomy.gov/feg/PowerSearch.do?action=noform&baseModel=F-150+Lightning&make=Ford&path=1&srchtyp=ymm&year1=2025&year2=2025,2026-10-03,not scored: not confirmed,
ev,Ford F-150 Lightning Flash Extended Range,Ford F-150 Lightning Flash Extended Range,TED:Service network,9.0,0-10,9.0,https://fueleconomy.gov/feg/PowerSearch.do?action=noform&baseModel=F-150+Lightning&make=Ford&path=1&srchtyp=ymm&year1=2025&year2=2025,2026-10-03,INFERENCE,
ev,Ford F-150 Lightning Flash Extended Range,Ford F-150 Lightning Flash Extended Range,TED:Longevity (warranty remaining),not confirmed,0-10,,https://fueleconomy.gov/feg/PowerSearch.do?action=noform&baseModel=F-150+Lightning&make=Ford&path=1&srchtyp=ymm&year1=2025&year2=2025,2026-10-03,not scored: not confirmed,
ev,Ford F-150 Lightning Flash Extended Range,Ford F-150 Lightning Flash Extended Range,TED:Energy cents per mile,9.7,0-10,9.7,https://fueleconomy.gov/feg/PowerSearch.do?action=noform&baseModel=F-150+Lightning&make=Ford&path=1&srchtyp=ymm&year1=2025&year2=2025,2026-10-03,INFERENCE,
ev,Ford F-150 Lightning Flash Extended Range,Ford F-150 Lightning Flash Extended Range,TED:Maintenance cents per mile,8.1,0-10,8.1,https://fueleconomy.gov/feg/PowerSearch.do?action=noform&baseModel=F-150+Lightning&make=Ford&path=1&srchtyp=ymm&year1=2025&year2=2025,2026-10-03,INFERENCE,
gas_candidate,GMC Sierra 1500 Crew Cab Denali 4WD short bed,Ford F-150 Lightning Flash Extended Range,TED:Range fit,not confirmed,0-10,,not confirmed,2026-10-03,not scored: not confirmed,
gas_candidate,GMC Sierra 1500 Crew Cab Denali 4WD short bed,Ford F-150 Lightning Flash Extended Range,TED:Payload/cargo fit,8.7,0-10,8.7,not confirmed,2026-10-03,INFERENCE,
gas_candidate,GMC Sierra 1500 Crew Cab Denali 4WD short bed,Ford F-150 Lightning Flash Extended Range,TED:Cab/crew fit,10.0,0-10,10.0,not confirmed,2026-10-03,INFERENCE,
gas_candidate,GMC Sierra 1500 Crew Cab Denali 4WD short bed,Ford F-150 Lightning Flash Extended Range,TED:Tow fit,10.0,0-10,10.0,not confirmed,2026-10-03,INFERENCE,
gas_candidate,GMC Sierra 1500 Crew Cab Denali 4WD short bed,Ford F-150 Lightning Flash Extended Range,TED:Resale (3-yr retained %),not confirmed,0-10,,not confirmed,2026-10-03,not scored: not confirmed,
gas_candidate,GMC Sierra 1500 Crew Cab Denali 4WD short bed,Ford F-150 Lightning Flash Extended Range,TED:Reliability,not confirmed,0-10,,not confirmed,2026-10-03,not scored: not confirmed,
gas_candidate,GMC Sierra 1500 Crew Cab Denali 4WD short bed,Ford F-150 Lightning Flash Extended Range,TED:Service network,9.0,0-10,9.0,not confirmed,2026-10-03,INFERENCE,
gas_candidate,GMC Sierra 1500 Crew Cab Denali 4WD short bed,Ford F-150 Lightning Flash Extended Range,TED:Longevity (warranty remaining),not confirmed,0-10,,not confirmed,2026-10-03,not scored: not confirmed,
gas_candidate,GMC Sierra 1500 Crew Cab Denali 4WD short bed,Ford F-150 Lightning Flash Extended Range,TED:Energy cents per mile,2.2,0-10,2.2,not confirmed,2026-10-03,INFERENCE,
gas_candidate,GMC Sierra 1500 Crew Cab Denali 4WD short bed,Ford F-150 Lightning Flash Extended Range,TED:Maintenance cents per mile,4.5,0-10,4.5,not confirmed,2026-10-03,INFERENCE,
gas_candidate,Ford F-150 SuperCrew 5.5-ft 4WD XLT,Ford F-150 Lightning Flash Extended Range,payload,2120,lb,9.5,https://www.kbb.com/ford/f150%20supercrew%20cab/2025/xlt-pickup-4d-5-1-2-ft/,2026-10-03,FACT,yes
gas_candidate,Ford F-150 SuperCrew 5.5-ft 4WD XLT,Ford F-150 Lightning Flash Extended Range,tow,7500,lb,5.0,https://www.kbb.com/ford/f150%20supercrew%20cab/2025/xlt-pickup-4d-5-1-2-ft/,2026-10-03,FACT,yes
gas_candidate,Ford F-150 SuperCrew 5.5-ft 4WD XLT,Ford F-150 Lightning Flash Extended Range,cargo,5.5 ft bed,bed_ft_or_cuft,10.0,https://www.kbb.com/ford/f150%20supercrew%20cab/2025/xlt-pickup-4d-5-1-2-ft/,2026-10-03,FACT,
gas_candidate,Ford F-150 SuperCrew 5.5-ft 4WD XLT,Ford F-150 Lightning Flash Extended Range,cab,3,cab_ordinal_crew3,10.0,https://www.kbb.com/ford/f150%20supercrew%20cab/2025/xlt-pickup-4d-5-1-2-ft/,2026-10-03,FACT,
gas_candidate,Ford F-150 SuperCrew 5.5-ft 4WD XLT,Ford F-150 Lightning Flash Extended Range,range,not confirmed,mi,,not confirmed,2026-10-03,UNKNOWN,no
gas_candidate,Ford F-150 SuperCrew 5.5-ft 4WD XLT,Ford F-150 Lightning Flash Extended Range,tow_range,not confirmed,mi,,https://www.kbb.com/ford/f150%20supercrew%20cab/2025/xlt-pickup-4d-5-1-2-ft/,2026-10-03,UNKNOWN,
gas_candidate,Ford F-150 SuperCrew 5.5-ft 4WD XLT,Ford F-150 Lightning Flash Extended Range,msrp,51915,usd,10.0,https://www.carweek.com/research/ford/f-150/2025,2026-10-03,FACT,yes
gas_candidate,Ford F-150 SuperCrew 5.5-ft 4WD XLT,Ford F-150 Lightning Flash Extended Range,resale_3yr_retained,81.2,percent,6.2,https://www.iseecars.com/car/ford-f-150/resale-value,2026-10-03,FACT,
gas_candidate,Ford F-150 SuperCrew 5.5-ft 4WD XLT,Ford F-150 Lightning Flash Extended Range,mpg_combined,20,mpg,,https://www.fueleconomy.gov/feg/bymodel/2025_ford_f150.shtml,2026-10-03,FACT,
gas_candidate,Ford F-150 SuperCrew 5.5-ft 4WD XLT,Ford F-150 Lightning Flash Extended Range,energy_usd_per_mi,0.2078,USD/mi,3.7,https://www.fueleconomy.gov/feg/bymodel/2025_ford_f150.shtml,2026-10-03,INFERENCE,
gas_candidate,Ford F-150 SuperCrew 5.5-ft 4WD XLT,Ford F-150 Lightning Flash Extended Range,maint_usd_per_mi,0.101,USD/mi,4.5,https://www.fueleconomy.gov/feg/bymodel/2025_ford_f150.shtml,2026-10-03,FACT class-level AFDC,
gas_candidate,Ford F-150 SuperCrew 5.5-ft 4WD XLT,Ford F-150 Lightning Flash Extended Range,service_network,10,0-10 ordinal,10,https://www.carweek.com/research/ford/f-150/2025,2026-10-03,INFERENCE,
gas_candidate,Ford F-150 SuperCrew 5.5-ft 4WD XLT,Ford F-150 Lightning Flash Extended Range,class_match,half_ton vs half_ton,class,10.0,https://www.kbb.com/ford/f150%20supercrew%20cab/2025/xlt-pickup-4d-5-1-2-ft/,2026-10-03,INFERENCE,
gas_candidate,Ford F-150 SuperCrew 5.5-ft 4WD XLT,Ford F-150 Lightning Flash Extended Range,rank_metric,7.7,0-10,7.7,https://www.kbb.com/ford/f150%20supercrew%20cab/2025/xlt-pickup-4d-5-1-2-ft/,2026-10-03,INFERENCE,
ev,Ford F-150 Lightning Flash Extended Range,Ford F-150 Lightning Flash Extended Range,TED:Range fit,10.0,0-10,10.0,https://fueleconomy.gov/feg/PowerSearch.do?action=noform&baseModel=F-150+Lightning&make=Ford&path=1&srchtyp=ymm&year1=2025&year2=2025,2026-10-03,INFERENCE,
ev,Ford F-150 Lightning Flash Extended Range,Ford F-150 Lightning Flash Extended Range,TED:Payload/cargo fit,10.0,0-10,10.0,https://fueleconomy.gov/feg/PowerSearch.do?action=noform&baseModel=F-150+Lightning&make=Ford&path=1&srchtyp=ymm&year1=2025&year2=2025,2026-10-03,INFERENCE,
ev,Ford F-150 Lightning Flash Extended Range,Ford F-150 Lightning Flash Extended Range,TED:Cab/crew fit,10.0,0-10,10.0,https://fueleconomy.gov/feg/PowerSearch.do?action=noform&baseModel=F-150+Lightning&make=Ford&path=1&srchtyp=ymm&year1=2025&year2=2025,2026-10-03,INFERENCE,
ev,Ford F-150 Lightning Flash Extended Range,Ford F-150 Lightning Flash Extended Range,TED:Tow fit,10.0,0-10,10.0,https://fueleconomy.gov/feg/PowerSearch.do?action=noform&baseModel=F-150+Lightning&make=Ford&path=1&srchtyp=ymm&year1=2025&year2=2025,2026-10-03,INFERENCE,
ev,Ford F-150 Lightning Flash Extended Range,Ford F-150 Lightning Flash Extended Range,TED:Resale (3-yr retained %),not confirmed,0-10,,https://fueleconomy.gov/feg/PowerSearch.do?action=noform&baseModel=F-150+Lightning&make=Ford&path=1&srchtyp=ymm&year1=2025&year2=2025,2026-10-03,not scored: not confirmed,
ev,Ford F-150 Lightning Flash Extended Range,Ford F-150 Lightning Flash Extended Range,TED:Reliability,not confirmed,0-10,,https://fueleconomy.gov/feg/PowerSearch.do?action=noform&baseModel=F-150+Lightning&make=Ford&path=1&srchtyp=ymm&year1=2025&year2=2025,2026-10-03,not scored: not confirmed,
ev,Ford F-150 Lightning Flash Extended Range,Ford F-150 Lightning Flash Extended Range,TED:Service network,9.0,0-10,9.0,https://fueleconomy.gov/feg/PowerSearch.do?action=noform&baseModel=F-150+Lightning&make=Ford&path=1&srchtyp=ymm&year1=2025&year2=2025,2026-10-03,INFERENCE,
ev,Ford F-150 Lightning Flash Extended Range,Ford F-150 Lightning Flash Extended Range,TED:Longevity (warranty remaining),not confirmed,0-10,,https://fueleconomy.gov/feg/PowerSearch.do?action=noform&baseModel=F-150+Lightning&make=Ford&path=1&srchtyp=ymm&year1=2025&year2=2025,2026-10-03,not scored: not confirmed,
ev,Ford F-150 Lightning Flash Extended Range,Ford F-150 Lightning Flash Extended Range,TED:Energy cents per mile,9.7,0-10,9.7,https://fueleconomy.gov/feg/PowerSearch.do?action=noform&baseModel=F-150+Lightning&make=Ford&path=1&srchtyp=ymm&year1=2025&year2=2025,2026-10-03,INFERENCE,
ev,Ford F-150 Lightning Flash Extended Range,Ford F-150 Lightning Flash Extended Range,TED:Maintenance cents per mile,8.1,0-10,8.1,https://fueleconomy.gov/feg/PowerSearch.do?action=noform&baseModel=F-150+Lightning&make=Ford&path=1&srchtyp=ymm&year1=2025&year2=2025,2026-10-03,INFERENCE,
gas_candidate,Ford F-150 SuperCrew 5.5-ft 4WD XLT,Ford F-150 Lightning Flash Extended Range,TED:Range fit,not confirmed,0-10,,not confirmed,2026-10-03,not scored: not confirmed,
gas_candidate,Ford F-150 SuperCrew 5.5-ft 4WD XLT,Ford F-150 Lightning Flash Extended Range,TED:Payload/cargo fit,9.5,0-10,9.5,not confirmed,2026-10-03,INFERENCE,
gas_candidate,Ford F-150 SuperCrew 5.5-ft 4WD XLT,Ford F-150 Lightning Flash Extended Range,TED:Cab/crew fit,10.0,0-10,10.0,not confirmed,2026-10-03,INFERENCE,
gas_candidate,Ford F-150 SuperCrew 5.5-ft 4WD XLT,Ford F-150 Lightning Flash Extended Range,TED:Tow fit,5.0,0-10,5.0,not confirmed,2026-10-03,INFERENCE,
gas_candidate,Ford F-150 SuperCrew 5.5-ft 4WD XLT,Ford F-150 Lightning Flash Extended Range,TED:Resale (3-yr retained %),6.2,0-10,6.2,not confirmed,2026-10-03,INFERENCE,
gas_candidate,Ford F-150 SuperCrew 5.5-ft 4WD XLT,Ford F-150 Lightning Flash Extended Range,TED:Reliability,not confirmed,0-10,,not confirmed,2026-10-03,not scored: not confirmed,
gas_candidate,Ford F-150 SuperCrew 5.5-ft 4WD XLT,Ford F-150 Lightning Flash Extended Range,TED:Service network,10.0,0-10,10.0,not confirmed,2026-10-03,INFERENCE,
gas_candidate,Ford F-150 SuperCrew 5.5-ft 4WD XLT,Ford F-150 Lightning Flash Extended Range,TED:Longevity (warranty remaining),not confirmed,0-10,,not confirmed,2026-10-03,not scored: not confirmed,
gas_candidate,Ford F-150 SuperCrew 5.5-ft 4WD XLT,Ford F-150 Lightning Flash Extended Range,TED:Energy cents per mile,3.7,0-10,3.7,not confirmed,2026-10-03,INFERENCE,
gas_candidate,Ford F-150 SuperCrew 5.5-ft 4WD XLT,Ford F-150 Lightning Flash Extended Range,TED:Maintenance cents per mile,4.5,0-10,4.5,not confirmed,2026-10-03,INFERENCE,
gas_candidate,Chevrolet Silverado 1500 Crew Cab short bed 4WD WT,Ford F-150 Lightning Flash Extended Range,payload,not confirmed,lb,,not confirmed,2026-10-03,UNKNOWN,no
gas_candidate,Chevrolet Silverado 1500 Crew Cab short bed 4WD WT,Ford F-150 Lightning Flash Extended Range,tow,9400,lb,8.8,https://cars.usnews.com/cars-trucks/chevrolet/silverado-1500/2025/specs/silverado-1500-crew-cab-short-box-4-wheel-drive-wt-458792,2026-10-03,FACT,yes
gas_candidate,Chevrolet Silverado 1500 Crew Cab short bed 4WD WT,Ford F-150 Lightning Flash Extended Range,cargo,5.8 ft bed,bed_ft_or_cuft,10.0,not confirmed,2026-10-03,FACT,no
gas_candidate,Chevrolet Silverado 1500 Crew Cab short bed 4WD WT,Ford F-150 Lightning Flash Extended Range,cab,3,cab_ordinal_crew3,10.0,https://cars.usnews.com/cars-trucks/chevrolet/silverado-1500/2025/specs/silverado-1500-crew-cab-short-box-4-wheel-drive-wt-458792,2026-10-03,FACT,
gas_candidate,Chevrolet Silverado 1500 Crew Cab short bed 4WD WT,Ford F-150 Lightning Flash Extended Range,range,not confirmed,mi,,not confirmed,2026-10-03,UNKNOWN,no
gas_candidate,Chevrolet Silverado 1500 Crew Cab short bed 4WD WT,Ford F-150 Lightning Flash Extended Range,tow_range,not confirmed,mi,,https://cars.usnews.com/cars-trucks/chevrolet/silverado-1500/2025/specs/silverado-1500-crew-cab-short-box-4-wheel-drive-wt-458792,2026-10-03,UNKNOWN,
gas_candidate,Chevrolet Silverado 1500 Crew Cab short bed 4WD WT,Ford F-150 Lightning Flash Extended Range,msrp,46000,usd,10.0,https://www.cars.com/research/chevrolet-silverado_1500-2025/,2026-10-03,FACT,yes
gas_candidate,Chevrolet Silverado 1500 Crew Cab short bed 4WD WT,Ford F-150 Lightning Flash Extended Range,resale_3yr_retained,not confirmed,percent,,not confirmed,2026-10-03,UNKNOWN,
gas_candidate,Chevrolet Silverado 1500 Crew Cab short bed 4WD WT,Ford F-150 Lightning Flash Extended Range,mpg_combined,18,mpg,,https://cars.usnews.com/cars-trucks/chevrolet/silverado-1500/2025/specs/silverado-1500-crew-cab-short-box-4-wheel-drive-wt-458792,2026-10-03,FACT,
gas_candidate,Chevrolet Silverado 1500 Crew Cab short bed 4WD WT,Ford F-150 Lightning Flash Extended Range,energy_usd_per_mi,0.2308,USD/mi,2.8,https://cars.usnews.com/cars-trucks/chevrolet/silverado-1500/2025/specs/silverado-1500-crew-cab-short-box-4-wheel-drive-wt-458792,2026-10-03,INFERENCE,
gas_candidate,Chevrolet Silverado 1500 Crew Cab short bed 4WD WT,Ford F-150 Lightning Flash Extended Range,maint_usd_per_mi,0.101,USD/mi,4.5,https://cars.usnews.com/cars-trucks/chevrolet/silverado-1500/2025/specs/silverado-1500-crew-cab-short-box-4-wheel-drive-wt-458792,2026-10-03,FACT class-level AFDC,
gas_candidate,Chevrolet Silverado 1500 Crew Cab short bed 4WD WT,Ford F-150 Lightning Flash Extended Range,service_network,10,0-10 ordinal,10,https://www.cars.com/research/chevrolet-silverado_1500-2025/,2026-10-03,INFERENCE,
gas_candidate,Chevrolet Silverado 1500 Crew Cab short bed 4WD WT,Ford F-150 Lightning Flash Extended Range,class_match,half_ton vs half_ton,class,10.0,not confirmed,2026-10-03,INFERENCE,
gas_candidate,Chevrolet Silverado 1500 Crew Cab short bed 4WD WT,Ford F-150 Lightning Flash Extended Range,rank_metric,6.5,0-10,6.5,not confirmed,2026-10-03,INFERENCE,
ev,Ford F-150 Lightning Flash Extended Range,Ford F-150 Lightning Flash Extended Range,TED:Range fit,10.0,0-10,10.0,https://fueleconomy.gov/feg/PowerSearch.do?action=noform&baseModel=F-150+Lightning&make=Ford&path=1&srchtyp=ymm&year1=2025&year2=2025,2026-10-03,INFERENCE,
ev,Ford F-150 Lightning Flash Extended Range,Ford F-150 Lightning Flash Extended Range,TED:Payload/cargo fit,10.0,0-10,10.0,https://fueleconomy.gov/feg/PowerSearch.do?action=noform&baseModel=F-150+Lightning&make=Ford&path=1&srchtyp=ymm&year1=2025&year2=2025,2026-10-03,INFERENCE,
ev,Ford F-150 Lightning Flash Extended Range,Ford F-150 Lightning Flash Extended Range,TED:Cab/crew fit,10.0,0-10,10.0,https://fueleconomy.gov/feg/PowerSearch.do?action=noform&baseModel=F-150+Lightning&make=Ford&path=1&srchtyp=ymm&year1=2025&year2=2025,2026-10-03,INFERENCE,
ev,Ford F-150 Lightning Flash Extended Range,Ford F-150 Lightning Flash Extended Range,TED:Tow fit,10.0,0-10,10.0,https://fueleconomy.gov/feg/PowerSearch.do?action=noform&baseModel=F-150+Lightning&make=Ford&path=1&srchtyp=ymm&year1=2025&year2=2025,2026-10-03,INFERENCE,
ev,Ford F-150 Lightning Flash Extended Range,Ford F-150 Lightning Flash Extended Range,TED:Resale (3-yr retained %),not confirmed,0-10,,https://fueleconomy.gov/feg/PowerSearch.do?action=noform&baseModel=F-150+Lightning&make=Ford&path=1&srchtyp=ymm&year1=2025&year2=2025,2026-10-03,not scored: not confirmed,
ev,Ford F-150 Lightning Flash Extended Range,Ford F-150 Lightning Flash Extended Range,TED:Reliability,not confirmed,0-10,,https://fueleconomy.gov/feg/PowerSearch.do?action=noform&baseModel=F-150+Lightning&make=Ford&path=1&srchtyp=ymm&year1=2025&year2=2025,2026-10-03,not scored: not confirmed,
ev,Ford F-150 Lightning Flash Extended Range,Ford F-150 Lightning Flash Extended Range,TED:Service network,9.0,0-10,9.0,https://fueleconomy.gov/feg/PowerSearch.do?action=noform&baseModel=F-150+Lightning&make=Ford&path=1&srchtyp=ymm&year1=2025&year2=2025,2026-10-03,INFERENCE,
ev,Ford F-150 Lightning Flash Extended Range,Ford F-150 Lightning Flash Extended Range,TED:Longevity (warranty remaining),not confirmed,0-10,,https://fueleconomy.gov/feg/PowerSearch.do?action=noform&baseModel=F-150+Lightning&make=Ford&path=1&srchtyp=ymm&year1=2025&year2=2025,2026-10-03,not scored: not confirmed,
ev,Ford F-150 Lightning Flash Extended Range,Ford F-150 Lightning Flash Extended Range,TED:Energy cents per mile,9.7,0-10,9.7,https://fueleconomy.gov/feg/PowerSearch.do?action=noform&baseModel=F-150+Lightning&make=Ford&path=1&srchtyp=ymm&year1=2025&year2=2025,2026-10-03,INFERENCE,
ev,Ford F-150 Lightning Flash Extended Range,Ford F-150 Lightning Flash Extended Range,TED:Maintenance cents per mile,8.1,0-10,8.1,https://fueleconomy.gov/feg/PowerSearch.do?action=noform&baseModel=F-150+Lightning&make=Ford&path=1&srchtyp=ymm&year1=2025&year2=2025,2026-10-03,INFERENCE,
gas_candidate,Chevrolet Silverado 1500 Crew Cab short bed 4WD WT,Ford F-150 Lightning Flash Extended Range,TED:Range fit,not confirmed,0-10,,not confirmed,2026-10-03,not scored: not confirmed,
gas_candidate,Chevrolet Silverado 1500 Crew Cab short bed 4WD WT,Ford F-150 Lightning Flash Extended Range,TED:Payload/cargo fit,not confirmed,0-10,,not confirmed,2026-10-03,not scored: not confirmed,
gas_candidate,Chevrolet Silverado 1500 Crew Cab short bed 4WD WT,Ford F-150 Lightning Flash Extended Range,TED:Cab/crew fit,10.0,0-10,10.0,not confirmed,2026-10-03,INFERENCE,
gas_candidate,Chevrolet Silverado 1500 Crew Cab short bed 4WD WT,Ford F-150 Lightning Flash Extended Range,TED:Tow fit,8.8,0-10,8.8,not confirmed,2026-10-03,INFERENCE,
gas_candidate,Chevrolet Silverado 1500 Crew Cab short bed 4WD WT,Ford F-150 Lightning Flash Extended Range,TED:Resale (3-yr retained %),not confirmed,0-10,,not confirmed,2026-10-03,not scored: not confirmed,
gas_candidate,Chevrolet Silverado 1500 Crew Cab short bed 4WD WT,Ford F-150 Lightning Flash Extended Range,TED:Reliability,not confirmed,0-10,,not confirmed,2026-10-03,not scored: not confirmed,
gas_candidate,Chevrolet Silverado 1500 Crew Cab short bed 4WD WT,Ford F-150 Lightning Flash Extended Range,TED:Service network,10.0,0-10,10.0,not confirmed,2026-10-03,INFERENCE,
gas_candidate,Chevrolet Silverado 1500 Crew Cab short bed 4WD WT,Ford F-150 Lightning Flash Extended Range,TED:Longevity (warranty remaining),not confirmed,0-10,,not confirmed,2026-10-03,not scored: not confirmed,
gas_candidate,Chevrolet Silverado 1500 Crew Cab short bed 4WD WT,Ford F-150 Lightning Flash Extended Range,TED:Energy cents per mile,2.8,0-10,2.8,not confirmed,2026-10-03,INFERENCE,
gas_candidate,Chevrolet Silverado 1500 Crew Cab short bed 4WD WT,Ford F-150 Lightning Flash Extended Range,TED:Maintenance cents per mile,4.5,0-10,4.5,not confirmed,2026-10-03,INFERENCE,
gas_candidate,Ram 1500 Crew Cab Tradesman 4x4 5.6-ft,Ford F-150 Lightning Flash Extended Range,payload,1770,lb,7.7,https://www.kbb.com/ram/1500-crew-cab/2025/specs/,2026-10-03,FACT,yes
gas_candidate,Ram 1500 Crew Cab Tradesman 4x4 5.6-ft,Ford F-150 Lightning Flash Extended Range,tow,not confirmed,lb,,not confirmed,2026-10-03,UNKNOWN,no
gas_candidate,Ram 1500 Crew Cab Tradesman 4x4 5.6-ft,Ford F-150 Lightning Flash Extended Range,cargo,5.6 ft bed,bed_ft_or_cuft,10.0,https://www.kbb.com/ram/1500-crew-cab/2025/specs/,2026-10-03,FACT,
gas_candidate,Ram 1500 Crew Cab Tradesman 4x4 5.6-ft,Ford F-150 Lightning Flash Extended Range,cab,3,cab_ordinal_crew3,10.0,https://www.kbb.com/ram/1500-crew-cab/2025/specs/,2026-10-03,FACT,
gas_candidate,Ram 1500 Crew Cab Tradesman 4x4 5.6-ft,Ford F-150 Lightning Flash Extended Range,range,not confirmed,mi,,not confirmed,2026-10-03,UNKNOWN,no
gas_candidate,Ram 1500 Crew Cab Tradesman 4x4 5.6-ft,Ford F-150 Lightning Flash Extended Range,tow_range,not confirmed,mi,,not confirmed,2026-10-03,UNKNOWN,
gas_candidate,Ram 1500 Crew Cab Tradesman 4x4 5.6-ft,Ford F-150 Lightning Flash Extended Range,msrp,46875,usd,10.0,https://www.iseecars.com/car/2025-ram-ram_pickup_1500-price,2026-10-03,FACT,yes
gas_candidate,Ram 1500 Crew Cab Tradesman 4x4 5.6-ft,Ford F-150 Lightning Flash Extended Range,resale_3yr_retained,not confirmed,percent,,https://www.iseecars.com/resale-value/trucks,2026-10-03,UNKNOWN,
gas_candidate,Ram 1500 Crew Cab Tradesman 4x4 5.6-ft,Ford F-150 Lightning Flash Extended Range,mpg_combined,19,mpg,,https://www.kbb.com/ram/1500-crew-cab/2025/specs/,2026-10-03,FACT,
gas_candidate,Ram 1500 Crew Cab Tradesman 4x4 5.6-ft,Ford F-150 Lightning Flash Extended Range,energy_usd_per_mi,0.2187,USD/mi,3.3,https://www.kbb.com/ram/1500-crew-cab/2025/specs/,2026-10-03,INFERENCE,
gas_candidate,Ram 1500 Crew Cab Tradesman 4x4 5.6-ft,Ford F-150 Lightning Flash Extended Range,maint_usd_per_mi,0.101,USD/mi,4.5,https://www.kbb.com/ram/1500-crew-cab/2025/specs/,2026-10-03,FACT class-level AFDC,
gas_candidate,Ram 1500 Crew Cab Tradesman 4x4 5.6-ft,Ford F-150 Lightning Flash Extended Range,service_network,9,0-10 ordinal,9,https://www.iseecars.com/car/2025-ram-ram_pickup_1500-price,2026-10-03,INFERENCE,
gas_candidate,Ram 1500 Crew Cab Tradesman 4x4 5.6-ft,Ford F-150 Lightning Flash Extended Range,class_match,half_ton vs half_ton,class,10.0,https://www.kbb.com/ram/1500-crew-cab/2025/specs/,2026-10-03,INFERENCE,
gas_candidate,Ram 1500 Crew Cab Tradesman 4x4 5.6-ft,Ford F-150 Lightning Flash Extended Range,rank_metric,6.4,0-10,6.4,https://www.kbb.com/ram/1500-crew-cab/2025/specs/,2026-10-03,INFERENCE,
ev,Ford F-150 Lightning Flash Extended Range,Ford F-150 Lightning Flash Extended Range,TED:Range fit,10.0,0-10,10.0,https://fueleconomy.gov/feg/PowerSearch.do?action=noform&baseModel=F-150+Lightning&make=Ford&path=1&srchtyp=ymm&year1=2025&year2=2025,2026-10-03,INFERENCE,
ev,Ford F-150 Lightning Flash Extended Range,Ford F-150 Lightning Flash Extended Range,TED:Payload/cargo fit,10.0,0-10,10.0,https://fueleconomy.gov/feg/PowerSearch.do?action=noform&baseModel=F-150+Lightning&make=Ford&path=1&srchtyp=ymm&year1=2025&year2=2025,2026-10-03,INFERENCE,
ev,Ford F-150 Lightning Flash Extended Range,Ford F-150 Lightning Flash Extended Range,TED:Cab/crew fit,10.0,0-10,10.0,https://fueleconomy.gov/feg/PowerSearch.do?action=noform&baseModel=F-150+Lightning&make=Ford&path=1&srchtyp=ymm&year1=2025&year2=2025,2026-10-03,INFERENCE,
ev,Ford F-150 Lightning Flash Extended Range,Ford F-150 Lightning Flash Extended Range,TED:Tow fit,10.0,0-10,10.0,https://fueleconomy.gov/feg/PowerSearch.do?action=noform&baseModel=F-150+Lightning&make=Ford&path=1&srchtyp=ymm&year1=2025&year2=2025,2026-10-03,INFERENCE,
ev,Ford F-150 Lightning Flash Extended Range,Ford F-150 Lightning Flash Extended Range,TED:Resale (3-yr retained %),not confirmed,0-10,,https://fueleconomy.gov/feg/PowerSearch.do?action=noform&baseModel=F-150+Lightning&make=Ford&path=1&srchtyp=ymm&year1=2025&year2=2025,2026-10-03,not scored: not confirmed,
ev,Ford F-150 Lightning Flash Extended Range,Ford F-150 Lightning Flash Extended Range,TED:Reliability,not confirmed,0-10,,https://fueleconomy.gov/feg/PowerSearch.do?action=noform&baseModel=F-150+Lightning&make=Ford&path=1&srchtyp=ymm&year1=2025&year2=2025,2026-10-03,not scored: not confirmed,
ev,Ford F-150 Lightning Flash Extended Range,Ford F-150 Lightning Flash Extended Range,TED:Service network,9.0,0-10,9.0,https://fueleconomy.gov/feg/PowerSearch.do?action=noform&baseModel=F-150+Lightning&make=Ford&path=1&srchtyp=ymm&year1=2025&year2=2025,2026-10-03,INFERENCE,
ev,Ford F-150 Lightning Flash Extended Range,Ford F-150 Lightning Flash Extended Range,TED:Longevity (warranty remaining),not confirmed,0-10,,https://fueleconomy.gov/feg/PowerSearch.do?action=noform&baseModel=F-150+Lightning&make=Ford&path=1&srchtyp=ymm&year1=2025&year2=2025,2026-10-03,not scored: not confirmed,
ev,Ford F-150 Lightning Flash Extended Range,Ford F-150 Lightning Flash Extended Range,TED:Energy cents per mile,9.7,0-10,9.7,https://fueleconomy.gov/feg/PowerSearch.do?action=noform&baseModel=F-150+Lightning&make=Ford&path=1&srchtyp=ymm&year1=2025&year2=2025,2026-10-03,INFERENCE,
ev,Ford F-150 Lightning Flash Extended Range,Ford F-150 Lightning Flash Extended Range,TED:Maintenance cents per mile,8.1,0-10,8.1,https://fueleconomy.gov/feg/PowerSearch.do?action=noform&baseModel=F-150+Lightning&make=Ford&path=1&srchtyp=ymm&year1=2025&year2=2025,2026-10-03,INFERENCE,
gas_candidate,Ram 1500 Crew Cab Tradesman 4x4 5.6-ft,Ford F-150 Lightning Flash Extended Range,TED:Range fit,not confirmed,0-10,,not confirmed,2026-10-03,not scored: not confirmed,
gas_candidate,Ram 1500 Crew Cab Tradesman 4x4 5.6-ft,Ford F-150 Lightning Flash Extended Range,TED:Payload/cargo fit,7.7,0-10,7.7,not confirmed,2026-10-03,INFERENCE,
gas_candidate,Ram 1500 Crew Cab Tradesman 4x4 5.6-ft,Ford F-150 Lightning Flash Extended Range,TED:Cab/crew fit,10.0,0-10,10.0,not confirmed,2026-10-03,INFERENCE,
gas_candidate,Ram 1500 Crew Cab Tradesman 4x4 5.6-ft,Ford F-150 Lightning Flash Extended Range,TED:Tow fit,not confirmed,0-10,,not confirmed,2026-10-03,not scored: not confirmed,
gas_candidate,Ram 1500 Crew Cab Tradesman 4x4 5.6-ft,Ford F-150 Lightning Flash Extended Range,TED:Resale (3-yr retained %),not confirmed,0-10,,not confirmed,2026-10-03,not scored: not confirmed,
gas_candidate,Ram 1500 Crew Cab Tradesman 4x4 5.6-ft,Ford F-150 Lightning Flash Extended Range,TED:Reliability,not confirmed,0-10,,not confirmed,2026-10-03,not scored: not confirmed,
gas_candidate,Ram 1500 Crew Cab Tradesman 4x4 5.6-ft,Ford F-150 Lightning Flash Extended Range,TED:Service network,9.0,0-10,9.0,not confirmed,2026-10-03,INFERENCE,
gas_candidate,Ram 1500 Crew Cab Tradesman 4x4 5.6-ft,Ford F-150 Lightning Flash Extended Range,TED:Longevity (warranty remaining),not confirmed,0-10,,not confirmed,2026-10-03,not scored: not confirmed,
gas_candidate,Ram 1500 Crew Cab Tradesman 4x4 5.6-ft,Ford F-150 Lightning Flash Extended Range,TED:Energy cents per mile,3.3,0-10,3.3,not confirmed,2026-10-03,INFERENCE,
gas_candidate,Ram 1500 Crew Cab Tradesman 4x4 5.6-ft,Ford F-150 Lightning Flash Extended Range,TED:Maintenance cents per mile,4.5,0-10,4.5,not confirmed,2026-10-03,INFERENCE,
ev,Rivian R1T Dual Motor Standard,Rivian R1T Dual Motor Standard,payload,1764,lb,,https://assets.ctfassets.net/2md5qhoeajym/5ysf6K5UtGtHedY1fMeClC/3ab05048ce5c4f7e3195607919f3def3/r1t-upfitting-guide-en-us-20250924.pdf,2026-10-03,FACT,yes
ev,Rivian R1T Dual Motor Standard,Rivian R1T Dual Motor Standard,tow,7700,lb,,https://rivian.com/r1t,2026-10-03,FACT,yes
ev,Rivian R1T Dual Motor Standard,Rivian R1T Dual Motor Standard,cargo,4.52 ft bed,bed_ft_or_cuft,,https://assets.ctfassets.net/2md5qhoeajym/5ysf6K5UtGtHedY1fMeClC/3ab05048ce5c4f7e3195607919f3def3/r1t-upfitting-guide-en-us-20250924.pdf,2026-10-03,FACT,
ev,Rivian R1T Dual Motor Standard,Rivian R1T Dual Motor Standard,cab,3,cab_ordinal_crew3,,https://rivian.com/r1t,2026-10-03,FACT,
ev,Rivian R1T Dual Motor Standard,Rivian R1T Dual Motor Standard,range,329,mi,,https://rivian.com/r1t,2026-10-03,FACT,yes
ev,Rivian R1T Dual Motor Standard,Rivian R1T Dual Motor Standard,tow_range,not confirmed,mi,,https://rivian.com/r1t,2026-10-03,UNKNOWN,
ev,Rivian R1T Dual Motor Standard,Rivian R1T Dual Motor Standard,msrp,71700,usd,,https://www.kbb.com/rivian/r1t/2025/specs/,2026-10-03,FACT,yes
ev,Rivian R1T Dual Motor Standard,Rivian R1T Dual Motor Standard,resale_3yr_retained,not confirmed,percent,,not confirmed,2026-10-03,UNKNOWN,
ev,Rivian R1T Dual Motor Standard,Rivian R1T Dual Motor Standard,efficiency_kwh_100mi,43,kWh/100mi,,https://www.fueleconomy.gov/feg/bymake/Rivian2025.shtml,2026-10-03,FACT,
ev,Rivian R1T Dual Motor Standard,Rivian R1T Dual Motor Standard,energy_usd_per_mi,0.0527,USD/mi,,https://www.fueleconomy.gov/feg/bymake/Rivian2025.shtml,2026-10-03,INFERENCE,
ev,Rivian R1T Dual Motor Standard,Rivian R1T Dual Motor Standard,maint_usd_per_mi,0.061,USD/mi,,https://www.fueleconomy.gov/feg/bymake/Rivian2025.shtml,2026-10-03,FACT class-level AFDC,
ev,Rivian R1T Dual Motor Standard,Rivian R1T Dual Motor Standard,service_network,4,0-10 ordinal,4,https://www.kbb.com/rivian/r1t/2025/specs/,2026-10-03,INFERENCE,
gas_candidate,Toyota Tacoma Double Cab Limited 5-ft bed 4WD,Rivian R1T Dual Motor Standard,payload,1590,lb,9.1,https://www.kbb.com/toyota/tacoma-double-cab/2025/specs/,2026-10-03,FACT,yes
gas_candidate,Toyota Tacoma Double Cab Limited 5-ft bed 4WD,Rivian R1T Dual Motor Standard,tow,6300,lb,7.2,https://www.kbb.com/toyota/tacoma-double-cab/2025/specs/,2026-10-03,FACT,yes
gas_candidate,Toyota Tacoma Double Cab Limited 5-ft bed 4WD,Rivian R1T Dual Motor Standard,cargo,5.0 ft bed,bed_ft_or_cuft,10.0,https://www.kbb.com/toyota/tacoma-double-cab/2025/specs/,2026-10-03,FACT,
gas_candidate,Toyota Tacoma Double Cab Limited 5-ft bed 4WD,Rivian R1T Dual Motor Standard,cab,3,cab_ordinal_crew3,10.0,https://www.kbb.com/toyota/tacoma-double-cab/2025/specs/,2026-10-03,FACT,
gas_candidate,Toyota Tacoma Double Cab Limited 5-ft bed 4WD,Rivian R1T Dual Motor Standard,range,not confirmed,mi,,not confirmed,2026-10-03,UNKNOWN,no
gas_candidate,Toyota Tacoma Double Cab Limited 5-ft bed 4WD,Rivian R1T Dual Motor Standard,tow_range,not confirmed,mi,,https://www.kbb.com/toyota/tacoma-double-cab/2025/specs/,2026-10-03,UNKNOWN,
gas_candidate,Toyota Tacoma Double Cab Limited 5-ft bed 4WD,Rivian R1T Dual Motor Standard,msrp,54450,usd,10.0,https://www.kbb.com/toyota/tacoma-double-cab/2025/specs/,2026-10-03,FACT,yes
gas_candidate,Toyota Tacoma Double Cab Limited 5-ft bed 4WD,Rivian R1T Dual Motor Standard,resale_3yr_retained,96.8,percent,9.4,https://www.iseecars.com/car/toyota-tacoma/resale-value,2026-10-03,FACT,
gas_candidate,Toyota Tacoma Double Cab Limited 5-ft bed 4WD,Rivian R1T Dual Motor Standard,mpg_combined,21,mpg,,https://www.kbb.com/toyota/tacoma-double-cab/2025/specs/,2026-10-03,FACT,
gas_candidate,Toyota Tacoma Double Cab Limited 5-ft bed 4WD,Rivian R1T Dual Motor Standard,energy_usd_per_mi,0.1979,USD/mi,4.1,https://www.kbb.com/toyota/tacoma-double-cab/2025/specs/,2026-10-03,INFERENCE,
gas_candidate,Toyota Tacoma Double Cab Limited 5-ft bed 4WD,Rivian R1T Dual Motor Standard,maint_usd_per_mi,0.101,USD/mi,4.5,https://www.kbb.com/toyota/tacoma-double-cab/2025/specs/,2026-10-03,FACT class-level AFDC,
gas_candidate,Toyota Tacoma Double Cab Limited 5-ft bed 4WD,Rivian R1T Dual Motor Standard,service_network,9,0-10 ordinal,9,https://www.kbb.com/toyota/tacoma-double-cab/2025/specs/,2026-10-03,INFERENCE,
gas_candidate,Toyota Tacoma Double Cab Limited 5-ft bed 4WD,Rivian R1T Dual Motor Standard,class_match,midsize vs midsize,class,10.0,https://www.kbb.com/toyota/tacoma-double-cab/2025/specs/,2026-10-03,INFERENCE,
gas_candidate,Toyota Tacoma Double Cab Limited 5-ft bed 4WD,Rivian R1T Dual Motor Standard,rank_metric,7.9,0-10,7.9,https://www.kbb.com/toyota/tacoma-double-cab/2025/specs/,2026-10-03,INFERENCE,
ev,Rivian R1T Dual Motor Standard,Rivian R1T Dual Motor Standard,TED:Range fit,10.0,0-10,10.0,https://rivian.com/r1t,2026-10-03,INFERENCE,
ev,Rivian R1T Dual Motor Standard,Rivian R1T Dual Motor Standard,TED:Payload/cargo fit,10.0,0-10,10.0,https://rivian.com/r1t,2026-10-03,INFERENCE,
ev,Rivian R1T Dual Motor Standard,Rivian R1T Dual Motor Standard,TED:Cab/crew fit,10.0,0-10,10.0,https://rivian.com/r1t,2026-10-03,INFERENCE,
ev,Rivian R1T Dual Motor Standard,Rivian R1T Dual Motor Standard,TED:Tow fit,10.0,0-10,10.0,https://rivian.com/r1t,2026-10-03,INFERENCE,
ev,Rivian R1T Dual Motor Standard,Rivian R1T Dual Motor Standard,TED:Resale (3-yr retained %),not confirmed,0-10,,https://rivian.com/r1t,2026-10-03,not scored: not confirmed,
ev,Rivian R1T Dual Motor Standard,Rivian R1T Dual Motor Standard,TED:Reliability,not confirmed,0-10,,https://rivian.com/r1t,2026-10-03,not scored: not confirmed,
ev,Rivian R1T Dual Motor Standard,Rivian R1T Dual Motor Standard,TED:Service network,4.0,0-10,4.0,https://rivian.com/r1t,2026-10-03,INFERENCE,
ev,Rivian R1T Dual Motor Standard,Rivian R1T Dual Motor Standard,TED:Longevity (warranty remaining),not confirmed,0-10,,https://rivian.com/r1t,2026-10-03,not scored: not confirmed,
ev,Rivian R1T Dual Motor Standard,Rivian R1T Dual Motor Standard,TED:Energy cents per mile,9.9,0-10,9.9,https://rivian.com/r1t,2026-10-03,INFERENCE,
ev,Rivian R1T Dual Motor Standard,Rivian R1T Dual Motor Standard,TED:Maintenance cents per mile,8.1,0-10,8.1,https://rivian.com/r1t,2026-10-03,INFERENCE,
gas_candidate,Toyota Tacoma Double Cab Limited 5-ft bed 4WD,Rivian R1T Dual Motor Standard,TED:Range fit,not confirmed,0-10,,not confirmed,2026-10-03,not scored: not confirmed,
gas_candidate,Toyota Tacoma Double Cab Limited 5-ft bed 4WD,Rivian R1T Dual Motor Standard,TED:Payload/cargo fit,9.1,0-10,9.1,not confirmed,2026-10-03,INFERENCE,
gas_candidate,Toyota Tacoma Double Cab Limited 5-ft bed 4WD,Rivian R1T Dual Motor Standard,TED:Cab/crew fit,10.0,0-10,10.0,not confirmed,2026-10-03,INFERENCE,
gas_candidate,Toyota Tacoma Double Cab Limited 5-ft bed 4WD,Rivian R1T Dual Motor Standard,TED:Tow fit,7.2,0-10,7.2,not confirmed,2026-10-03,INFERENCE,
gas_candidate,Toyota Tacoma Double Cab Limited 5-ft bed 4WD,Rivian R1T Dual Motor Standard,TED:Resale (3-yr retained %),9.4,0-10,9.4,not confirmed,2026-10-03,INFERENCE,
gas_candidate,Toyota Tacoma Double Cab Limited 5-ft bed 4WD,Rivian R1T Dual Motor Standard,TED:Reliability,not confirmed,0-10,,not confirmed,2026-10-03,not scored: not confirmed,
gas_candidate,Toyota Tacoma Double Cab Limited 5-ft bed 4WD,Rivian R1T Dual Motor Standard,TED:Service network,9.0,0-10,9.0,not confirmed,2026-10-03,INFERENCE,
gas_candidate,Toyota Tacoma Double Cab Limited 5-ft bed 4WD,Rivian R1T Dual Motor Standard,TED:Longevity (warranty remaining),not confirmed,0-10,,not confirmed,2026-10-03,not scored: not confirmed,
gas_candidate,Toyota Tacoma Double Cab Limited 5-ft bed 4WD,Rivian R1T Dual Motor Standard,TED:Energy cents per mile,4.1,0-10,4.1,not confirmed,2026-10-03,INFERENCE,
gas_candidate,Toyota Tacoma Double Cab Limited 5-ft bed 4WD,Rivian R1T Dual Motor Standard,TED:Maintenance cents per mile,4.5,0-10,4.5,not confirmed,2026-10-03,INFERENCE,
gas_candidate,GMC Canyon Crew Cab Elevation,Rivian R1T Dual Motor Standard,payload,1670,lb,9.5,https://www.kbb.com/gmc/canyon/2025/,2026-10-03,FACT,yes
gas_candidate,GMC Canyon Crew Cab Elevation,Rivian R1T Dual Motor Standard,tow,7700,lb,10.0,https://www.kbb.com/gmc/canyon/2025/,2026-10-03,FACT,yes
gas_candidate,GMC Canyon Crew Cab Elevation,Rivian R1T Dual Motor Standard,cargo,5.0 ft bed,bed_ft_or_cuft,10.0,https://www.kbb.com/gmc/canyon/2025/,2026-10-03,FACT,
gas_candidate,GMC Canyon Crew Cab Elevation,Rivian R1T Dual Motor Standard,cab,3,cab_ordinal_crew3,10.0,https://www.kbb.com/gmc/canyon/2025/,2026-10-03,FACT,
gas_candidate,GMC Canyon Crew Cab Elevation,Rivian R1T Dual Motor Standard,range,not confirmed,mi,,not confirmed,2026-10-03,UNKNOWN,no
gas_candidate,GMC Canyon Crew Cab Elevation,Rivian R1T Dual Motor Standard,tow_range,not confirmed,mi,,https://www.kbb.com/gmc/canyon/2025/,2026-10-03,UNKNOWN,
gas_candidate,GMC Canyon Crew Cab Elevation,Rivian R1T Dual Motor Standard,msrp,40095,usd,10.0,https://www.kbb.com/gmc/canyon/2025/,2026-10-03,FACT,yes
gas_candidate,GMC Canyon Crew Cab Elevation,Rivian R1T Dual Motor Standard,resale_3yr_retained,not confirmed,percent,,https://www.iseecars.com/resale-value/midsize-trucks,2026-10-03,UNKNOWN,
gas_candidate,GMC Canyon Crew Cab Elevation,Rivian R1T Dual Motor Standard,mpg_combined,20,mpg,,https://www.kbb.com/gmc/canyon/2025/,2026-10-03,FACT,
gas_candidate,GMC Canyon Crew Cab Elevation,Rivian R1T Dual Motor Standard,energy_usd_per_mi,0.2078,USD/mi,3.7,https://www.kbb.com/gmc/canyon/2025/,2026-10-03,INFERENCE,
gas_candidate,GMC Canyon Crew Cab Elevation,Rivian R1T Dual Motor Standard,maint_usd_per_mi,0.101,USD/mi,4.5,https://www.kbb.com/gmc/canyon/2025/,2026-10-03,FACT class-level AFDC,
gas_candidate,GMC Canyon Crew Cab Elevation,Rivian R1T Dual Motor Standard,service_network,8,0-10 ordinal,8,https://www.kbb.com/gmc/canyon/2025/,2026-10-03,INFERENCE,
gas_candidate,GMC Canyon Crew Cab Elevation,Rivian R1T Dual Motor Standard,class_match,midsize vs midsize,class,10.0,https://www.kbb.com/gmc/canyon/2025/,2026-10-03,INFERENCE,
gas_candidate,GMC Canyon Crew Cab Elevation,Rivian R1T Dual Motor Standard,rank_metric,8.3,0-10,8.3,https://www.kbb.com/gmc/canyon/2025/,2026-10-03,INFERENCE,
ev,Rivian R1T Dual Motor Standard,Rivian R1T Dual Motor Standard,TED:Range fit,10.0,0-10,10.0,https://rivian.com/r1t,2026-10-03,INFERENCE,
ev,Rivian R1T Dual Motor Standard,Rivian R1T Dual Motor Standard,TED:Payload/cargo fit,10.0,0-10,10.0,https://rivian.com/r1t,2026-10-03,INFERENCE,
ev,Rivian R1T Dual Motor Standard,Rivian R1T Dual Motor Standard,TED:Cab/crew fit,10.0,0-10,10.0,https://rivian.com/r1t,2026-10-03,INFERENCE,
ev,Rivian R1T Dual Motor Standard,Rivian R1T Dual Motor Standard,TED:Tow fit,10.0,0-10,10.0,https://rivian.com/r1t,2026-10-03,INFERENCE,
ev,Rivian R1T Dual Motor Standard,Rivian R1T Dual Motor Standard,TED:Resale (3-yr retained %),not confirmed,0-10,,https://rivian.com/r1t,2026-10-03,not scored: not confirmed,
ev,Rivian R1T Dual Motor Standard,Rivian R1T Dual Motor Standard,TED:Reliability,not confirmed,0-10,,https://rivian.com/r1t,2026-10-03,not scored: not confirmed,
ev,Rivian R1T Dual Motor Standard,Rivian R1T Dual Motor Standard,TED:Service network,4.0,0-10,4.0,https://rivian.com/r1t,2026-10-03,INFERENCE,
ev,Rivian R1T Dual Motor Standard,Rivian R1T Dual Motor Standard,TED:Longevity (warranty remaining),not confirmed,0-10,,https://rivian.com/r1t,2026-10-03,not scored: not confirmed,
ev,Rivian R1T Dual Motor Standard,Rivian R1T Dual Motor Standard,TED:Energy cents per mile,9.9,0-10,9.9,https://rivian.com/r1t,2026-10-03,INFERENCE,
ev,Rivian R1T Dual Motor Standard,Rivian R1T Dual Motor Standard,TED:Maintenance cents per mile,8.1,0-10,8.1,https://rivian.com/r1t,2026-10-03,INFERENCE,
gas_candidate,GMC Canyon Crew Cab Elevation,Rivian R1T Dual Motor Standard,TED:Range fit,not confirmed,0-10,,not confirmed,2026-10-03,not scored: not confirmed,
gas_candidate,GMC Canyon Crew Cab Elevation,Rivian R1T Dual Motor Standard,TED:Payload/cargo fit,9.5,0-10,9.5,not confirmed,2026-10-03,INFERENCE,
gas_candidate,GMC Canyon Crew Cab Elevation,Rivian R1T Dual Motor Standard,TED:Cab/crew fit,10.0,0-10,10.0,not confirmed,2026-10-03,INFERENCE,
gas_candidate,GMC Canyon Crew Cab Elevation,Rivian R1T Dual Motor Standard,TED:Tow fit,10.0,0-10,10.0,not confirmed,2026-10-03,INFERENCE,
gas_candidate,GMC Canyon Crew Cab Elevation,Rivian R1T Dual Motor Standard,TED:Resale (3-yr retained %),not confirmed,0-10,,not confirmed,2026-10-03,not scored: not confirmed,
gas_candidate,GMC Canyon Crew Cab Elevation,Rivian R1T Dual Motor Standard,TED:Reliability,not confirmed,0-10,,not confirmed,2026-10-03,not scored: not confirmed,
gas_candidate,GMC Canyon Crew Cab Elevation,Rivian R1T Dual Motor Standard,TED:Service network,8.0,0-10,8.0,not confirmed,2026-10-03,INFERENCE,
gas_candidate,GMC Canyon Crew Cab Elevation,Rivian R1T Dual Motor Standard,TED:Longevity (warranty remaining),not confirmed,0-10,,not confirmed,2026-10-03,not scored: not confirmed,
gas_candidate,GMC Canyon Crew Cab Elevation,Rivian R1T Dual Motor Standard,TED:Energy cents per mile,3.7,0-10,3.7,not confirmed,2026-10-03,INFERENCE,
gas_candidate,GMC Canyon Crew Cab Elevation,Rivian R1T Dual Motor Standard,TED:Maintenance cents per mile,4.5,0-10,4.5,not confirmed,2026-10-03,INFERENCE,
gas_candidate,Chevrolet Colorado Crew Cab WT short bed,Rivian R1T Dual Motor Standard,payload,1684,lb,9.6,https://www.kbb.com/chevrolet/colorado/2025/,2026-10-03,FACT,yes
gas_candidate,Chevrolet Colorado Crew Cab WT short bed,Rivian R1T Dual Motor Standard,tow,7700,lb,10.0,https://www.kbb.com/chevrolet/colorado/2025/,2026-10-03,FACT,yes
gas_candidate,Chevrolet Colorado Crew Cab WT short bed,Rivian R1T Dual Motor Standard,cargo,5.0 ft bed,bed_ft_or_cuft,10.0,https://www.kbb.com/chevrolet/colorado/2025/,2026-10-03,FACT,
gas_candidate,Chevrolet Colorado Crew Cab WT short bed,Rivian R1T Dual Motor Standard,cab,3,cab_ordinal_crew3,10.0,https://www.kbb.com/chevrolet/colorado/2025/,2026-10-03,FACT,
gas_candidate,Chevrolet Colorado Crew Cab WT short bed,Rivian R1T Dual Motor Standard,range,not confirmed,mi,,not confirmed,2026-10-03,UNKNOWN,no
gas_candidate,Chevrolet Colorado Crew Cab WT short bed,Rivian R1T Dual Motor Standard,tow_range,not confirmed,mi,,https://www.kbb.com/chevrolet/colorado/2025/,2026-10-03,UNKNOWN,
gas_candidate,Chevrolet Colorado Crew Cab WT short bed,Rivian R1T Dual Motor Standard,msrp,33595,usd,10.0,https://www.kbb.com/chevrolet/colorado/2025/,2026-10-03,FACT,yes
gas_candidate,Chevrolet Colorado Crew Cab WT short bed,Rivian R1T Dual Motor Standard,resale_3yr_retained,86.0,percent,7.2,https://www.iseecars.com/car/chevrolet-colorado/resale-value,2026-10-03,FACT,
gas_candidate,Chevrolet Colorado Crew Cab WT short bed,Rivian R1T Dual Motor Standard,mpg_combined,20,mpg,,https://www.kbb.com/chevrolet/colorado/2025/,2026-10-03,FACT,
gas_candidate,Chevrolet Colorado Crew Cab WT short bed,Rivian R1T Dual Motor Standard,energy_usd_per_mi,0.2078,USD/mi,3.7,https://www.kbb.com/chevrolet/colorado/2025/,2026-10-03,INFERENCE,
gas_candidate,Chevrolet Colorado Crew Cab WT short bed,Rivian R1T Dual Motor Standard,maint_usd_per_mi,0.101,USD/mi,4.5,https://www.kbb.com/chevrolet/colorado/2025/,2026-10-03,FACT class-level AFDC,
gas_candidate,Chevrolet Colorado Crew Cab WT short bed,Rivian R1T Dual Motor Standard,service_network,9,0-10 ordinal,9,https://www.kbb.com/chevrolet/colorado/2025/,2026-10-03,INFERENCE,
gas_candidate,Chevrolet Colorado Crew Cab WT short bed,Rivian R1T Dual Motor Standard,class_match,midsize vs midsize,class,10.0,https://www.kbb.com/chevrolet/colorado/2025/,2026-10-03,INFERENCE,
gas_candidate,Chevrolet Colorado Crew Cab WT short bed,Rivian R1T Dual Motor Standard,rank_metric,8.3,0-10,8.3,https://www.kbb.com/chevrolet/colorado/2025/,2026-10-03,INFERENCE,
ev,Rivian R1T Dual Motor Standard,Rivian R1T Dual Motor Standard,TED:Range fit,10.0,0-10,10.0,https://rivian.com/r1t,2026-10-03,INFERENCE,
ev,Rivian R1T Dual Motor Standard,Rivian R1T Dual Motor Standard,TED:Payload/cargo fit,10.0,0-10,10.0,https://rivian.com/r1t,2026-10-03,INFERENCE,
ev,Rivian R1T Dual Motor Standard,Rivian R1T Dual Motor Standard,TED:Cab/crew fit,10.0,0-10,10.0,https://rivian.com/r1t,2026-10-03,INFERENCE,
ev,Rivian R1T Dual Motor Standard,Rivian R1T Dual Motor Standard,TED:Tow fit,10.0,0-10,10.0,https://rivian.com/r1t,2026-10-03,INFERENCE,
ev,Rivian R1T Dual Motor Standard,Rivian R1T Dual Motor Standard,TED:Resale (3-yr retained %),not confirmed,0-10,,https://rivian.com/r1t,2026-10-03,not scored: not confirmed,
ev,Rivian R1T Dual Motor Standard,Rivian R1T Dual Motor Standard,TED:Reliability,not confirmed,0-10,,https://rivian.com/r1t,2026-10-03,not scored: not confirmed,
ev,Rivian R1T Dual Motor Standard,Rivian R1T Dual Motor Standard,TED:Service network,4.0,0-10,4.0,https://rivian.com/r1t,2026-10-03,INFERENCE,
ev,Rivian R1T Dual Motor Standard,Rivian R1T Dual Motor Standard,TED:Longevity (warranty remaining),not confirmed,0-10,,https://rivian.com/r1t,2026-10-03,not scored: not confirmed,
ev,Rivian R1T Dual Motor Standard,Rivian R1T Dual Motor Standard,TED:Energy cents per mile,9.9,0-10,9.9,https://rivian.com/r1t,2026-10-03,INFERENCE,
ev,Rivian R1T Dual Motor Standard,Rivian R1T Dual Motor Standard,TED:Maintenance cents per mile,8.1,0-10,8.1,https://rivian.com/r1t,2026-10-03,INFERENCE,
gas_candidate,Chevrolet Colorado Crew Cab WT short bed,Rivian R1T Dual Motor Standard,TED:Range fit,not confirmed,0-10,,not confirmed,2026-10-03,not scored: not confirmed,
gas_candidate,Chevrolet Colorado Crew Cab WT short bed,Rivian R1T Dual Motor Standard,TED:Payload/cargo fit,9.6,0-10,9.6,not confirmed,2026-10-03,INFERENCE,
gas_candidate,Chevrolet Colorado Crew Cab WT short bed,Rivian R1T Dual Motor Standard,TED:Cab/crew fit,10.0,0-10,10.0,not confirmed,2026-10-03,INFERENCE,
gas_candidate,Chevrolet Colorado Crew Cab WT short bed,Rivian R1T Dual Motor Standard,TED:Tow fit,10.0,0-10,10.0,not confirmed,2026-10-03,INFERENCE,
gas_candidate,Chevrolet Colorado Crew Cab WT short bed,Rivian R1T Dual Motor Standard,TED:Resale (3-yr retained %),7.2,0-10,7.2,not confirmed,2026-10-03,INFERENCE,
gas_candidate,Chevrolet Colorado Crew Cab WT short bed,Rivian R1T Dual Motor Standard,TED:Reliability,not confirmed,0-10,,not confirmed,2026-10-03,not scored: not confirmed,
gas_candidate,Chevrolet Colorado Crew Cab WT short bed,Rivian R1T Dual Motor Standard,TED:Service network,9.0,0-10,9.0,not confirmed,2026-10-03,INFERENCE,
gas_candidate,Chevrolet Colorado Crew Cab WT short bed,Rivian R1T Dual Motor Standard,TED:Longevity (warranty remaining),not confirmed,0-10,,not confirmed,2026-10-03,not scored: not confirmed,
gas_candidate,Chevrolet Colorado Crew Cab WT short bed,Rivian R1T Dual Motor Standard,TED:Energy cents per mile,3.7,0-10,3.7,not confirmed,2026-10-03,INFERENCE,
gas_candidate,Chevrolet Colorado Crew Cab WT short bed,Rivian R1T Dual Motor Standard,TED:Maintenance cents per mile,4.5,0-10,4.5,not confirmed,2026-10-03,INFERENCE,
gas_candidate,Ford Ranger SuperCrew XLT 4WD 5-ft bed,Rivian R1T Dual Motor Standard,payload,1711,lb,9.7,https://www.kbb.com/ford/ranger-supercrew/2025/,2026-10-03,FACT,yes
gas_candidate,Ford Ranger SuperCrew XLT 4WD 5-ft bed,Rivian R1T Dual Motor Standard,tow,7500,lb,9.6,https://www.kbb.com/ford/ranger-supercrew/2025/,2026-10-03,FACT,yes
gas_candidate,Ford Ranger SuperCrew XLT 4WD 5-ft bed,Rivian R1T Dual Motor Standard,cargo,4.97 ft bed,bed_ft_or_cuft,10.0,https://www.kbb.com/ford/ranger-supercrew/2025/,2026-10-03,FACT,
gas_candidate,Ford Ranger SuperCrew XLT 4WD 5-ft bed,Rivian R1T Dual Motor Standard,cab,3,cab_ordinal_crew3,10.0,https://www.kbb.com/ford/ranger-supercrew/2025/,2026-10-03,FACT,
gas_candidate,Ford Ranger SuperCrew XLT 4WD 5-ft bed,Rivian R1T Dual Motor Standard,range,not confirmed,mi,,not confirmed,2026-10-03,UNKNOWN,no
gas_candidate,Ford Ranger SuperCrew XLT 4WD 5-ft bed,Rivian R1T Dual Motor Standard,tow_range,not confirmed,mi,,https://www.kbb.com/ford/ranger-supercrew/2025/,2026-10-03,UNKNOWN,
gas_candidate,Ford Ranger SuperCrew XLT 4WD 5-ft bed,Rivian R1T Dual Motor Standard,msrp,not confirmed,usd,,not confirmed,2026-10-03,UNKNOWN,no
gas_candidate,Ford Ranger SuperCrew XLT 4WD 5-ft bed,Rivian R1T Dual Motor Standard,resale_3yr_retained,not confirmed,percent,,https://www.iseecars.com/resale-value/midsize-trucks,2026-10-03,UNKNOWN,
gas_candidate,Ford Ranger SuperCrew XLT 4WD 5-ft bed,Rivian R1T Dual Motor Standard,mpg_combined,22,mpg,,https://www.kbb.com/ford/ranger-supercrew/2025/specs/,2026-10-03,FACT,
gas_candidate,Ford Ranger SuperCrew XLT 4WD 5-ft bed,Rivian R1T Dual Motor Standard,energy_usd_per_mi,0.1889,USD/mi,4.4,https://www.kbb.com/ford/ranger-supercrew/2025/specs/,2026-10-03,INFERENCE,
gas_candidate,Ford Ranger SuperCrew XLT 4WD 5-ft bed,Rivian R1T Dual Motor Standard,maint_usd_per_mi,0.101,USD/mi,4.5,https://www.kbb.com/ford/ranger-supercrew/2025/specs/,2026-10-03,FACT class-level AFDC,
gas_candidate,Ford Ranger SuperCrew XLT 4WD 5-ft bed,Rivian R1T Dual Motor Standard,service_network,10,0-10 ordinal,10,not confirmed,2026-10-03,INFERENCE,
gas_candidate,Ford Ranger SuperCrew XLT 4WD 5-ft bed,Rivian R1T Dual Motor Standard,class_match,midsize vs midsize,class,10.0,https://www.kbb.com/ford/ranger-supercrew/2025/,2026-10-03,INFERENCE,
gas_candidate,Ford Ranger SuperCrew XLT 4WD 5-ft bed,Rivian R1T Dual Motor Standard,rank_metric,6.6,0-10,6.6,https://www.kbb.com/ford/ranger-supercrew/2025/,2026-10-03,INFERENCE,
ev,Rivian R1T Dual Motor Standard,Rivian R1T Dual Motor Standard,TED:Range fit,10.0,0-10,10.0,https://rivian.com/r1t,2026-10-03,INFERENCE,
ev,Rivian R1T Dual Motor Standard,Rivian R1T Dual Motor Standard,TED:Payload/cargo fit,10.0,0-10,10.0,https://rivian.com/r1t,2026-10-03,INFERENCE,
ev,Rivian R1T Dual Motor Standard,Rivian R1T Dual Motor Standard,TED:Cab/crew fit,10.0,0-10,10.0,https://rivian.com/r1t,2026-10-03,INFERENCE,
ev,Rivian R1T Dual Motor Standard,Rivian R1T Dual Motor Standard,TED:Tow fit,10.0,0-10,10.0,https://rivian.com/r1t,2026-10-03,INFERENCE,
ev,Rivian R1T Dual Motor Standard,Rivian R1T Dual Motor Standard,TED:Resale (3-yr retained %),not confirmed,0-10,,https://rivian.com/r1t,2026-10-03,not scored: not confirmed,
ev,Rivian R1T Dual Motor Standard,Rivian R1T Dual Motor Standard,TED:Reliability,not confirmed,0-10,,https://rivian.com/r1t,2026-10-03,not scored: not confirmed,
ev,Rivian R1T Dual Motor Standard,Rivian R1T Dual Motor Standard,TED:Service network,4.0,0-10,4.0,https://rivian.com/r1t,2026-10-03,INFERENCE,
ev,Rivian R1T Dual Motor Standard,Rivian R1T Dual Motor Standard,TED:Longevity (warranty remaining),not confirmed,0-10,,https://rivian.com/r1t,2026-10-03,not scored: not confirmed,
ev,Rivian R1T Dual Motor Standard,Rivian R1T Dual Motor Standard,TED:Energy cents per mile,9.9,0-10,9.9,https://rivian.com/r1t,2026-10-03,INFERENCE,
ev,Rivian R1T Dual Motor Standard,Rivian R1T Dual Motor Standard,TED:Maintenance cents per mile,8.1,0-10,8.1,https://rivian.com/r1t,2026-10-03,INFERENCE,
gas_candidate,Ford Ranger SuperCrew XLT 4WD 5-ft bed,Rivian R1T Dual Motor Standard,TED:Range fit,not confirmed,0-10,,not confirmed,2026-10-03,not scored: not confirmed,
gas_candidate,Ford Ranger SuperCrew XLT 4WD 5-ft bed,Rivian R1T Dual Motor Standard,TED:Payload/cargo fit,9.7,0-10,9.7,not confirmed,2026-10-03,INFERENCE,
gas_candidate,Ford Ranger SuperCrew XLT 4WD 5-ft bed,Rivian R1T Dual Motor Standard,TED:Cab/crew fit,10.0,0-10,10.0,not confirmed,2026-10-03,INFERENCE,
gas_candidate,Ford Ranger SuperCrew XLT 4WD 5-ft bed,Rivian R1T Dual Motor Standard,TED:Tow fit,9.6,0-10,9.6,not confirmed,2026-10-03,INFERENCE,
gas_candidate,Ford Ranger SuperCrew XLT 4WD 5-ft bed,Rivian R1T Dual Motor Standard,TED:Resale (3-yr retained %),not confirmed,0-10,,not confirmed,2026-10-03,not scored: not confirmed,
gas_candidate,Ford Ranger SuperCrew XLT 4WD 5-ft bed,Rivian R1T Dual Motor Standard,TED:Reliability,not confirmed,0-10,,not confirmed,2026-10-03,not scored: not confirmed,
gas_candidate,Ford Ranger SuperCrew XLT 4WD 5-ft bed,Rivian R1T Dual Motor Standard,TED:Service network,10.0,0-10,10.0,not confirmed,2026-10-03,INFERENCE,
gas_candidate,Ford Ranger SuperCrew XLT 4WD 5-ft bed,Rivian R1T Dual Motor Standard,TED:Longevity (warranty remaining),not confirmed,0-10,,not confirmed,2026-10-03,not scored: not confirmed,
gas_candidate,Ford Ranger SuperCrew XLT 4WD 5-ft bed,Rivian R1T Dual Motor Standard,TED:Energy cents per mile,4.4,0-10,4.4,not confirmed,2026-10-03,INFERENCE,
gas_candidate,Ford Ranger SuperCrew XLT 4WD 5-ft bed,Rivian R1T Dual Motor Standard,TED:Maintenance cents per mile,4.5,0-10,4.5,not confirmed,2026-10-03,INFERENCE,
gas_candidate,Nissan Frontier Crew Cab SV 4WD (specs incomplete this pass),Rivian R1T Dual Motor Standard,payload,not confirmed,lb,,not confirmed,2026-10-03,UNKNOWN,no
gas_candidate,Nissan Frontier Crew Cab SV 4WD (specs incomplete this pass),Rivian R1T Dual Motor Standard,tow,not confirmed,lb,,not confirmed,2026-10-03,UNKNOWN,no
gas_candidate,Nissan Frontier Crew Cab SV 4WD (specs incomplete this pass),Rivian R1T Dual Motor Standard,cargo,5.0 ft bed,bed_ft_or_cuft,10.0,not confirmed,2026-10-03,FACT,
gas_candidate,Nissan Frontier Crew Cab SV 4WD (specs incomplete this pass),Rivian R1T Dual Motor Standard,cab,3,cab_ordinal_crew3,10.0,not confirmed,2026-10-03,FACT,
gas_candidate,Nissan Frontier Crew Cab SV 4WD (specs incomplete this pass),Rivian R1T Dual Motor Standard,range,not confirmed,mi,,not confirmed,2026-10-03,UNKNOWN,no
gas_candidate,Nissan Frontier Crew Cab SV 4WD (specs incomplete this pass),Rivian R1T Dual Motor Standard,tow_range,not confirmed,mi,,not confirmed,2026-10-03,UNKNOWN,
gas_candidate,Nissan Frontier Crew Cab SV 4WD (specs incomplete this pass),Rivian R1T Dual Motor Standard,msrp,not confirmed,usd,,not confirmed,2026-10-03,UNKNOWN,no
gas_candidate,Nissan Frontier Crew Cab SV 4WD (specs incomplete this pass),Rivian R1T Dual Motor Standard,resale_3yr_retained,not confirmed,percent,,https://www.iseecars.com/resale-value/midsize-trucks,2026-10-03,UNKNOWN,
gas_candidate,Nissan Frontier Crew Cab SV 4WD (specs incomplete this pass),Rivian R1T Dual Motor Standard,mpg_combined,not confirmed,mpg,,not confirmed,2026-10-03,UNKNOWN,
gas_candidate,Nissan Frontier Crew Cab SV 4WD (specs incomplete this pass),Rivian R1T Dual Motor Standard,energy_usd_per_mi,not confirmed,USD/mi,,not confirmed,2026-10-03,UNKNOWN,
gas_candidate,Nissan Frontier Crew Cab SV 4WD (specs incomplete this pass),Rivian R1T Dual Motor Standard,maint_usd_per_mi,0.101,USD/mi,4.5,not confirmed,2026-10-03,FACT class-level AFDC,
gas_candidate,Nissan Frontier Crew Cab SV 4WD (specs incomplete this pass),Rivian R1T Dual Motor Standard,service_network,7,0-10 ordinal,7,not confirmed,2026-10-03,INFERENCE,
gas_candidate,Nissan Frontier Crew Cab SV 4WD (specs incomplete this pass),Rivian R1T Dual Motor Standard,class_match,midsize vs midsize,class,10.0,not confirmed,2026-10-03,INFERENCE,
gas_candidate,Nissan Frontier Crew Cab SV 4WD (specs incomplete this pass),Rivian R1T Dual Motor Standard,rank_metric,3.3,0-10,3.3,not confirmed,2026-10-03,INFERENCE,
ev,Rivian R1T Dual Motor Standard,Rivian R1T Dual Motor Standard,TED:Range fit,10.0,0-10,10.0,https://rivian.com/r1t,2026-10-03,INFERENCE,
ev,Rivian R1T Dual Motor Standard,Rivian R1T Dual Motor Standard,TED:Payload/cargo fit,10.0,0-10,10.0,https://rivian.com/r1t,2026-10-03,INFERENCE,
ev,Rivian R1T Dual Motor Standard,Rivian R1T Dual Motor Standard,TED:Cab/crew fit,10.0,0-10,10.0,https://rivian.com/r1t,2026-10-03,INFERENCE,
ev,Rivian R1T Dual Motor Standard,Rivian R1T Dual Motor Standard,TED:Tow fit,10.0,0-10,10.0,https://rivian.com/r1t,2026-10-03,INFERENCE,
ev,Rivian R1T Dual Motor Standard,Rivian R1T Dual Motor Standard,TED:Resale (3-yr retained %),not confirmed,0-10,,https://rivian.com/r1t,2026-10-03,not scored: not confirmed,
ev,Rivian R1T Dual Motor Standard,Rivian R1T Dual Motor Standard,TED:Reliability,not confirmed,0-10,,https://rivian.com/r1t,2026-10-03,not scored: not confirmed,
ev,Rivian R1T Dual Motor Standard,Rivian R1T Dual Motor Standard,TED:Service network,4.0,0-10,4.0,https://rivian.com/r1t,2026-10-03,INFERENCE,
ev,Rivian R1T Dual Motor Standard,Rivian R1T Dual Motor Standard,TED:Longevity (warranty remaining),not confirmed,0-10,,https://rivian.com/r1t,2026-10-03,not scored: not confirmed,
ev,Rivian R1T Dual Motor Standard,Rivian R1T Dual Motor Standard,TED:Energy cents per mile,9.9,0-10,9.9,https://rivian.com/r1t,2026-10-03,INFERENCE,
ev,Rivian R1T Dual Motor Standard,Rivian R1T Dual Motor Standard,TED:Maintenance cents per mile,8.1,0-10,8.1,https://rivian.com/r1t,2026-10-03,INFERENCE,
gas_candidate,Nissan Frontier Crew Cab SV 4WD (specs incomplete this pass),Rivian R1T Dual Motor Standard,TED:Range fit,not confirmed,0-10,,not confirmed,2026-10-03,not scored: not confirmed,
gas_candidate,Nissan Frontier Crew Cab SV 4WD (specs incomplete this pass),Rivian R1T Dual Motor Standard,TED:Payload/cargo fit,not confirmed,0-10,,not confirmed,2026-10-03,not scored: not confirmed,
gas_candidate,Nissan Frontier Crew Cab SV 4WD (specs incomplete this pass),Rivian R1T Dual Motor Standard,TED:Cab/crew fit,10.0,0-10,10.0,not confirmed,2026-10-03,INFERENCE,
gas_candidate,Nissan Frontier Crew Cab SV 4WD (specs incomplete this pass),Rivian R1T Dual Motor Standard,TED:Tow fit,not confirmed,0-10,,not confirmed,2026-10-03,not scored: not confirmed,
gas_candidate,Nissan Frontier Crew Cab SV 4WD (specs incomplete this pass),Rivian R1T Dual Motor Standard,TED:Resale (3-yr retained %),not confirmed,0-10,,not confirmed,2026-10-03,not scored: not confirmed,
gas_candidate,Nissan Frontier Crew Cab SV 4WD (specs incomplete this pass),Rivian R1T Dual Motor Standard,TED:Reliability,not confirmed,0-10,,not confirmed,2026-10-03,not scored: not confirmed,
gas_candidate,Nissan Frontier Crew Cab SV 4WD (specs incomplete this pass),Rivian R1T Dual Motor Standard,TED:Service network,7.0,0-10,7.0,not confirmed,2026-10-03,INFERENCE,
gas_candidate,Nissan Frontier Crew Cab SV 4WD (specs incomplete this pass),Rivian R1T Dual Motor Standard,TED:Longevity (warranty remaining),not confirmed,0-10,,not confirmed,2026-10-03,not scored: not confirmed,
gas_candidate,Nissan Frontier Crew Cab SV 4WD (specs incomplete this pass),Rivian R1T Dual Motor Standard,TED:Energy cents per mile,not confirmed,0-10,,not confirmed,2026-10-03,not scored: not confirmed,
gas_candidate,Nissan Frontier Crew Cab SV 4WD (specs incomplete this pass),Rivian R1T Dual Motor Standard,TED:Maintenance cents per mile,4.5,0-10,4.5,not confirmed,2026-10-03,INFERENCE,
gas_candidate,Jeep Gladiator Crew Cab Sport 4x4 (specs incomplete this pass),Rivian R1T Dual Motor Standard,payload,not confirmed,lb,,not confirmed,2026-10-03,UNKNOWN,no
gas_candidate,Jeep Gladiator Crew Cab Sport 4x4 (specs incomplete this pass),Rivian R1T Dual Motor Standard,tow,not confirmed,lb,,not confirmed,2026-10-03,UNKNOWN,no
gas_candidate,Jeep Gladiator Crew Cab Sport 4x4 (specs incomplete this pass),Rivian R1T Dual Motor Standard,cargo,5.0 ft bed,bed_ft_or_cuft,10.0,not confirmed,2026-10-03,FACT,
gas_candidate,Jeep Gladiator Crew Cab Sport 4x4 (specs incomplete this pass),Rivian R1T Dual Motor Standard,cab,3,cab_ordinal_crew3,10.0,not confirmed,2026-10-03,FACT,
gas_candidate,Jeep Gladiator Crew Cab Sport 4x4 (specs incomplete this pass),Rivian R1T Dual Motor Standard,range,not confirmed,mi,,not confirmed,2026-10-03,UNKNOWN,no
gas_candidate,Jeep Gladiator Crew Cab Sport 4x4 (specs incomplete this pass),Rivian R1T Dual Motor Standard,tow_range,not confirmed,mi,,not confirmed,2026-10-03,UNKNOWN,
gas_candidate,Jeep Gladiator Crew Cab Sport 4x4 (specs incomplete this pass),Rivian R1T Dual Motor Standard,msrp,not confirmed,usd,,not confirmed,2026-10-03,UNKNOWN,no
gas_candidate,Jeep Gladiator Crew Cab Sport 4x4 (specs incomplete this pass),Rivian R1T Dual Motor Standard,resale_3yr_retained,not confirmed,percent,,https://www.iseecars.com/resale-value/midsize-trucks,2026-10-03,UNKNOWN,
gas_candidate,Jeep Gladiator Crew Cab Sport 4x4 (specs incomplete this pass),Rivian R1T Dual Motor Standard,mpg_combined,not confirmed,mpg,,not confirmed,2026-10-03,UNKNOWN,
gas_candidate,Jeep Gladiator Crew Cab Sport 4x4 (specs incomplete this pass),Rivian R1T Dual Motor Standard,energy_usd_per_mi,not confirmed,USD/mi,,not confirmed,2026-10-03,UNKNOWN,
gas_candidate,Jeep Gladiator Crew Cab Sport 4x4 (specs incomplete this pass),Rivian R1T Dual Motor Standard,maint_usd_per_mi,0.101,USD/mi,4.5,not confirmed,2026-10-03,FACT class-level AFDC,
gas_candidate,Jeep Gladiator Crew Cab Sport 4x4 (specs incomplete this pass),Rivian R1T Dual Motor Standard,service_network,8,0-10 ordinal,8,not confirmed,2026-10-03,INFERENCE,
gas_candidate,Jeep Gladiator Crew Cab Sport 4x4 (specs incomplete this pass),Rivian R1T Dual Motor Standard,class_match,midsize vs midsize,class,10.0,not confirmed,2026-10-03,INFERENCE,
gas_candidate,Jeep Gladiator Crew Cab Sport 4x4 (specs incomplete this pass),Rivian R1T Dual Motor Standard,rank_metric,3.3,0-10,3.3,not confirmed,2026-10-03,INFERENCE,
ev,Rivian R1T Dual Motor Standard,Rivian R1T Dual Motor Standard,TED:Range fit,10.0,0-10,10.0,https://rivian.com/r1t,2026-10-03,INFERENCE,
ev,Rivian R1T Dual Motor Standard,Rivian R1T Dual Motor Standard,TED:Payload/cargo fit,10.0,0-10,10.0,https://rivian.com/r1t,2026-10-03,INFERENCE,
ev,Rivian R1T Dual Motor Standard,Rivian R1T Dual Motor Standard,TED:Cab/crew fit,10.0,0-10,10.0,https://rivian.com/r1t,2026-10-03,INFERENCE,
ev,Rivian R1T Dual Motor Standard,Rivian R1T Dual Motor Standard,TED:Tow fit,10.0,0-10,10.0,https://rivian.com/r1t,2026-10-03,INFERENCE,
ev,Rivian R1T Dual Motor Standard,Rivian R1T Dual Motor Standard,TED:Resale (3-yr retained %),not confirmed,0-10,,https://rivian.com/r1t,2026-10-03,not scored: not confirmed,
ev,Rivian R1T Dual Motor Standard,Rivian R1T Dual Motor Standard,TED:Reliability,not confirmed,0-10,,https://rivian.com/r1t,2026-10-03,not scored: not confirmed,
ev,Rivian R1T Dual Motor Standard,Rivian R1T Dual Motor Standard,TED:Service network,4.0,0-10,4.0,https://rivian.com/r1t,2026-10-03,INFERENCE,
ev,Rivian R1T Dual Motor Standard,Rivian R1T Dual Motor Standard,TED:Longevity (warranty remaining),not confirmed,0-10,,https://rivian.com/r1t,2026-10-03,not scored: not confirmed,
ev,Rivian R1T Dual Motor Standard,Rivian R1T Dual Motor Standard,TED:Energy cents per mile,9.9,0-10,9.9,https://rivian.com/r1t,2026-10-03,INFERENCE,
ev,Rivian R1T Dual Motor Standard,Rivian R1T Dual Motor Standard,TED:Maintenance cents per mile,8.1,0-10,8.1,https://rivian.com/r1t,2026-10-03,INFERENCE,
gas_candidate,Jeep Gladiator Crew Cab Sport 4x4 (specs incomplete this pass),Rivian R1T Dual Motor Standard,TED:Range fit,not confirmed,0-10,,not confirmed,2026-10-03,not scored: not confirmed,
gas_candidate,Jeep Gladiator Crew Cab Sport 4x4 (specs incomplete this pass),Rivian R1T Dual Motor Standard,TED:Payload/cargo fit,not confirmed,0-10,,not confirmed,2026-10-03,not scored: not confirmed,
gas_candidate,Jeep Gladiator Crew Cab Sport 4x4 (specs incomplete this pass),Rivian R1T Dual Motor Standard,TED:Cab/crew fit,10.0,0-10,10.0,not confirmed,2026-10-03,INFERENCE,
gas_candidate,Jeep Gladiator Crew Cab Sport 4x4 (specs incomplete this pass),Rivian R1T Dual Motor Standard,TED:Tow fit,not confirmed,0-10,,not confirmed,2026-10-03,not scored: not confirmed,
gas_candidate,Jeep Gladiator Crew Cab Sport 4x4 (specs incomplete this pass),Rivian R1T Dual Motor Standard,TED:Resale (3-yr retained %),not confirmed,0-10,,not confirmed,2026-10-03,not scored: not confirmed,
gas_candidate,Jeep Gladiator Crew Cab Sport 4x4 (specs incomplete this pass),Rivian R1T Dual Motor Standard,TED:Reliability,not confirmed,0-10,,not confirmed,2026-10-03,not scored: not confirmed,
gas_candidate,Jeep Gladiator Crew Cab Sport 4x4 (specs incomplete this pass),Rivian R1T Dual Motor Standard,TED:Service network,8.0,0-10,8.0,not confirmed,2026-10-03,INFERENCE,
gas_candidate,Jeep Gladiator Crew Cab Sport 4x4 (specs incomplete this pass),Rivian R1T Dual Motor Standard,TED:Longevity (warranty remaining),not confirmed,0-10,,not confirmed,2026-10-03,not scored: not confirmed,
gas_candidate,Jeep Gladiator Crew Cab Sport 4x4 (specs incomplete this pass),Rivian R1T Dual Motor Standard,TED:Energy cents per mile,not confirmed,0-10,,not confirmed,2026-10-03,not scored: not confirmed,
gas_candidate,Jeep Gladiator Crew Cab Sport 4x4 (specs incomplete this pass),Rivian R1T Dual Motor Standard,TED:Maintenance cents per mile,4.5,0-10,4.5,not confirmed,2026-10-03,INFERENCE,
ev,Rivian R1T Dual/Tri/Quad Max (11k tow),Rivian R1T Dual/Tri/Quad Max (11k tow),payload,1764,lb,,https://assets.ctfassets.net/2md5qhoeajym/5ysf6K5UtGtHedY1fMeClC/3ab05048ce5c4f7e3195607919f3def3/r1t-upfitting-guide-en-us-20250924.pdf,2026-10-03,FACT,yes
ev,Rivian R1T Dual/Tri/Quad Max (11k tow),Rivian R1T Dual/Tri/Quad Max (11k tow),tow,11000,lb,,https://rivian.com/r1t,2026-10-03,FACT,yes
ev,Rivian R1T Dual/Tri/Quad Max (11k tow),Rivian R1T Dual/Tri/Quad Max (11k tow),cargo,4.52 ft bed,bed_ft_or_cuft,,https://assets.ctfassets.net/2md5qhoeajym/5ysf6K5UtGtHedY1fMeClC/3ab05048ce5c4f7e3195607919f3def3/r1t-upfitting-guide-en-us-20250924.pdf,2026-10-03,FACT,
ev,Rivian R1T Dual/Tri/Quad Max (11k tow),Rivian R1T Dual/Tri/Quad Max (11k tow),cab,3,cab_ordinal_crew3,,https://rivian.com/r1t,2026-10-03,FACT,
ev,Rivian R1T Dual/Tri/Quad Max (11k tow),Rivian R1T Dual/Tri/Quad Max (11k tow),range,420,mi,,https://rivian.com/r1t,2026-10-03,FACT,yes
ev,Rivian R1T Dual/Tri/Quad Max (11k tow),Rivian R1T Dual/Tri/Quad Max (11k tow),tow_range,not confirmed,mi,,https://rivian.com/r1t,2026-10-03,UNKNOWN,
ev,Rivian R1T Dual/Tri/Quad Max (11k tow),Rivian R1T Dual/Tri/Quad Max (11k tow),msrp,79990,usd,,https://rivian.com/r1t,2026-10-03,FACT,yes
ev,Rivian R1T Dual/Tri/Quad Max (11k tow),Rivian R1T Dual/Tri/Quad Max (11k tow),resale_3yr_retained,not confirmed,percent,,not confirmed,2026-10-03,UNKNOWN,
ev,Rivian R1T Dual/Tri/Quad Max (11k tow),Rivian R1T Dual/Tri/Quad Max (11k tow),efficiency_kwh_100mi,40,kWh/100mi,,https://www.fueleconomy.gov/feg/bymake/Rivian2025.shtml,2026-10-03,FACT,
ev,Rivian R1T Dual/Tri/Quad Max (11k tow),Rivian R1T Dual/Tri/Quad Max (11k tow),energy_usd_per_mi,0.049,USD/mi,,https://www.fueleconomy.gov/feg/bymake/Rivian2025.shtml,2026-10-03,INFERENCE,
ev,Rivian R1T Dual/Tri/Quad Max (11k tow),Rivian R1T Dual/Tri/Quad Max (11k tow),maint_usd_per_mi,0.061,USD/mi,,https://www.fueleconomy.gov/feg/bymake/Rivian2025.shtml,2026-10-03,FACT class-level AFDC,
ev,Rivian R1T Dual/Tri/Quad Max (11k tow),Rivian R1T Dual/Tri/Quad Max (11k tow),service_network,4,0-10 ordinal,4,https://rivian.com/r1t,2026-10-03,INFERENCE,
gas_candidate,Toyota Tacoma Double Cab Limited 5-ft bed 4WD,Rivian R1T Dual/Tri/Quad Max (11k tow),payload,1590,lb,9.1,https://www.kbb.com/toyota/tacoma-double-cab/2025/specs/,2026-10-03,FACT,yes
gas_candidate,Toyota Tacoma Double Cab Limited 5-ft bed 4WD,Rivian R1T Dual/Tri/Quad Max (11k tow),tow,6300,lb,0.6,https://www.kbb.com/toyota/tacoma-double-cab/2025/specs/,2026-10-03,FACT,yes
gas_candidate,Toyota Tacoma Double Cab Limited 5-ft bed 4WD,Rivian R1T Dual/Tri/Quad Max (11k tow),cargo,5.0 ft bed,bed_ft_or_cuft,10.0,https://www.kbb.com/toyota/tacoma-double-cab/2025/specs/,2026-10-03,FACT,
gas_candidate,Toyota Tacoma Double Cab Limited 5-ft bed 4WD,Rivian R1T Dual/Tri/Quad Max (11k tow),cab,3,cab_ordinal_crew3,10.0,https://www.kbb.com/toyota/tacoma-double-cab/2025/specs/,2026-10-03,FACT,
gas_candidate,Toyota Tacoma Double Cab Limited 5-ft bed 4WD,Rivian R1T Dual/Tri/Quad Max (11k tow),range,not confirmed,mi,,not confirmed,2026-10-03,UNKNOWN,no
gas_candidate,Toyota Tacoma Double Cab Limited 5-ft bed 4WD,Rivian R1T Dual/Tri/Quad Max (11k tow),tow_range,not confirmed,mi,,https://www.kbb.com/toyota/tacoma-double-cab/2025/specs/,2026-10-03,UNKNOWN,
gas_candidate,Toyota Tacoma Double Cab Limited 5-ft bed 4WD,Rivian R1T Dual/Tri/Quad Max (11k tow),msrp,54450,usd,10.0,https://www.kbb.com/toyota/tacoma-double-cab/2025/specs/,2026-10-03,FACT,yes
gas_candidate,Toyota Tacoma Double Cab Limited 5-ft bed 4WD,Rivian R1T Dual/Tri/Quad Max (11k tow),resale_3yr_retained,96.8,percent,9.4,https://www.iseecars.com/car/toyota-tacoma/resale-value,2026-10-03,FACT,
gas_candidate,Toyota Tacoma Double Cab Limited 5-ft bed 4WD,Rivian R1T Dual/Tri/Quad Max (11k tow),mpg_combined,21,mpg,,https://www.kbb.com/toyota/tacoma-double-cab/2025/specs/,2026-10-03,FACT,
gas_candidate,Toyota Tacoma Double Cab Limited 5-ft bed 4WD,Rivian R1T Dual/Tri/Quad Max (11k tow),energy_usd_per_mi,0.1979,USD/mi,4.1,https://www.kbb.com/toyota/tacoma-double-cab/2025/specs/,2026-10-03,INFERENCE,
gas_candidate,Toyota Tacoma Double Cab Limited 5-ft bed 4WD,Rivian R1T Dual/Tri/Quad Max (11k tow),maint_usd_per_mi,0.101,USD/mi,4.5,https://www.kbb.com/toyota/tacoma-double-cab/2025/specs/,2026-10-03,FACT class-level AFDC,
gas_candidate,Toyota Tacoma Double Cab Limited 5-ft bed 4WD,Rivian R1T Dual/Tri/Quad Max (11k tow),service_network,9,0-10 ordinal,9,https://www.kbb.com/toyota/tacoma-double-cab/2025/specs/,2026-10-03,INFERENCE,
gas_candidate,Toyota Tacoma Double Cab Limited 5-ft bed 4WD,Rivian R1T Dual/Tri/Quad Max (11k tow),class_match,midsize vs midsize,class,10.0,https://www.kbb.com/toyota/tacoma-double-cab/2025/specs/,2026-10-03,INFERENCE,
gas_candidate,Toyota Tacoma Double Cab Limited 5-ft bed 4WD,Rivian R1T Dual/Tri/Quad Max (11k tow),rank_metric,7.2,0-10,7.2,https://www.kbb.com/toyota/tacoma-double-cab/2025/specs/,2026-10-03,INFERENCE,
ev,Rivian R1T Dual/Tri/Quad Max (11k tow),Rivian R1T Dual/Tri/Quad Max (11k tow),TED:Range fit,10.0,0-10,10.0,https://rivian.com/r1t,2026-10-03,INFERENCE,
ev,Rivian R1T Dual/Tri/Quad Max (11k tow),Rivian R1T Dual/Tri/Quad Max (11k tow),TED:Payload/cargo fit,10.0,0-10,10.0,https://rivian.com/r1t,2026-10-03,INFERENCE,
ev,Rivian R1T Dual/Tri/Quad Max (11k tow),Rivian R1T Dual/Tri/Quad Max (11k tow),TED:Cab/crew fit,10.0,0-10,10.0,https://rivian.com/r1t,2026-10-03,INFERENCE,
ev,Rivian R1T Dual/Tri/Quad Max (11k tow),Rivian R1T Dual/Tri/Quad Max (11k tow),TED:Tow fit,10.0,0-10,10.0,https://rivian.com/r1t,2026-10-03,INFERENCE,
ev,Rivian R1T Dual/Tri/Quad Max (11k tow),Rivian R1T Dual/Tri/Quad Max (11k tow),TED:Resale (3-yr retained %),not confirmed,0-10,,https://rivian.com/r1t,2026-10-03,not scored: not confirmed,
ev,Rivian R1T Dual/Tri/Quad Max (11k tow),Rivian R1T Dual/Tri/Quad Max (11k tow),TED:Reliability,not confirmed,0-10,,https://rivian.com/r1t,2026-10-03,not scored: not confirmed,
ev,Rivian R1T Dual/Tri/Quad Max (11k tow),Rivian R1T Dual/Tri/Quad Max (11k tow),TED:Service network,4.0,0-10,4.0,https://rivian.com/r1t,2026-10-03,INFERENCE,
ev,Rivian R1T Dual/Tri/Quad Max (11k tow),Rivian R1T Dual/Tri/Quad Max (11k tow),TED:Longevity (warranty remaining),not confirmed,0-10,,https://rivian.com/r1t,2026-10-03,not scored: not confirmed,
ev,Rivian R1T Dual/Tri/Quad Max (11k tow),Rivian R1T Dual/Tri/Quad Max (11k tow),TED:Energy cents per mile,10.0,0-10,10.0,https://rivian.com/r1t,2026-10-03,INFERENCE,
ev,Rivian R1T Dual/Tri/Quad Max (11k tow),Rivian R1T Dual/Tri/Quad Max (11k tow),TED:Maintenance cents per mile,8.1,0-10,8.1,https://rivian.com/r1t,2026-10-03,INFERENCE,
gas_candidate,Toyota Tacoma Double Cab Limited 5-ft bed 4WD,Rivian R1T Dual/Tri/Quad Max (11k tow),TED:Range fit,not confirmed,0-10,,not confirmed,2026-10-03,not scored: not confirmed,
gas_candidate,Toyota Tacoma Double Cab Limited 5-ft bed 4WD,Rivian R1T Dual/Tri/Quad Max (11k tow),TED:Payload/cargo fit,9.1,0-10,9.1,not confirmed,2026-10-03,INFERENCE,
gas_candidate,Toyota Tacoma Double Cab Limited 5-ft bed 4WD,Rivian R1T Dual/Tri/Quad Max (11k tow),TED:Cab/crew fit,10.0,0-10,10.0,not confirmed,2026-10-03,INFERENCE,
gas_candidate,Toyota Tacoma Double Cab Limited 5-ft bed 4WD,Rivian R1T Dual/Tri/Quad Max (11k tow),TED:Tow fit,0.6,0-10,0.6,not confirmed,2026-10-03,INFERENCE,
gas_candidate,Toyota Tacoma Double Cab Limited 5-ft bed 4WD,Rivian R1T Dual/Tri/Quad Max (11k tow),TED:Resale (3-yr retained %),9.4,0-10,9.4,not confirmed,2026-10-03,INFERENCE,
gas_candidate,Toyota Tacoma Double Cab Limited 5-ft bed 4WD,Rivian R1T Dual/Tri/Quad Max (11k tow),TED:Reliability,not confirmed,0-10,,not confirmed,2026-10-03,not scored: not confirmed,
gas_candidate,Toyota Tacoma Double Cab Limited 5-ft bed 4WD,Rivian R1T Dual/Tri/Quad Max (11k tow),TED:Service network,9.0,0-10,9.0,not confirmed,2026-10-03,INFERENCE,
gas_candidate,Toyota Tacoma Double Cab Limited 5-ft bed 4WD,Rivian R1T Dual/Tri/Quad Max (11k tow),TED:Longevity (warranty remaining),not confirmed,0-10,,not confirmed,2026-10-03,not scored: not confirmed,
gas_candidate,Toyota Tacoma Double Cab Limited 5-ft bed 4WD,Rivian R1T Dual/Tri/Quad Max (11k tow),TED:Energy cents per mile,4.1,0-10,4.1,not confirmed,2026-10-03,INFERENCE,
gas_candidate,Toyota Tacoma Double Cab Limited 5-ft bed 4WD,Rivian R1T Dual/Tri/Quad Max (11k tow),TED:Maintenance cents per mile,4.5,0-10,4.5,not confirmed,2026-10-03,INFERENCE,
gas_candidate,GMC Canyon Crew Cab Elevation,Rivian R1T Dual/Tri/Quad Max (11k tow),payload,1670,lb,9.5,https://www.kbb.com/gmc/canyon/2025/,2026-10-03,FACT,yes
gas_candidate,GMC Canyon Crew Cab Elevation,Rivian R1T Dual/Tri/Quad Max (11k tow),tow,7700,lb,3.4,https://www.kbb.com/gmc/canyon/2025/,2026-10-03,FACT,yes
gas_candidate,GMC Canyon Crew Cab Elevation,Rivian R1T Dual/Tri/Quad Max (11k tow),cargo,5.0 ft bed,bed_ft_or_cuft,10.0,https://www.kbb.com/gmc/canyon/2025/,2026-10-03,FACT,
gas_candidate,GMC Canyon Crew Cab Elevation,Rivian R1T Dual/Tri/Quad Max (11k tow),cab,3,cab_ordinal_crew3,10.0,https://www.kbb.com/gmc/canyon/2025/,2026-10-03,FACT,
gas_candidate,GMC Canyon Crew Cab Elevation,Rivian R1T Dual/Tri/Quad Max (11k tow),range,not confirmed,mi,,not confirmed,2026-10-03,UNKNOWN,no
gas_candidate,GMC Canyon Crew Cab Elevation,Rivian R1T Dual/Tri/Quad Max (11k tow),tow_range,not confirmed,mi,,https://www.kbb.com/gmc/canyon/2025/,2026-10-03,UNKNOWN,
gas_candidate,GMC Canyon Crew Cab Elevation,Rivian R1T Dual/Tri/Quad Max (11k tow),msrp,40095,usd,10.0,https://www.kbb.com/gmc/canyon/2025/,2026-10-03,FACT,yes
gas_candidate,GMC Canyon Crew Cab Elevation,Rivian R1T Dual/Tri/Quad Max (11k tow),resale_3yr_retained,not confirmed,percent,,https://www.iseecars.com/resale-value/midsize-trucks,2026-10-03,UNKNOWN,
gas_candidate,GMC Canyon Crew Cab Elevation,Rivian R1T Dual/Tri/Quad Max (11k tow),mpg_combined,20,mpg,,https://www.kbb.com/gmc/canyon/2025/,2026-10-03,FACT,
gas_candidate,GMC Canyon Crew Cab Elevation,Rivian R1T Dual/Tri/Quad Max (11k tow),energy_usd_per_mi,0.2078,USD/mi,3.7,https://www.kbb.com/gmc/canyon/2025/,2026-10-03,INFERENCE,
gas_candidate,GMC Canyon Crew Cab Elevation,Rivian R1T Dual/Tri/Quad Max (11k tow),maint_usd_per_mi,0.101,USD/mi,4.5,https://www.kbb.com/gmc/canyon/2025/,2026-10-03,FACT class-level AFDC,
gas_candidate,GMC Canyon Crew Cab Elevation,Rivian R1T Dual/Tri/Quad Max (11k tow),service_network,8,0-10 ordinal,8,https://www.kbb.com/gmc/canyon/2025/,2026-10-03,INFERENCE,
gas_candidate,GMC Canyon Crew Cab Elevation,Rivian R1T Dual/Tri/Quad Max (11k tow),class_match,midsize vs midsize,class,10.0,https://www.kbb.com/gmc/canyon/2025/,2026-10-03,INFERENCE,
gas_candidate,GMC Canyon Crew Cab Elevation,Rivian R1T Dual/Tri/Quad Max (11k tow),rank_metric,7.6,0-10,7.6,https://www.kbb.com/gmc/canyon/2025/,2026-10-03,INFERENCE,
ev,Rivian R1T Dual/Tri/Quad Max (11k tow),Rivian R1T Dual/Tri/Quad Max (11k tow),TED:Range fit,10.0,0-10,10.0,https://rivian.com/r1t,2026-10-03,INFERENCE,
ev,Rivian R1T Dual/Tri/Quad Max (11k tow),Rivian R1T Dual/Tri/Quad Max (11k tow),TED:Payload/cargo fit,10.0,0-10,10.0,https://rivian.com/r1t,2026-10-03,INFERENCE,
ev,Rivian R1T Dual/Tri/Quad Max (11k tow),Rivian R1T Dual/Tri/Quad Max (11k tow),TED:Cab/crew fit,10.0,0-10,10.0,https://rivian.com/r1t,2026-10-03,INFERENCE,
ev,Rivian R1T Dual/Tri/Quad Max (11k tow),Rivian R1T Dual/Tri/Quad Max (11k tow),TED:Tow fit,10.0,0-10,10.0,https://rivian.com/r1t,2026-10-03,INFERENCE,
ev,Rivian R1T Dual/Tri/Quad Max (11k tow),Rivian R1T Dual/Tri/Quad Max (11k tow),TED:Resale (3-yr retained %),not confirmed,0-10,,https://rivian.com/r1t,2026-10-03,not scored: not confirmed,
ev,Rivian R1T Dual/Tri/Quad Max (11k tow),Rivian R1T Dual/Tri/Quad Max (11k tow),TED:Reliability,not confirmed,0-10,,https://rivian.com/r1t,2026-10-03,not scored: not confirmed,
ev,Rivian R1T Dual/Tri/Quad Max (11k tow),Rivian R1T Dual/Tri/Quad Max (11k tow),TED:Service network,4.0,0-10,4.0,https://rivian.com/r1t,2026-10-03,INFERENCE,
ev,Rivian R1T Dual/Tri/Quad Max (11k tow),Rivian R1T Dual/Tri/Quad Max (11k tow),TED:Longevity (warranty remaining),not confirmed,0-10,,https://rivian.com/r1t,2026-10-03,not scored: not confirmed,
ev,Rivian R1T Dual/Tri/Quad Max (11k tow),Rivian R1T Dual/Tri/Quad Max (11k tow),TED:Energy cents per mile,10.0,0-10,10.0,https://rivian.com/r1t,2026-10-03,INFERENCE,
ev,Rivian R1T Dual/Tri/Quad Max (11k tow),Rivian R1T Dual/Tri/Quad Max (11k tow),TED:Maintenance cents per mile,8.1,0-10,8.1,https://rivian.com/r1t,2026-10-03,INFERENCE,
gas_candidate,GMC Canyon Crew Cab Elevation,Rivian R1T Dual/Tri/Quad Max (11k tow),TED:Range fit,not confirmed,0-10,,not confirmed,2026-10-03,not scored: not confirmed,
gas_candidate,GMC Canyon Crew Cab Elevation,Rivian R1T Dual/Tri/Quad Max (11k tow),TED:Payload/cargo fit,9.5,0-10,9.5,not confirmed,2026-10-03,INFERENCE,
gas_candidate,GMC Canyon Crew Cab Elevation,Rivian R1T Dual/Tri/Quad Max (11k tow),TED:Cab/crew fit,10.0,0-10,10.0,not confirmed,2026-10-03,INFERENCE,
gas_candidate,GMC Canyon Crew Cab Elevation,Rivian R1T Dual/Tri/Quad Max (11k tow),TED:Tow fit,3.4,0-10,3.4,not confirmed,2026-10-03,INFERENCE,
gas_candidate,GMC Canyon Crew Cab Elevation,Rivian R1T Dual/Tri/Quad Max (11k tow),TED:Resale (3-yr retained %),not confirmed,0-10,,not confirmed,2026-10-03,not scored: not confirmed,
gas_candidate,GMC Canyon Crew Cab Elevation,Rivian R1T Dual/Tri/Quad Max (11k tow),TED:Reliability,not confirmed,0-10,,not confirmed,2026-10-03,not scored: not confirmed,
gas_candidate,GMC Canyon Crew Cab Elevation,Rivian R1T Dual/Tri/Quad Max (11k tow),TED:Service network,8.0,0-10,8.0,not confirmed,2026-10-03,INFERENCE,
gas_candidate,GMC Canyon Crew Cab Elevation,Rivian R1T Dual/Tri/Quad Max (11k tow),TED:Longevity (warranty remaining),not confirmed,0-10,,not confirmed,2026-10-03,not scored: not confirmed,
gas_candidate,GMC Canyon Crew Cab Elevation,Rivian R1T Dual/Tri/Quad Max (11k tow),TED:Energy cents per mile,3.7,0-10,3.7,not confirmed,2026-10-03,INFERENCE,
gas_candidate,GMC Canyon Crew Cab Elevation,Rivian R1T Dual/Tri/Quad Max (11k tow),TED:Maintenance cents per mile,4.5,0-10,4.5,not confirmed,2026-10-03,INFERENCE,
gas_candidate,Chevrolet Colorado Crew Cab WT short bed,Rivian R1T Dual/Tri/Quad Max (11k tow),payload,1684,lb,9.6,https://www.kbb.com/chevrolet/colorado/2025/,2026-10-03,FACT,yes
gas_candidate,Chevrolet Colorado Crew Cab WT short bed,Rivian R1T Dual/Tri/Quad Max (11k tow),tow,7700,lb,3.4,https://www.kbb.com/chevrolet/colorado/2025/,2026-10-03,FACT,yes
gas_candidate,Chevrolet Colorado Crew Cab WT short bed,Rivian R1T Dual/Tri/Quad Max (11k tow),cargo,5.0 ft bed,bed_ft_or_cuft,10.0,https://www.kbb.com/chevrolet/colorado/2025/,2026-10-03,FACT,
gas_candidate,Chevrolet Colorado Crew Cab WT short bed,Rivian R1T Dual/Tri/Quad Max (11k tow),cab,3,cab_ordinal_crew3,10.0,https://www.kbb.com/chevrolet/colorado/2025/,2026-10-03,FACT,
gas_candidate,Chevrolet Colorado Crew Cab WT short bed,Rivian R1T Dual/Tri/Quad Max (11k tow),range,not confirmed,mi,,not confirmed,2026-10-03,UNKNOWN,no
gas_candidate,Chevrolet Colorado Crew Cab WT short bed,Rivian R1T Dual/Tri/Quad Max (11k tow),tow_range,not confirmed,mi,,https://www.kbb.com/chevrolet/colorado/2025/,2026-10-03,UNKNOWN,
gas_candidate,Chevrolet Colorado Crew Cab WT short bed,Rivian R1T Dual/Tri/Quad Max (11k tow),msrp,33595,usd,10.0,https://www.kbb.com/chevrolet/colorado/2025/,2026-10-03,FACT,yes
gas_candidate,Chevrolet Colorado Crew Cab WT short bed,Rivian R1T Dual/Tri/Quad Max (11k tow),resale_3yr_retained,86.0,percent,7.2,https://www.iseecars.com/car/chevrolet-colorado/resale-value,2026-10-03,FACT,
gas_candidate,Chevrolet Colorado Crew Cab WT short bed,Rivian R1T Dual/Tri/Quad Max (11k tow),mpg_combined,20,mpg,,https://www.kbb.com/chevrolet/colorado/2025/,2026-10-03,FACT,
gas_candidate,Chevrolet Colorado Crew Cab WT short bed,Rivian R1T Dual/Tri/Quad Max (11k tow),energy_usd_per_mi,0.2078,USD/mi,3.7,https://www.kbb.com/chevrolet/colorado/2025/,2026-10-03,INFERENCE,
gas_candidate,Chevrolet Colorado Crew Cab WT short bed,Rivian R1T Dual/Tri/Quad Max (11k tow),maint_usd_per_mi,0.101,USD/mi,4.5,https://www.kbb.com/chevrolet/colorado/2025/,2026-10-03,FACT class-level AFDC,
gas_candidate,Chevrolet Colorado Crew Cab WT short bed,Rivian R1T Dual/Tri/Quad Max (11k tow),service_network,9,0-10 ordinal,9,https://www.kbb.com/chevrolet/colorado/2025/,2026-10-03,INFERENCE,
gas_candidate,Chevrolet Colorado Crew Cab WT short bed,Rivian R1T Dual/Tri/Quad Max (11k tow),class_match,midsize vs midsize,class,10.0,https://www.kbb.com/chevrolet/colorado/2025/,2026-10-03,INFERENCE,
gas_candidate,Chevrolet Colorado Crew Cab WT short bed,Rivian R1T Dual/Tri/Quad Max (11k tow),rank_metric,7.6,0-10,7.6,https://www.kbb.com/chevrolet/colorado/2025/,2026-10-03,INFERENCE,
ev,Rivian R1T Dual/Tri/Quad Max (11k tow),Rivian R1T Dual/Tri/Quad Max (11k tow),TED:Range fit,10.0,0-10,10.0,https://rivian.com/r1t,2026-10-03,INFERENCE,
ev,Rivian R1T Dual/Tri/Quad Max (11k tow),Rivian R1T Dual/Tri/Quad Max (11k tow),TED:Payload/cargo fit,10.0,0-10,10.0,https://rivian.com/r1t,2026-10-03,INFERENCE,
ev,Rivian R1T Dual/Tri/Quad Max (11k tow),Rivian R1T Dual/Tri/Quad Max (11k tow),TED:Cab/crew fit,10.0,0-10,10.0,https://rivian.com/r1t,2026-10-03,INFERENCE,
ev,Rivian R1T Dual/Tri/Quad Max (11k tow),Rivian R1T Dual/Tri/Quad Max (11k tow),TED:Tow fit,10.0,0-10,10.0,https://rivian.com/r1t,2026-10-03,INFERENCE,
ev,Rivian R1T Dual/Tri/Quad Max (11k tow),Rivian R1T Dual/Tri/Quad Max (11k tow),TED:Resale (3-yr retained %),not confirmed,0-10,,https://rivian.com/r1t,2026-10-03,not scored: not confirmed,
ev,Rivian R1T Dual/Tri/Quad Max (11k tow),Rivian R1T Dual/Tri/Quad Max (11k tow),TED:Reliability,not confirmed,0-10,,https://rivian.com/r1t,2026-10-03,not scored: not confirmed,
ev,Rivian R1T Dual/Tri/Quad Max (11k tow),Rivian R1T Dual/Tri/Quad Max (11k tow),TED:Service network,4.0,0-10,4.0,https://rivian.com/r1t,2026-10-03,INFERENCE,
ev,Rivian R1T Dual/Tri/Quad Max (11k tow),Rivian R1T Dual/Tri/Quad Max (11k tow),TED:Longevity (warranty remaining),not confirmed,0-10,,https://rivian.com/r1t,2026-10-03,not scored: not confirmed,
ev,Rivian R1T Dual/Tri/Quad Max (11k tow),Rivian R1T Dual/Tri/Quad Max (11k tow),TED:Energy cents per mile,10.0,0-10,10.0,https://rivian.com/r1t,2026-10-03,INFERENCE,
ev,Rivian R1T Dual/Tri/Quad Max (11k tow),Rivian R1T Dual/Tri/Quad Max (11k tow),TED:Maintenance cents per mile,8.1,0-10,8.1,https://rivian.com/r1t,2026-10-03,INFERENCE,
gas_candidate,Chevrolet Colorado Crew Cab WT short bed,Rivian R1T Dual/Tri/Quad Max (11k tow),TED:Range fit,not confirmed,0-10,,not confirmed,2026-10-03,not scored: not confirmed,
gas_candidate,Chevrolet Colorado Crew Cab WT short bed,Rivian R1T Dual/Tri/Quad Max (11k tow),TED:Payload/cargo fit,9.6,0-10,9.6,not confirmed,2026-10-03,INFERENCE,
gas_candidate,Chevrolet Colorado Crew Cab WT short bed,Rivian R1T Dual/Tri/Quad Max (11k tow),TED:Cab/crew fit,10.0,0-10,10.0,not confirmed,2026-10-03,INFERENCE,
gas_candidate,Chevrolet Colorado Crew Cab WT short bed,Rivian R1T Dual/Tri/Quad Max (11k tow),TED:Tow fit,3.4,0-10,3.4,not confirmed,2026-10-03,INFERENCE,
gas_candidate,Chevrolet Colorado Crew Cab WT short bed,Rivian R1T Dual/Tri/Quad Max (11k tow),TED:Resale (3-yr retained %),7.2,0-10,7.2,not confirmed,2026-10-03,INFERENCE,
gas_candidate,Chevrolet Colorado Crew Cab WT short bed,Rivian R1T Dual/Tri/Quad Max (11k tow),TED:Reliability,not confirmed,0-10,,not confirmed,2026-10-03,not scored: not confirmed,
gas_candidate,Chevrolet Colorado Crew Cab WT short bed,Rivian R1T Dual/Tri/Quad Max (11k tow),TED:Service network,9.0,0-10,9.0,not confirmed,2026-10-03,INFERENCE,
gas_candidate,Chevrolet Colorado Crew Cab WT short bed,Rivian R1T Dual/Tri/Quad Max (11k tow),TED:Longevity (warranty remaining),not confirmed,0-10,,not confirmed,2026-10-03,not scored: not confirmed,
gas_candidate,Chevrolet Colorado Crew Cab WT short bed,Rivian R1T Dual/Tri/Quad Max (11k tow),TED:Energy cents per mile,3.7,0-10,3.7,not confirmed,2026-10-03,INFERENCE,
gas_candidate,Chevrolet Colorado Crew Cab WT short bed,Rivian R1T Dual/Tri/Quad Max (11k tow),TED:Maintenance cents per mile,4.5,0-10,4.5,not confirmed,2026-10-03,INFERENCE,
gas_candidate,Ford Ranger SuperCrew XLT 4WD 5-ft bed,Rivian R1T Dual/Tri/Quad Max (11k tow),payload,1711,lb,9.7,https://www.kbb.com/ford/ranger-supercrew/2025/,2026-10-03,FACT,yes
gas_candidate,Ford Ranger SuperCrew XLT 4WD 5-ft bed,Rivian R1T Dual/Tri/Quad Max (11k tow),tow,7500,lb,3.0,https://www.kbb.com/ford/ranger-supercrew/2025/,2026-10-03,FACT,yes
gas_candidate,Ford Ranger SuperCrew XLT 4WD 5-ft bed,Rivian R1T Dual/Tri/Quad Max (11k tow),cargo,4.97 ft bed,bed_ft_or_cuft,10.0,https://www.kbb.com/ford/ranger-supercrew/2025/,2026-10-03,FACT,
gas_candidate,Ford Ranger SuperCrew XLT 4WD 5-ft bed,Rivian R1T Dual/Tri/Quad Max (11k tow),cab,3,cab_ordinal_crew3,10.0,https://www.kbb.com/ford/ranger-supercrew/2025/,2026-10-03,FACT,
gas_candidate,Ford Ranger SuperCrew XLT 4WD 5-ft bed,Rivian R1T Dual/Tri/Quad Max (11k tow),range,not confirmed,mi,,not confirmed,2026-10-03,UNKNOWN,no
gas_candidate,Ford Ranger SuperCrew XLT 4WD 5-ft bed,Rivian R1T Dual/Tri/Quad Max (11k tow),tow_range,not confirmed,mi,,https://www.kbb.com/ford/ranger-supercrew/2025/,2026-10-03,UNKNOWN,
gas_candidate,Ford Ranger SuperCrew XLT 4WD 5-ft bed,Rivian R1T Dual/Tri/Quad Max (11k tow),msrp,not confirmed,usd,,not confirmed,2026-10-03,UNKNOWN,no
gas_candidate,Ford Ranger SuperCrew XLT 4WD 5-ft bed,Rivian R1T Dual/Tri/Quad Max (11k tow),resale_3yr_retained,not confirmed,percent,,https://www.iseecars.com/resale-value/midsize-trucks,2026-10-03,UNKNOWN,
gas_candidate,Ford Ranger SuperCrew XLT 4WD 5-ft bed,Rivian R1T Dual/Tri/Quad Max (11k tow),mpg_combined,22,mpg,,https://www.kbb.com/ford/ranger-supercrew/2025/specs/,2026-10-03,FACT,
gas_candidate,Ford Ranger SuperCrew XLT 4WD 5-ft bed,Rivian R1T Dual/Tri/Quad Max (11k tow),energy_usd_per_mi,0.1889,USD/mi,4.4,https://www.kbb.com/ford/ranger-supercrew/2025/specs/,2026-10-03,INFERENCE,
gas_candidate,Ford Ranger SuperCrew XLT 4WD 5-ft bed,Rivian R1T Dual/Tri/Quad Max (11k tow),maint_usd_per_mi,0.101,USD/mi,4.5,https://www.kbb.com/ford/ranger-supercrew/2025/specs/,2026-10-03,FACT class-level AFDC,
gas_candidate,Ford Ranger SuperCrew XLT 4WD 5-ft bed,Rivian R1T Dual/Tri/Quad Max (11k tow),service_network,10,0-10 ordinal,10,not confirmed,2026-10-03,INFERENCE,
gas_candidate,Ford Ranger SuperCrew XLT 4WD 5-ft bed,Rivian R1T Dual/Tri/Quad Max (11k tow),class_match,midsize vs midsize,class,10.0,https://www.kbb.com/ford/ranger-supercrew/2025/,2026-10-03,INFERENCE,
gas_candidate,Ford Ranger SuperCrew XLT 4WD 5-ft bed,Rivian R1T Dual/Tri/Quad Max (11k tow),rank_metric,5.9,0-10,5.9,https://www.kbb.com/ford/ranger-supercrew/2025/,2026-10-03,INFERENCE,
ev,Rivian R1T Dual/Tri/Quad Max (11k tow),Rivian R1T Dual/Tri/Quad Max (11k tow),TED:Range fit,10.0,0-10,10.0,https://rivian.com/r1t,2026-10-03,INFERENCE,
ev,Rivian R1T Dual/Tri/Quad Max (11k tow),Rivian R1T Dual/Tri/Quad Max (11k tow),TED:Payload/cargo fit,10.0,0-10,10.0,https://rivian.com/r1t,2026-10-03,INFERENCE,
ev,Rivian R1T Dual/Tri/Quad Max (11k tow),Rivian R1T Dual/Tri/Quad Max (11k tow),TED:Cab/crew fit,10.0,0-10,10.0,https://rivian.com/r1t,2026-10-03,INFERENCE,
ev,Rivian R1T Dual/Tri/Quad Max (11k tow),Rivian R1T Dual/Tri/Quad Max (11k tow),TED:Tow fit,10.0,0-10,10.0,https://rivian.com/r1t,2026-10-03,INFERENCE,
ev,Rivian R1T Dual/Tri/Quad Max (11k tow),Rivian R1T Dual/Tri/Quad Max (11k tow),TED:Resale (3-yr retained %),not confirmed,0-10,,https://rivian.com/r1t,2026-10-03,not scored: not confirmed,
ev,Rivian R1T Dual/Tri/Quad Max (11k tow),Rivian R1T Dual/Tri/Quad Max (11k tow),TED:Reliability,not confirmed,0-10,,https://rivian.com/r1t,2026-10-03,not scored: not confirmed,
ev,Rivian R1T Dual/Tri/Quad Max (11k tow),Rivian R1T Dual/Tri/Quad Max (11k tow),TED:Service network,4.0,0-10,4.0,https://rivian.com/r1t,2026-10-03,INFERENCE,
ev,Rivian R1T Dual/Tri/Quad Max (11k tow),Rivian R1T Dual/Tri/Quad Max (11k tow),TED:Longevity (warranty remaining),not confirmed,0-10,,https://rivian.com/r1t,2026-10-03,not scored: not confirmed,
ev,Rivian R1T Dual/Tri/Quad Max (11k tow),Rivian R1T Dual/Tri/Quad Max (11k tow),TED:Energy cents per mile,10.0,0-10,10.0,https://rivian.com/r1t,2026-10-03,INFERENCE,
ev,Rivian R1T Dual/Tri/Quad Max (11k tow),Rivian R1T Dual/Tri/Quad Max (11k tow),TED:Maintenance cents per mile,8.1,0-10,8.1,https://rivian.com/r1t,2026-10-03,INFERENCE,
gas_candidate,Ford Ranger SuperCrew XLT 4WD 5-ft bed,Rivian R1T Dual/Tri/Quad Max (11k tow),TED:Range fit,not confirmed,0-10,,not confirmed,2026-10-03,not scored: not confirmed,
gas_candidate,Ford Ranger SuperCrew XLT 4WD 5-ft bed,Rivian R1T Dual/Tri/Quad Max (11k tow),TED:Payload/cargo fit,9.7,0-10,9.7,not confirmed,2026-10-03,INFERENCE,
gas_candidate,Ford Ranger SuperCrew XLT 4WD 5-ft bed,Rivian R1T Dual/Tri/Quad Max (11k tow),TED:Cab/crew fit,10.0,0-10,10.0,not confirmed,2026-10-03,INFERENCE,
gas_candidate,Ford Ranger SuperCrew XLT 4WD 5-ft bed,Rivian R1T Dual/Tri/Quad Max (11k tow),TED:Tow fit,3.0,0-10,3.0,not confirmed,2026-10-03,INFERENCE,
gas_candidate,Ford Ranger SuperCrew XLT 4WD 5-ft bed,Rivian R1T Dual/Tri/Quad Max (11k tow),TED:Resale (3-yr retained %),not confirmed,0-10,,not confirmed,2026-10-03,not scored: not confirmed,
gas_candidate,Ford Ranger SuperCrew XLT 4WD 5-ft bed,Rivian R1T Dual/Tri/Quad Max (11k tow),TED:Reliability,not confirmed,0-10,,not confirmed,2026-10-03,not scored: not confirmed,
gas_candidate,Ford Ranger SuperCrew XLT 4WD 5-ft bed,Rivian R1T Dual/Tri/Quad Max (11k tow),TED:Service network,10.0,0-10,10.0,not confirmed,2026-10-03,INFERENCE,
gas_candidate,Ford Ranger SuperCrew XLT 4WD 5-ft bed,Rivian R1T Dual/Tri/Quad Max (11k tow),TED:Longevity (warranty remaining),not confirmed,0-10,,not confirmed,2026-10-03,not scored: not confirmed,
gas_candidate,Ford Ranger SuperCrew XLT 4WD 5-ft bed,Rivian R1T Dual/Tri/Quad Max (11k tow),TED:Energy cents per mile,4.4,0-10,4.4,not confirmed,2026-10-03,INFERENCE,
gas_candidate,Ford Ranger SuperCrew XLT 4WD 5-ft bed,Rivian R1T Dual/Tri/Quad Max (11k tow),TED:Maintenance cents per mile,4.5,0-10,4.5,not confirmed,2026-10-03,INFERENCE,
gas_candidate,Nissan Frontier Crew Cab SV 4WD (specs incomplete this pass),Rivian R1T Dual/Tri/Quad Max (11k tow),payload,not confirmed,lb,,not confirmed,2026-10-03,UNKNOWN,no
gas_candidate,Nissan Frontier Crew Cab SV 4WD (specs incomplete this pass),Rivian R1T Dual/Tri/Quad Max (11k tow),tow,not confirmed,lb,,not confirmed,2026-10-03,UNKNOWN,no
gas_candidate,Nissan Frontier Crew Cab SV 4WD (specs incomplete this pass),Rivian R1T Dual/Tri/Quad Max (11k tow),cargo,5.0 ft bed,bed_ft_or_cuft,10.0,not confirmed,2026-10-03,FACT,
gas_candidate,Nissan Frontier Crew Cab SV 4WD (specs incomplete this pass),Rivian R1T Dual/Tri/Quad Max (11k tow),cab,3,cab_ordinal_crew3,10.0,not confirmed,2026-10-03,FACT,
gas_candidate,Nissan Frontier Crew Cab SV 4WD (specs incomplete this pass),Rivian R1T Dual/Tri/Quad Max (11k tow),range,not confirmed,mi,,not confirmed,2026-10-03,UNKNOWN,no
gas_candidate,Nissan Frontier Crew Cab SV 4WD (specs incomplete this pass),Rivian R1T Dual/Tri/Quad Max (11k tow),tow_range,not confirmed,mi,,not confirmed,2026-10-03,UNKNOWN,
gas_candidate,Nissan Frontier Crew Cab SV 4WD (specs incomplete this pass),Rivian R1T Dual/Tri/Quad Max (11k tow),msrp,not confirmed,usd,,not confirmed,2026-10-03,UNKNOWN,no
gas_candidate,Nissan Frontier Crew Cab SV 4WD (specs incomplete this pass),Rivian R1T Dual/Tri/Quad Max (11k tow),resale_3yr_retained,not confirmed,percent,,https://www.iseecars.com/resale-value/midsize-trucks,2026-10-03,UNKNOWN,
gas_candidate,Nissan Frontier Crew Cab SV 4WD (specs incomplete this pass),Rivian R1T Dual/Tri/Quad Max (11k tow),mpg_combined,not confirmed,mpg,,not confirmed,2026-10-03,UNKNOWN,
gas_candidate,Nissan Frontier Crew Cab SV 4WD (specs incomplete this pass),Rivian R1T Dual/Tri/Quad Max (11k tow),energy_usd_per_mi,not confirmed,USD/mi,,not confirmed,2026-10-03,UNKNOWN,
gas_candidate,Nissan Frontier Crew Cab SV 4WD (specs incomplete this pass),Rivian R1T Dual/Tri/Quad Max (11k tow),maint_usd_per_mi,0.101,USD/mi,4.5,not confirmed,2026-10-03,FACT class-level AFDC,
gas_candidate,Nissan Frontier Crew Cab SV 4WD (specs incomplete this pass),Rivian R1T Dual/Tri/Quad Max (11k tow),service_network,7,0-10 ordinal,7,not confirmed,2026-10-03,INFERENCE,
gas_candidate,Nissan Frontier Crew Cab SV 4WD (specs incomplete this pass),Rivian R1T Dual/Tri/Quad Max (11k tow),class_match,midsize vs midsize,class,10.0,not confirmed,2026-10-03,INFERENCE,
gas_candidate,Nissan Frontier Crew Cab SV 4WD (specs incomplete this pass),Rivian R1T Dual/Tri/Quad Max (11k tow),rank_metric,3.3,0-10,3.3,not confirmed,2026-10-03,INFERENCE,
ev,Rivian R1T Dual/Tri/Quad Max (11k tow),Rivian R1T Dual/Tri/Quad Max (11k tow),TED:Range fit,10.0,0-10,10.0,https://rivian.com/r1t,2026-10-03,INFERENCE,
ev,Rivian R1T Dual/Tri/Quad Max (11k tow),Rivian R1T Dual/Tri/Quad Max (11k tow),TED:Payload/cargo fit,10.0,0-10,10.0,https://rivian.com/r1t,2026-10-03,INFERENCE,
ev,Rivian R1T Dual/Tri/Quad Max (11k tow),Rivian R1T Dual/Tri/Quad Max (11k tow),TED:Cab/crew fit,10.0,0-10,10.0,https://rivian.com/r1t,2026-10-03,INFERENCE,
ev,Rivian R1T Dual/Tri/Quad Max (11k tow),Rivian R1T Dual/Tri/Quad Max (11k tow),TED:Tow fit,10.0,0-10,10.0,https://rivian.com/r1t,2026-10-03,INFERENCE,
ev,Rivian R1T Dual/Tri/Quad Max (11k tow),Rivian R1T Dual/Tri/Quad Max (11k tow),TED:Resale (3-yr retained %),not confirmed,0-10,,https://rivian.com/r1t,2026-10-03,not scored: not confirmed,
ev,Rivian R1T Dual/Tri/Quad Max (11k tow),Rivian R1T Dual/Tri/Quad Max (11k tow),TED:Reliability,not confirmed,0-10,,https://rivian.com/r1t,2026-10-03,not scored: not confirmed,
ev,Rivian R1T Dual/Tri/Quad Max (11k tow),Rivian R1T Dual/Tri/Quad Max (11k tow),TED:Service network,4.0,0-10,4.0,https://rivian.com/r1t,2026-10-03,INFERENCE,
ev,Rivian R1T Dual/Tri/Quad Max (11k tow),Rivian R1T Dual/Tri/Quad Max (11k tow),TED:Longevity (warranty remaining),not confirmed,0-10,,https://rivian.com/r1t,2026-10-03,not scored: not confirmed,
ev,Rivian R1T Dual/Tri/Quad Max (11k tow),Rivian R1T Dual/Tri/Quad Max (11k tow),TED:Energy cents per mile,10.0,0-10,10.0,https://rivian.com/r1t,2026-10-03,INFERENCE,
ev,Rivian R1T Dual/Tri/Quad Max (11k tow),Rivian R1T Dual/Tri/Quad Max (11k tow),TED:Maintenance cents per mile,8.1,0-10,8.1,https://rivian.com/r1t,2026-10-03,INFERENCE,
gas_candidate,Nissan Frontier Crew Cab SV 4WD (specs incomplete this pass),Rivian R1T Dual/Tri/Quad Max (11k tow),TED:Range fit,not confirmed,0-10,,not confirmed,2026-10-03,not scored: not confirmed,
gas_candidate,Nissan Frontier Crew Cab SV 4WD (specs incomplete this pass),Rivian R1T Dual/Tri/Quad Max (11k tow),TED:Payload/cargo fit,not confirmed,0-10,,not confirmed,2026-10-03,not scored: not confirmed,
gas_candidate,Nissan Frontier Crew Cab SV 4WD (specs incomplete this pass),Rivian R1T Dual/Tri/Quad Max (11k tow),TED:Cab/crew fit,10.0,0-10,10.0,not confirmed,2026-10-03,INFERENCE,
gas_candidate,Nissan Frontier Crew Cab SV 4WD (specs incomplete this pass),Rivian R1T Dual/Tri/Quad Max (11k tow),TED:Tow fit,not confirmed,0-10,,not confirmed,2026-10-03,not scored: not confirmed,
gas_candidate,Nissan Frontier Crew Cab SV 4WD (specs incomplete this pass),Rivian R1T Dual/Tri/Quad Max (11k tow),TED:Resale (3-yr retained %),not confirmed,0-10,,not confirmed,2026-10-03,not scored: not confirmed,
gas_candidate,Nissan Frontier Crew Cab SV 4WD (specs incomplete this pass),Rivian R1T Dual/Tri/Quad Max (11k tow),TED:Reliability,not confirmed,0-10,,not confirmed,2026-10-03,not scored: not confirmed,
gas_candidate,Nissan Frontier Crew Cab SV 4WD (specs incomplete this pass),Rivian R1T Dual/Tri/Quad Max (11k tow),TED:Service network,7.0,0-10,7.0,not confirmed,2026-10-03,INFERENCE,
gas_candidate,Nissan Frontier Crew Cab SV 4WD (specs incomplete this pass),Rivian R1T Dual/Tri/Quad Max (11k tow),TED:Longevity (warranty remaining),not confirmed,0-10,,not confirmed,2026-10-03,not scored: not confirmed,
gas_candidate,Nissan Frontier Crew Cab SV 4WD (specs incomplete this pass),Rivian R1T Dual/Tri/Quad Max (11k tow),TED:Energy cents per mile,not confirmed,0-10,,not confirmed,2026-10-03,not scored: not confirmed,
gas_candidate,Nissan Frontier Crew Cab SV 4WD (specs incomplete this pass),Rivian R1T Dual/Tri/Quad Max (11k tow),TED:Maintenance cents per mile,4.5,0-10,4.5,not confirmed,2026-10-03,INFERENCE,
gas_candidate,Jeep Gladiator Crew Cab Sport 4x4 (specs incomplete this pass),Rivian R1T Dual/Tri/Quad Max (11k tow),payload,not confirmed,lb,,not confirmed,2026-10-03,UNKNOWN,no
gas_candidate,Jeep Gladiator Crew Cab Sport 4x4 (specs incomplete this pass),Rivian R1T Dual/Tri/Quad Max (11k tow),tow,not confirmed,lb,,not confirmed,2026-10-03,UNKNOWN,no
gas_candidate,Jeep Gladiator Crew Cab Sport 4x4 (specs incomplete this pass),Rivian R1T Dual/Tri/Quad Max (11k tow),cargo,5.0 ft bed,bed_ft_or_cuft,10.0,not confirmed,2026-10-03,FACT,
gas_candidate,Jeep Gladiator Crew Cab Sport 4x4 (specs incomplete this pass),Rivian R1T Dual/Tri/Quad Max (11k tow),cab,3,cab_ordinal_crew3,10.0,not confirmed,2026-10-03,FACT,
gas_candidate,Jeep Gladiator Crew Cab Sport 4x4 (specs incomplete this pass),Rivian R1T Dual/Tri/Quad Max (11k tow),range,not confirmed,mi,,not confirmed,2026-10-03,UNKNOWN,no
gas_candidate,Jeep Gladiator Crew Cab Sport 4x4 (specs incomplete this pass),Rivian R1T Dual/Tri/Quad Max (11k tow),tow_range,not confirmed,mi,,not confirmed,2026-10-03,UNKNOWN,
gas_candidate,Jeep Gladiator Crew Cab Sport 4x4 (specs incomplete this pass),Rivian R1T Dual/Tri/Quad Max (11k tow),msrp,not confirmed,usd,,not confirmed,2026-10-03,UNKNOWN,no
gas_candidate,Jeep Gladiator Crew Cab Sport 4x4 (specs incomplete this pass),Rivian R1T Dual/Tri/Quad Max (11k tow),resale_3yr_retained,not confirmed,percent,,https://www.iseecars.com/resale-value/midsize-trucks,2026-10-03,UNKNOWN,
gas_candidate,Jeep Gladiator Crew Cab Sport 4x4 (specs incomplete this pass),Rivian R1T Dual/Tri/Quad Max (11k tow),mpg_combined,not confirmed,mpg,,not confirmed,2026-10-03,UNKNOWN,
gas_candidate,Jeep Gladiator Crew Cab Sport 4x4 (specs incomplete this pass),Rivian R1T Dual/Tri/Quad Max (11k tow),energy_usd_per_mi,not confirmed,USD/mi,,not confirmed,2026-10-03,UNKNOWN,
gas_candidate,Jeep Gladiator Crew Cab Sport 4x4 (specs incomplete this pass),Rivian R1T Dual/Tri/Quad Max (11k tow),maint_usd_per_mi,0.101,USD/mi,4.5,not confirmed,2026-10-03,FACT class-level AFDC,
gas_candidate,Jeep Gladiator Crew Cab Sport 4x4 (specs incomplete this pass),Rivian R1T Dual/Tri/Quad Max (11k tow),service_network,8,0-10 ordinal,8,not confirmed,2026-10-03,INFERENCE,
gas_candidate,Jeep Gladiator Crew Cab Sport 4x4 (specs incomplete this pass),Rivian R1T Dual/Tri/Quad Max (11k tow),class_match,midsize vs midsize,class,10.0,not confirmed,2026-10-03,INFERENCE,
gas_candidate,Jeep Gladiator Crew Cab Sport 4x4 (specs incomplete this pass),Rivian R1T Dual/Tri/Quad Max (11k tow),rank_metric,3.3,0-10,3.3,not confirmed,2026-10-03,INFERENCE,
ev,Rivian R1T Dual/Tri/Quad Max (11k tow),Rivian R1T Dual/Tri/Quad Max (11k tow),TED:Range fit,10.0,0-10,10.0,https://rivian.com/r1t,2026-10-03,INFERENCE,
ev,Rivian R1T Dual/Tri/Quad Max (11k tow),Rivian R1T Dual/Tri/Quad Max (11k tow),TED:Payload/cargo fit,10.0,0-10,10.0,https://rivian.com/r1t,2026-10-03,INFERENCE,
ev,Rivian R1T Dual/Tri/Quad Max (11k tow),Rivian R1T Dual/Tri/Quad Max (11k tow),TED:Cab/crew fit,10.0,0-10,10.0,https://rivian.com/r1t,2026-10-03,INFERENCE,
ev,Rivian R1T Dual/Tri/Quad Max (11k tow),Rivian R1T Dual/Tri/Quad Max (11k tow),TED:Tow fit,10.0,0-10,10.0,https://rivian.com/r1t,2026-10-03,INFERENCE,
ev,Rivian R1T Dual/Tri/Quad Max (11k tow),Rivian R1T Dual/Tri/Quad Max (11k tow),TED:Resale (3-yr retained %),not confirmed,0-10,,https://rivian.com/r1t,2026-10-03,not scored: not confirmed,
ev,Rivian R1T Dual/Tri/Quad Max (11k tow),Rivian R1T Dual/Tri/Quad Max (11k tow),TED:Reliability,not confirmed,0-10,,https://rivian.com/r1t,2026-10-03,not scored: not confirmed,
ev,Rivian R1T Dual/Tri/Quad Max (11k tow),Rivian R1T Dual/Tri/Quad Max (11k tow),TED:Service network,4.0,0-10,4.0,https://rivian.com/r1t,2026-10-03,INFERENCE,
ev,Rivian R1T Dual/Tri/Quad Max (11k tow),Rivian R1T Dual/Tri/Quad Max (11k tow),TED:Longevity (warranty remaining),not confirmed,0-10,,https://rivian.com/r1t,2026-10-03,not scored: not confirmed,
ev,Rivian R1T Dual/Tri/Quad Max (11k tow),Rivian R1T Dual/Tri/Quad Max (11k tow),TED:Energy cents per mile,10.0,0-10,10.0,https://rivian.com/r1t,2026-10-03,INFERENCE,
ev,Rivian R1T Dual/Tri/Quad Max (11k tow),Rivian R1T Dual/Tri/Quad Max (11k tow),TED:Maintenance cents per mile,8.1,0-10,8.1,https://rivian.com/r1t,2026-10-03,INFERENCE,
gas_candidate,Jeep Gladiator Crew Cab Sport 4x4 (specs incomplete this pass),Rivian R1T Dual/Tri/Quad Max (11k tow),TED:Range fit,not confirmed,0-10,,not confirmed,2026-10-03,not scored: not confirmed,
gas_candidate,Jeep Gladiator Crew Cab Sport 4x4 (specs incomplete this pass),Rivian R1T Dual/Tri/Quad Max (11k tow),TED:Payload/cargo fit,not confirmed,0-10,,not confirmed,2026-10-03,not scored: not confirmed,
gas_candidate,Jeep Gladiator Crew Cab Sport 4x4 (specs incomplete this pass),Rivian R1T Dual/Tri/Quad Max (11k tow),TED:Cab/crew fit,10.0,0-10,10.0,not confirmed,2026-10-03,INFERENCE,
gas_candidate,Jeep Gladiator Crew Cab Sport 4x4 (specs incomplete this pass),Rivian R1T Dual/Tri/Quad Max (11k tow),TED:Tow fit,not confirmed,0-10,,not confirmed,2026-10-03,not scored: not confirmed,
gas_candidate,Jeep Gladiator Crew Cab Sport 4x4 (specs incomplete this pass),Rivian R1T Dual/Tri/Quad Max (11k tow),TED:Resale (3-yr retained %),not confirmed,0-10,,not confirmed,2026-10-03,not scored: not confirmed,
gas_candidate,Jeep Gladiator Crew Cab Sport 4x4 (specs incomplete this pass),Rivian R1T Dual/Tri/Quad Max (11k tow),TED:Reliability,not confirmed,0-10,,not confirmed,2026-10-03,not scored: not confirmed,
gas_candidate,Jeep Gladiator Crew Cab Sport 4x4 (specs incomplete this pass),Rivian R1T Dual/Tri/Quad Max (11k tow),TED:Service network,8.0,0-10,8.0,not confirmed,2026-10-03,INFERENCE,
gas_candidate,Jeep Gladiator Crew Cab Sport 4x4 (specs incomplete this pass),Rivian R1T Dual/Tri/Quad Max (11k tow),TED:Longevity (warranty remaining),not confirmed,0-10,,not confirmed,2026-10-03,not scored: not confirmed,
gas_candidate,Jeep Gladiator Crew Cab Sport 4x4 (specs incomplete this pass),Rivian R1T Dual/Tri/Quad Max (11k tow),TED:Energy cents per mile,not confirmed,0-10,,not confirmed,2026-10-03,not scored: not confirmed,
gas_candidate,Jeep Gladiator Crew Cab Sport 4x4 (specs incomplete this pass),Rivian R1T Dual/Tri/Quad Max (11k tow),TED:Maintenance cents per mile,4.5,0-10,4.5,not confirmed,2026-10-03,INFERENCE,
ev,Chevrolet Silverado EV WT Short Range,Chevrolet Silverado EV WT Short Range,payload,2350,lb,,https://www.gmupfitter.com/wp-content/uploads/2025/03/2025-Silverado-EV-Specification-Guide-121525.pdf,2026-10-03,FACT,yes
ev,Chevrolet Silverado EV WT Short Range,Chevrolet Silverado EV WT Short Range,tow,8500,lb,,https://www.gmupfitter.com/wp-content/uploads/2025/03/2025-Silverado-EV-Specification-Guide-121525.pdf,2026-10-03,FACT,yes
ev,Chevrolet Silverado EV WT Short Range,Chevrolet Silverado EV WT Short Range,cargo,5.9 ft bed,bed_ft_or_cuft,,https://www.gmupfitter.com/wp-content/uploads/2025/03/2025-Silverado-EV-Specification-Guide-121525.pdf,2026-10-03,FACT,
ev,Chevrolet Silverado EV WT Short Range,Chevrolet Silverado EV WT Short Range,cab,3,cab_ordinal_crew3,,https://www.gmupfitter.com/wp-content/uploads/2025/03/2025-Silverado-EV-Specification-Guide-121525.pdf,2026-10-03,FACT,
ev,Chevrolet Silverado EV WT Short Range,Chevrolet Silverado EV WT Short Range,range,282,mi,,https://www.kbb.com/chevrolet/silverado-ev/2025/specs/,2026-10-03,FACT,yes
ev,Chevrolet Silverado EV WT Short Range,Chevrolet Silverado EV WT Short Range,tow_range,not confirmed,mi,,https://www.gmupfitter.com/wp-content/uploads/2025/03/2025-Silverado-EV-Specification-Guide-121525.pdf,2026-10-03,UNKNOWN,
ev,Chevrolet Silverado EV WT Short Range,Chevrolet Silverado EV WT Short Range,msrp,not confirmed,usd,,not confirmed,2026-10-03,UNKNOWN,no
ev,Chevrolet Silverado EV WT Short Range,Chevrolet Silverado EV WT Short Range,resale_3yr_retained,not confirmed,percent,,not confirmed,2026-10-03,UNKNOWN,
ev,Chevrolet Silverado EV WT Short Range,Chevrolet Silverado EV WT Short Range,efficiency_kwh_100mi,48,kWh/100mi,,https://fueleconomy.gov/feg/Find.do?action=sbs&id=48699,2026-10-03,FACT,
ev,Chevrolet Silverado EV WT Short Range,Chevrolet Silverado EV WT Short Range,energy_usd_per_mi,0.0588,USD/mi,,https://fueleconomy.gov/feg/Find.do?action=sbs&id=48699,2026-10-03,INFERENCE,
ev,Chevrolet Silverado EV WT Short Range,Chevrolet Silverado EV WT Short Range,maint_usd_per_mi,0.061,USD/mi,,https://fueleconomy.gov/feg/Find.do?action=sbs&id=48699,2026-10-03,FACT class-level AFDC,
ev,Chevrolet Silverado EV WT Short Range,Chevrolet Silverado EV WT Short Range,service_network,9,0-10 ordinal,9,not confirmed,2026-10-03,INFERENCE,
gas_candidate,GMC Sierra 1500 Crew Cab Denali 4WD short bed,Chevrolet Silverado EV WT Short Range,payload,1960,lb,8.0,https://www.kbb.com/gmc/sierra-1500-crew-cab/2025/denali-pickup-4d-5-3-4-ft/,2026-10-03,FACT,yes
gas_candidate,GMC Sierra 1500 Crew Cab Denali 4WD short bed,Chevrolet Silverado EV WT Short Range,tow,13000,lb,10.0,https://www.kbb.com/gmc/sierra-1500-crew-cab/2025/denali-pickup-4d-5-3-4-ft/,2026-10-03,FACT,yes
gas_candidate,GMC Sierra 1500 Crew Cab Denali 4WD short bed,Chevrolet Silverado EV WT Short Range,cargo,5.75 ft bed,bed_ft_or_cuft,9.5,https://www.kbb.com/gmc/sierra-1500-crew-cab/2025/denali-pickup-4d-5-3-4-ft/,2026-10-03,FACT,
gas_candidate,GMC Sierra 1500 Crew Cab Denali 4WD short bed,Chevrolet Silverado EV WT Short Range,cab,3,cab_ordinal_crew3,10.0,https://www.kbb.com/gmc/sierra-1500-crew-cab/2025/denali-pickup-4d-5-3-4-ft/,2026-10-03,FACT,
gas_candidate,GMC Sierra 1500 Crew Cab Denali 4WD short bed,Chevrolet Silverado EV WT Short Range,range,not confirmed,mi,,not confirmed,2026-10-03,UNKNOWN,no
gas_candidate,GMC Sierra 1500 Crew Cab Denali 4WD short bed,Chevrolet Silverado EV WT Short Range,tow_range,not confirmed,mi,,https://www.kbb.com/gmc/sierra-1500-crew-cab/2025/denali-pickup-4d-5-3-4-ft/,2026-10-03,UNKNOWN,
gas_candidate,GMC Sierra 1500 Crew Cab Denali 4WD short bed,Chevrolet Silverado EV WT Short Range,msrp,67595,usd,,https://www.kbb.com/gmc/sierra-1500-crew-cab/2025/,2026-10-03,FACT,yes
gas_candidate,GMC Sierra 1500 Crew Cab Denali 4WD short bed,Chevrolet Silverado EV WT Short Range,resale_3yr_retained,not confirmed,percent,,https://www.iseecars.com/resale-value/trucks,2026-10-03,UNKNOWN,
gas_candidate,GMC Sierra 1500 Crew Cab Denali 4WD short bed,Chevrolet Silverado EV WT Short Range,mpg_combined,17,mpg,,https://www.kbb.com/gmc/sierra-1500-crew-cab/2025/denali-pickup-4d-5-3-4-ft/,2026-10-03,FACT,
gas_candidate,GMC Sierra 1500 Crew Cab Denali 4WD short bed,Chevrolet Silverado EV WT Short Range,energy_usd_per_mi,0.2444,USD/mi,2.2,https://www.kbb.com/gmc/sierra-1500-crew-cab/2025/denali-pickup-4d-5-3-4-ft/,2026-10-03,INFERENCE,
gas_candidate,GMC Sierra 1500 Crew Cab Denali 4WD short bed,Chevrolet Silverado EV WT Short Range,maint_usd_per_mi,0.101,USD/mi,4.5,https://www.kbb.com/gmc/sierra-1500-crew-cab/2025/denali-pickup-4d-5-3-4-ft/,2026-10-03,FACT class-level AFDC,
gas_candidate,GMC Sierra 1500 Crew Cab Denali 4WD short bed,Chevrolet Silverado EV WT Short Range,service_network,9,0-10 ordinal,9,https://www.kbb.com/gmc/sierra-1500-crew-cab/2025/,2026-10-03,INFERENCE,
gas_candidate,GMC Sierra 1500 Crew Cab Denali 4WD short bed,Chevrolet Silverado EV WT Short Range,class_match,half_ton vs half_ton,class,10.0,https://www.kbb.com/gmc/sierra-1500-crew-cab/2025/denali-pickup-4d-5-3-4-ft/,2026-10-03,INFERENCE,
gas_candidate,GMC Sierra 1500 Crew Cab Denali 4WD short bed,Chevrolet Silverado EV WT Short Range,rank_metric,6.4,0-10,6.4,https://www.kbb.com/gmc/sierra-1500-crew-cab/2025/denali-pickup-4d-5-3-4-ft/,2026-10-03,INFERENCE,
ev,Chevrolet Silverado EV WT Short Range,Chevrolet Silverado EV WT Short Range,TED:Range fit,10.0,0-10,10.0,https://www.kbb.com/chevrolet/silverado-ev/2025/specs/,2026-10-03,INFERENCE,
ev,Chevrolet Silverado EV WT Short Range,Chevrolet Silverado EV WT Short Range,TED:Payload/cargo fit,10.0,0-10,10.0,https://www.kbb.com/chevrolet/silverado-ev/2025/specs/,2026-10-03,INFERENCE,
ev,Chevrolet Silverado EV WT Short Range,Chevrolet Silverado EV WT Short Range,TED:Cab/crew fit,10.0,0-10,10.0,https://www.kbb.com/chevrolet/silverado-ev/2025/specs/,2026-10-03,INFERENCE,
ev,Chevrolet Silverado EV WT Short Range,Chevrolet Silverado EV WT Short Range,TED:Tow fit,10.0,0-10,10.0,https://www.kbb.com/chevrolet/silverado-ev/2025/specs/,2026-10-03,INFERENCE,
ev,Chevrolet Silverado EV WT Short Range,Chevrolet Silverado EV WT Short Range,TED:Resale (3-yr retained %),not confirmed,0-10,,https://www.kbb.com/chevrolet/silverado-ev/2025/specs/,2026-10-03,not scored: not confirmed,
ev,Chevrolet Silverado EV WT Short Range,Chevrolet Silverado EV WT Short Range,TED:Reliability,not confirmed,0-10,,https://www.kbb.com/chevrolet/silverado-ev/2025/specs/,2026-10-03,not scored: not confirmed,
ev,Chevrolet Silverado EV WT Short Range,Chevrolet Silverado EV WT Short Range,TED:Service network,9.0,0-10,9.0,https://www.kbb.com/chevrolet/silverado-ev/2025/specs/,2026-10-03,INFERENCE,
ev,Chevrolet Silverado EV WT Short Range,Chevrolet Silverado EV WT Short Range,TED:Longevity (warranty remaining),not confirmed,0-10,,https://www.kbb.com/chevrolet/silverado-ev/2025/specs/,2026-10-03,not scored: not confirmed,
ev,Chevrolet Silverado EV WT Short Range,Chevrolet Silverado EV WT Short Range,TED:Energy cents per mile,9.6,0-10,9.6,https://www.kbb.com/chevrolet/silverado-ev/2025/specs/,2026-10-03,INFERENCE,
ev,Chevrolet Silverado EV WT Short Range,Chevrolet Silverado EV WT Short Range,TED:Maintenance cents per mile,8.1,0-10,8.1,https://www.kbb.com/chevrolet/silverado-ev/2025/specs/,2026-10-03,INFERENCE,
gas_candidate,GMC Sierra 1500 Crew Cab Denali 4WD short bed,Chevrolet Silverado EV WT Short Range,TED:Range fit,not confirmed,0-10,,not confirmed,2026-10-03,not scored: not confirmed,
gas_candidate,GMC Sierra 1500 Crew Cab Denali 4WD short bed,Chevrolet Silverado EV WT Short Range,TED:Payload/cargo fit,8.0,0-10,8.0,not confirmed,2026-10-03,INFERENCE,
gas_candidate,GMC Sierra 1500 Crew Cab Denali 4WD short bed,Chevrolet Silverado EV WT Short Range,TED:Cab/crew fit,10.0,0-10,10.0,not confirmed,2026-10-03,INFERENCE,
gas_candidate,GMC Sierra 1500 Crew Cab Denali 4WD short bed,Chevrolet Silverado EV WT Short Range,TED:Tow fit,10.0,0-10,10.0,not confirmed,2026-10-03,INFERENCE,
gas_candidate,GMC Sierra 1500 Crew Cab Denali 4WD short bed,Chevrolet Silverado EV WT Short Range,TED:Resale (3-yr retained %),not confirmed,0-10,,not confirmed,2026-10-03,not scored: not confirmed,
gas_candidate,GMC Sierra 1500 Crew Cab Denali 4WD short bed,Chevrolet Silverado EV WT Short Range,TED:Reliability,not confirmed,0-10,,not confirmed,2026-10-03,not scored: not confirmed,
gas_candidate,GMC Sierra 1500 Crew Cab Denali 4WD short bed,Chevrolet Silverado EV WT Short Range,TED:Service network,9.0,0-10,9.0,not confirmed,2026-10-03,INFERENCE,
gas_candidate,GMC Sierra 1500 Crew Cab Denali 4WD short bed,Chevrolet Silverado EV WT Short Range,TED:Longevity (warranty remaining),not confirmed,0-10,,not confirmed,2026-10-03,not scored: not confirmed,
gas_candidate,GMC Sierra 1500 Crew Cab Denali 4WD short bed,Chevrolet Silverado EV WT Short Range,TED:Energy cents per mile,2.2,0-10,2.2,not confirmed,2026-10-03,INFERENCE,
gas_candidate,GMC Sierra 1500 Crew Cab Denali 4WD short bed,Chevrolet Silverado EV WT Short Range,TED:Maintenance cents per mile,4.5,0-10,4.5,not confirmed,2026-10-03,INFERENCE,
gas_candidate,Ford F-150 SuperCrew 5.5-ft 4WD XLT,Chevrolet Silverado EV WT Short Range,payload,2120,lb,8.8,https://www.kbb.com/ford/f150%20supercrew%20cab/2025/xlt-pickup-4d-5-1-2-ft/,2026-10-03,FACT,yes
gas_candidate,Ford F-150 SuperCrew 5.5-ft 4WD XLT,Chevrolet Silverado EV WT Short Range,tow,7500,lb,8.0,https://www.kbb.com/ford/f150%20supercrew%20cab/2025/xlt-pickup-4d-5-1-2-ft/,2026-10-03,FACT,yes
gas_candidate,Ford F-150 SuperCrew 5.5-ft 4WD XLT,Chevrolet Silverado EV WT Short Range,cargo,5.5 ft bed,bed_ft_or_cuft,8.7,https://www.kbb.com/ford/f150%20supercrew%20cab/2025/xlt-pickup-4d-5-1-2-ft/,2026-10-03,FACT,
gas_candidate,Ford F-150 SuperCrew 5.5-ft 4WD XLT,Chevrolet Silverado EV WT Short Range,cab,3,cab_ordinal_crew3,10.0,https://www.kbb.com/ford/f150%20supercrew%20cab/2025/xlt-pickup-4d-5-1-2-ft/,2026-10-03,FACT,
gas_candidate,Ford F-150 SuperCrew 5.5-ft 4WD XLT,Chevrolet Silverado EV WT Short Range,range,not confirmed,mi,,not confirmed,2026-10-03,UNKNOWN,no
gas_candidate,Ford F-150 SuperCrew 5.5-ft 4WD XLT,Chevrolet Silverado EV WT Short Range,tow_range,not confirmed,mi,,https://www.kbb.com/ford/f150%20supercrew%20cab/2025/xlt-pickup-4d-5-1-2-ft/,2026-10-03,UNKNOWN,
gas_candidate,Ford F-150 SuperCrew 5.5-ft 4WD XLT,Chevrolet Silverado EV WT Short Range,msrp,51915,usd,,https://www.carweek.com/research/ford/f-150/2025,2026-10-03,FACT,yes
gas_candidate,Ford F-150 SuperCrew 5.5-ft 4WD XLT,Chevrolet Silverado EV WT Short Range,resale_3yr_retained,81.2,percent,6.2,https://www.iseecars.com/car/ford-f-150/resale-value,2026-10-03,FACT,
gas_candidate,Ford F-150 SuperCrew 5.5-ft 4WD XLT,Chevrolet Silverado EV WT Short Range,mpg_combined,20,mpg,,https://www.fueleconomy.gov/feg/bymodel/2025_ford_f150.shtml,2026-10-03,FACT,
gas_candidate,Ford F-150 SuperCrew 5.5-ft 4WD XLT,Chevrolet Silverado EV WT Short Range,energy_usd_per_mi,0.2078,USD/mi,3.7,https://www.fueleconomy.gov/feg/bymodel/2025_ford_f150.shtml,2026-10-03,INFERENCE,
gas_candidate,Ford F-150 SuperCrew 5.5-ft 4WD XLT,Chevrolet Silverado EV WT Short Range,maint_usd_per_mi,0.101,USD/mi,4.5,https://www.fueleconomy.gov/feg/bymodel/2025_ford_f150.shtml,2026-10-03,FACT class-level AFDC,
gas_candidate,Ford F-150 SuperCrew 5.5-ft 4WD XLT,Chevrolet Silverado EV WT Short Range,service_network,10,0-10 ordinal,10,https://www.carweek.com/research/ford/f-150/2025,2026-10-03,INFERENCE,
gas_candidate,Ford F-150 SuperCrew 5.5-ft 4WD XLT,Chevrolet Silverado EV WT Short Range,class_match,half_ton vs half_ton,class,10.0,https://www.kbb.com/ford/f150%20supercrew%20cab/2025/xlt-pickup-4d-5-1-2-ft/,2026-10-03,INFERENCE,
gas_candidate,Ford F-150 SuperCrew 5.5-ft 4WD XLT,Chevrolet Silverado EV WT Short Range,rank_metric,6.2,0-10,6.2,https://www.kbb.com/ford/f150%20supercrew%20cab/2025/xlt-pickup-4d-5-1-2-ft/,2026-10-03,INFERENCE,
ev,Chevrolet Silverado EV WT Short Range,Chevrolet Silverado EV WT Short Range,TED:Range fit,10.0,0-10,10.0,https://www.kbb.com/chevrolet/silverado-ev/2025/specs/,2026-10-03,INFERENCE,
ev,Chevrolet Silverado EV WT Short Range,Chevrolet Silverado EV WT Short Range,TED:Payload/cargo fit,10.0,0-10,10.0,https://www.kbb.com/chevrolet/silverado-ev/2025/specs/,2026-10-03,INFERENCE,
ev,Chevrolet Silverado EV WT Short Range,Chevrolet Silverado EV WT Short Range,TED:Cab/crew fit,10.0,0-10,10.0,https://www.kbb.com/chevrolet/silverado-ev/2025/specs/,2026-10-03,INFERENCE,
ev,Chevrolet Silverado EV WT Short Range,Chevrolet Silverado EV WT Short Range,TED:Tow fit,10.0,0-10,10.0,https://www.kbb.com/chevrolet/silverado-ev/2025/specs/,2026-10-03,INFERENCE,
ev,Chevrolet Silverado EV WT Short Range,Chevrolet Silverado EV WT Short Range,TED:Resale (3-yr retained %),not confirmed,0-10,,https://www.kbb.com/chevrolet/silverado-ev/2025/specs/,2026-10-03,not scored: not confirmed,
ev,Chevrolet Silverado EV WT Short Range,Chevrolet Silverado EV WT Short Range,TED:Reliability,not confirmed,0-10,,https://www.kbb.com/chevrolet/silverado-ev/2025/specs/,2026-10-03,not scored: not confirmed,
ev,Chevrolet Silverado EV WT Short Range,Chevrolet Silverado EV WT Short Range,TED:Service network,9.0,0-10,9.0,https://www.kbb.com/chevrolet/silverado-ev/2025/specs/,2026-10-03,INFERENCE,
ev,Chevrolet Silverado EV WT Short Range,Chevrolet Silverado EV WT Short Range,TED:Longevity (warranty remaining),not confirmed,0-10,,https://www.kbb.com/chevrolet/silverado-ev/2025/specs/,2026-10-03,not scored: not confirmed,
ev,Chevrolet Silverado EV WT Short Range,Chevrolet Silverado EV WT Short Range,TED:Energy cents per mile,9.6,0-10,9.6,https://www.kbb.com/chevrolet/silverado-ev/2025/specs/,2026-10-03,INFERENCE,
ev,Chevrolet Silverado EV WT Short Range,Chevrolet Silverado EV WT Short Range,TED:Maintenance cents per mile,8.1,0-10,8.1,https://www.kbb.com/chevrolet/silverado-ev/2025/specs/,2026-10-03,INFERENCE,
gas_candidate,Ford F-150 SuperCrew 5.5-ft 4WD XLT,Chevrolet Silverado EV WT Short Range,TED:Range fit,not confirmed,0-10,,not confirmed,2026-10-03,not scored: not confirmed,
gas_candidate,Ford F-150 SuperCrew 5.5-ft 4WD XLT,Chevrolet Silverado EV WT Short Range,TED:Payload/cargo fit,8.8,0-10,8.8,not confirmed,2026-10-03,INFERENCE,
gas_candidate,Ford F-150 SuperCrew 5.5-ft 4WD XLT,Chevrolet Silverado EV WT Short Range,TED:Cab/crew fit,10.0,0-10,10.0,not confirmed,2026-10-03,INFERENCE,
gas_candidate,Ford F-150 SuperCrew 5.5-ft 4WD XLT,Chevrolet Silverado EV WT Short Range,TED:Tow fit,8.0,0-10,8.0,not confirmed,2026-10-03,INFERENCE,
gas_candidate,Ford F-150 SuperCrew 5.5-ft 4WD XLT,Chevrolet Silverado EV WT Short Range,TED:Resale (3-yr retained %),6.2,0-10,6.2,not confirmed,2026-10-03,INFERENCE,
gas_candidate,Ford F-150 SuperCrew 5.5-ft 4WD XLT,Chevrolet Silverado EV WT Short Range,TED:Reliability,not confirmed,0-10,,not confirmed,2026-10-03,not scored: not confirmed,
gas_candidate,Ford F-150 SuperCrew 5.5-ft 4WD XLT,Chevrolet Silverado EV WT Short Range,TED:Service network,10.0,0-10,10.0,not confirmed,2026-10-03,INFERENCE,
gas_candidate,Ford F-150 SuperCrew 5.5-ft 4WD XLT,Chevrolet Silverado EV WT Short Range,TED:Longevity (warranty remaining),not confirmed,0-10,,not confirmed,2026-10-03,not scored: not confirmed,
gas_candidate,Ford F-150 SuperCrew 5.5-ft 4WD XLT,Chevrolet Silverado EV WT Short Range,TED:Energy cents per mile,3.7,0-10,3.7,not confirmed,2026-10-03,INFERENCE,
gas_candidate,Ford F-150 SuperCrew 5.5-ft 4WD XLT,Chevrolet Silverado EV WT Short Range,TED:Maintenance cents per mile,4.5,0-10,4.5,not confirmed,2026-10-03,INFERENCE,
gas_candidate,Chevrolet Silverado 1500 Crew Cab short bed 4WD WT,Chevrolet Silverado EV WT Short Range,payload,not confirmed,lb,,not confirmed,2026-10-03,UNKNOWN,no
gas_candidate,Chevrolet Silverado 1500 Crew Cab short bed 4WD WT,Chevrolet Silverado EV WT Short Range,tow,9400,lb,10.0,https://cars.usnews.com/cars-trucks/chevrolet/silverado-1500/2025/specs/silverado-1500-crew-cab-short-box-4-wheel-drive-wt-458792,2026-10-03,FACT,yes
gas_candidate,Chevrolet Silverado 1500 Crew Cab short bed 4WD WT,Chevrolet Silverado EV WT Short Range,cargo,5.8 ft bed,bed_ft_or_cuft,9.7,not confirmed,2026-10-03,FACT,no
gas_candidate,Chevrolet Silverado 1500 Crew Cab short bed 4WD WT,Chevrolet Silverado EV WT Short Range,cab,3,cab_ordinal_crew3,10.0,https://cars.usnews.com/cars-trucks/chevrolet/silverado-1500/2025/specs/silverado-1500-crew-cab-short-box-4-wheel-drive-wt-458792,2026-10-03,FACT,
gas_candidate,Chevrolet Silverado 1500 Crew Cab short bed 4WD WT,Chevrolet Silverado EV WT Short Range,range,not confirmed,mi,,not confirmed,2026-10-03,UNKNOWN,no
gas_candidate,Chevrolet Silverado 1500 Crew Cab short bed 4WD WT,Chevrolet Silverado EV WT Short Range,tow_range,not confirmed,mi,,https://cars.usnews.com/cars-trucks/chevrolet/silverado-1500/2025/specs/silverado-1500-crew-cab-short-box-4-wheel-drive-wt-458792,2026-10-03,UNKNOWN,
gas_candidate,Chevrolet Silverado 1500 Crew Cab short bed 4WD WT,Chevrolet Silverado EV WT Short Range,msrp,46000,usd,,https://www.cars.com/research/chevrolet-silverado_1500-2025/,2026-10-03,FACT,yes
gas_candidate,Chevrolet Silverado 1500 Crew Cab short bed 4WD WT,Chevrolet Silverado EV WT Short Range,resale_3yr_retained,not confirmed,percent,,not confirmed,2026-10-03,UNKNOWN,
gas_candidate,Chevrolet Silverado 1500 Crew Cab short bed 4WD WT,Chevrolet Silverado EV WT Short Range,mpg_combined,18,mpg,,https://cars.usnews.com/cars-trucks/chevrolet/silverado-1500/2025/specs/silverado-1500-crew-cab-short-box-4-wheel-drive-wt-458792,2026-10-03,FACT,
gas_candidate,Chevrolet Silverado 1500 Crew Cab short bed 4WD WT,Chevrolet Silverado EV WT Short Range,energy_usd_per_mi,0.2308,USD/mi,2.8,https://cars.usnews.com/cars-trucks/chevrolet/silverado-1500/2025/specs/silverado-1500-crew-cab-short-box-4-wheel-drive-wt-458792,2026-10-03,INFERENCE,
gas_candidate,Chevrolet Silverado 1500 Crew Cab short bed 4WD WT,Chevrolet Silverado EV WT Short Range,maint_usd_per_mi,0.101,USD/mi,4.5,https://cars.usnews.com/cars-trucks/chevrolet/silverado-1500/2025/specs/silverado-1500-crew-cab-short-box-4-wheel-drive-wt-458792,2026-10-03,FACT class-level AFDC,
gas_candidate,Chevrolet Silverado 1500 Crew Cab short bed 4WD WT,Chevrolet Silverado EV WT Short Range,service_network,10,0-10 ordinal,10,https://www.cars.com/research/chevrolet-silverado_1500-2025/,2026-10-03,INFERENCE,
gas_candidate,Chevrolet Silverado 1500 Crew Cab short bed 4WD WT,Chevrolet Silverado EV WT Short Range,class_match,half_ton vs half_ton,class,10.0,not confirmed,2026-10-03,INFERENCE,
gas_candidate,Chevrolet Silverado 1500 Crew Cab short bed 4WD WT,Chevrolet Silverado EV WT Short Range,rank_metric,5.0,0-10,5.0,not confirmed,2026-10-03,INFERENCE,
ev,Chevrolet Silverado EV WT Short Range,Chevrolet Silverado EV WT Short Range,TED:Range fit,10.0,0-10,10.0,https://www.kbb.com/chevrolet/silverado-ev/2025/specs/,2026-10-03,INFERENCE,
ev,Chevrolet Silverado EV WT Short Range,Chevrolet Silverado EV WT Short Range,TED:Payload/cargo fit,10.0,0-10,10.0,https://www.kbb.com/chevrolet/silverado-ev/2025/specs/,2026-10-03,INFERENCE,
ev,Chevrolet Silverado EV WT Short Range,Chevrolet Silverado EV WT Short Range,TED:Cab/crew fit,10.0,0-10,10.0,https://www.kbb.com/chevrolet/silverado-ev/2025/specs/,2026-10-03,INFERENCE,
ev,Chevrolet Silverado EV WT Short Range,Chevrolet Silverado EV WT Short Range,TED:Tow fit,10.0,0-10,10.0,https://www.kbb.com/chevrolet/silverado-ev/2025/specs/,2026-10-03,INFERENCE,
ev,Chevrolet Silverado EV WT Short Range,Chevrolet Silverado EV WT Short Range,TED:Resale (3-yr retained %),not confirmed,0-10,,https://www.kbb.com/chevrolet/silverado-ev/2025/specs/,2026-10-03,not scored: not confirmed,
ev,Chevrolet Silverado EV WT Short Range,Chevrolet Silverado EV WT Short Range,TED:Reliability,not confirmed,0-10,,https://www.kbb.com/chevrolet/silverado-ev/2025/specs/,2026-10-03,not scored: not confirmed,
ev,Chevrolet Silverado EV WT Short Range,Chevrolet Silverado EV WT Short Range,TED:Service network,9.0,0-10,9.0,https://www.kbb.com/chevrolet/silverado-ev/2025/specs/,2026-10-03,INFERENCE,
ev,Chevrolet Silverado EV WT Short Range,Chevrolet Silverado EV WT Short Range,TED:Longevity (warranty remaining),not confirmed,0-10,,https://www.kbb.com/chevrolet/silverado-ev/2025/specs/,2026-10-03,not scored: not confirmed,
ev,Chevrolet Silverado EV WT Short Range,Chevrolet Silverado EV WT Short Range,TED:Energy cents per mile,9.6,0-10,9.6,https://www.kbb.com/chevrolet/silverado-ev/2025/specs/,2026-10-03,INFERENCE,
ev,Chevrolet Silverado EV WT Short Range,Chevrolet Silverado EV WT Short Range,TED:Maintenance cents per mile,8.1,0-10,8.1,https://www.kbb.com/chevrolet/silverado-ev/2025/specs/,2026-10-03,INFERENCE,
gas_candidate,Chevrolet Silverado 1500 Crew Cab short bed 4WD WT,Chevrolet Silverado EV WT Short Range,TED:Range fit,not confirmed,0-10,,not confirmed,2026-10-03,not scored: not confirmed,
gas_candidate,Chevrolet Silverado 1500 Crew Cab short bed 4WD WT,Chevrolet Silverado EV WT Short Range,TED:Payload/cargo fit,not confirmed,0-10,,not confirmed,2026-10-03,not scored: not confirmed,
gas_candidate,Chevrolet Silverado 1500 Crew Cab short bed 4WD WT,Chevrolet Silverado EV WT Short Range,TED:Cab/crew fit,10.0,0-10,10.0,not confirmed,2026-10-03,INFERENCE,
gas_candidate,Chevrolet Silverado 1500 Crew Cab short bed 4WD WT,Chevrolet Silverado EV WT Short Range,TED:Tow fit,10.0,0-10,10.0,not confirmed,2026-10-03,INFERENCE,
gas_candidate,Chevrolet Silverado 1500 Crew Cab short bed 4WD WT,Chevrolet Silverado EV WT Short Range,TED:Resale (3-yr retained %),not confirmed,0-10,,not confirmed,2026-10-03,not scored: not confirmed,
gas_candidate,Chevrolet Silverado 1500 Crew Cab short bed 4WD WT,Chevrolet Silverado EV WT Short Range,TED:Reliability,not confirmed,0-10,,not confirmed,2026-10-03,not scored: not confirmed,
gas_candidate,Chevrolet Silverado 1500 Crew Cab short bed 4WD WT,Chevrolet Silverado EV WT Short Range,TED:Service network,10.0,0-10,10.0,not confirmed,2026-10-03,INFERENCE,
gas_candidate,Chevrolet Silverado 1500 Crew Cab short bed 4WD WT,Chevrolet Silverado EV WT Short Range,TED:Longevity (warranty remaining),not confirmed,0-10,,not confirmed,2026-10-03,not scored: not confirmed,
gas_candidate,Chevrolet Silverado 1500 Crew Cab short bed 4WD WT,Chevrolet Silverado EV WT Short Range,TED:Energy cents per mile,2.8,0-10,2.8,not confirmed,2026-10-03,INFERENCE,
gas_candidate,Chevrolet Silverado 1500 Crew Cab short bed 4WD WT,Chevrolet Silverado EV WT Short Range,TED:Maintenance cents per mile,4.5,0-10,4.5,not confirmed,2026-10-03,INFERENCE,
gas_candidate,Ram 1500 Crew Cab Tradesman 4x4 5.6-ft,Chevrolet Silverado EV WT Short Range,payload,1770,lb,7.1,https://www.kbb.com/ram/1500-crew-cab/2025/specs/,2026-10-03,FACT,yes
gas_candidate,Ram 1500 Crew Cab Tradesman 4x4 5.6-ft,Chevrolet Silverado EV WT Short Range,tow,not confirmed,lb,,not confirmed,2026-10-03,UNKNOWN,no
gas_candidate,Ram 1500 Crew Cab Tradesman 4x4 5.6-ft,Chevrolet Silverado EV WT Short Range,cargo,5.6 ft bed,bed_ft_or_cuft,9.0,https://www.kbb.com/ram/1500-crew-cab/2025/specs/,2026-10-03,FACT,
gas_candidate,Ram 1500 Crew Cab Tradesman 4x4 5.6-ft,Chevrolet Silverado EV WT Short Range,cab,3,cab_ordinal_crew3,10.0,https://www.kbb.com/ram/1500-crew-cab/2025/specs/,2026-10-03,FACT,
gas_candidate,Ram 1500 Crew Cab Tradesman 4x4 5.6-ft,Chevrolet Silverado EV WT Short Range,range,not confirmed,mi,,not confirmed,2026-10-03,UNKNOWN,no
gas_candidate,Ram 1500 Crew Cab Tradesman 4x4 5.6-ft,Chevrolet Silverado EV WT Short Range,tow_range,not confirmed,mi,,not confirmed,2026-10-03,UNKNOWN,
gas_candidate,Ram 1500 Crew Cab Tradesman 4x4 5.6-ft,Chevrolet Silverado EV WT Short Range,msrp,46875,usd,,https://www.iseecars.com/car/2025-ram-ram_pickup_1500-price,2026-10-03,FACT,yes
gas_candidate,Ram 1500 Crew Cab Tradesman 4x4 5.6-ft,Chevrolet Silverado EV WT Short Range,resale_3yr_retained,not confirmed,percent,,https://www.iseecars.com/resale-value/trucks,2026-10-03,UNKNOWN,
gas_candidate,Ram 1500 Crew Cab Tradesman 4x4 5.6-ft,Chevrolet Silverado EV WT Short Range,mpg_combined,19,mpg,,https://www.kbb.com/ram/1500-crew-cab/2025/specs/,2026-10-03,FACT,
gas_candidate,Ram 1500 Crew Cab Tradesman 4x4 5.6-ft,Chevrolet Silverado EV WT Short Range,energy_usd_per_mi,0.2187,USD/mi,3.3,https://www.kbb.com/ram/1500-crew-cab/2025/specs/,2026-10-03,INFERENCE,
gas_candidate,Ram 1500 Crew Cab Tradesman 4x4 5.6-ft,Chevrolet Silverado EV WT Short Range,maint_usd_per_mi,0.101,USD/mi,4.5,https://www.kbb.com/ram/1500-crew-cab/2025/specs/,2026-10-03,FACT class-level AFDC,
gas_candidate,Ram 1500 Crew Cab Tradesman 4x4 5.6-ft,Chevrolet Silverado EV WT Short Range,service_network,9,0-10 ordinal,9,https://www.iseecars.com/car/2025-ram-ram_pickup_1500-price,2026-10-03,INFERENCE,
gas_candidate,Ram 1500 Crew Cab Tradesman 4x4 5.6-ft,Chevrolet Silverado EV WT Short Range,class_match,half_ton vs half_ton,class,10.0,https://www.kbb.com/ram/1500-crew-cab/2025/specs/,2026-10-03,INFERENCE,
gas_candidate,Ram 1500 Crew Cab Tradesman 4x4 5.6-ft,Chevrolet Silverado EV WT Short Range,rank_metric,4.6,0-10,4.6,https://www.kbb.com/ram/1500-crew-cab/2025/specs/,2026-10-03,INFERENCE,
ev,Chevrolet Silverado EV WT Short Range,Chevrolet Silverado EV WT Short Range,TED:Range fit,10.0,0-10,10.0,https://www.kbb.com/chevrolet/silverado-ev/2025/specs/,2026-10-03,INFERENCE,
ev,Chevrolet Silverado EV WT Short Range,Chevrolet Silverado EV WT Short Range,TED:Payload/cargo fit,10.0,0-10,10.0,https://www.kbb.com/chevrolet/silverado-ev/2025/specs/,2026-10-03,INFERENCE,
ev,Chevrolet Silverado EV WT Short Range,Chevrolet Silverado EV WT Short Range,TED:Cab/crew fit,10.0,0-10,10.0,https://www.kbb.com/chevrolet/silverado-ev/2025/specs/,2026-10-03,INFERENCE,
ev,Chevrolet Silverado EV WT Short Range,Chevrolet Silverado EV WT Short Range,TED:Tow fit,10.0,0-10,10.0,https://www.kbb.com/chevrolet/silverado-ev/2025/specs/,2026-10-03,INFERENCE,
ev,Chevrolet Silverado EV WT Short Range,Chevrolet Silverado EV WT Short Range,TED:Resale (3-yr retained %),not confirmed,0-10,,https://www.kbb.com/chevrolet/silverado-ev/2025/specs/,2026-10-03,not scored: not confirmed,
ev,Chevrolet Silverado EV WT Short Range,Chevrolet Silverado EV WT Short Range,TED:Reliability,not confirmed,0-10,,https://www.kbb.com/chevrolet/silverado-ev/2025/specs/,2026-10-03,not scored: not confirmed,
ev,Chevrolet Silverado EV WT Short Range,Chevrolet Silverado EV WT Short Range,TED:Service network,9.0,0-10,9.0,https://www.kbb.com/chevrolet/silverado-ev/2025/specs/,2026-10-03,INFERENCE,
ev,Chevrolet Silverado EV WT Short Range,Chevrolet Silverado EV WT Short Range,TED:Longevity (warranty remaining),not confirmed,0-10,,https://www.kbb.com/chevrolet/silverado-ev/2025/specs/,2026-10-03,not scored: not confirmed,
ev,Chevrolet Silverado EV WT Short Range,Chevrolet Silverado EV WT Short Range,TED:Energy cents per mile,9.6,0-10,9.6,https://www.kbb.com/chevrolet/silverado-ev/2025/specs/,2026-10-03,INFERENCE,
ev,Chevrolet Silverado EV WT Short Range,Chevrolet Silverado EV WT Short Range,TED:Maintenance cents per mile,8.1,0-10,8.1,https://www.kbb.com/chevrolet/silverado-ev/2025/specs/,2026-10-03,INFERENCE,
gas_candidate,Ram 1500 Crew Cab Tradesman 4x4 5.6-ft,Chevrolet Silverado EV WT Short Range,TED:Range fit,not confirmed,0-10,,not confirmed,2026-10-03,not scored: not confirmed,
gas_candidate,Ram 1500 Crew Cab Tradesman 4x4 5.6-ft,Chevrolet Silverado EV WT Short Range,TED:Payload/cargo fit,7.1,0-10,7.1,not confirmed,2026-10-03,INFERENCE,
gas_candidate,Ram 1500 Crew Cab Tradesman 4x4 5.6-ft,Chevrolet Silverado EV WT Short Range,TED:Cab/crew fit,10.0,0-10,10.0,not confirmed,2026-10-03,INFERENCE,
gas_candidate,Ram 1500 Crew Cab Tradesman 4x4 5.6-ft,Chevrolet Silverado EV WT Short Range,TED:Tow fit,not confirmed,0-10,,not confirmed,2026-10-03,not scored: not confirmed,
gas_candidate,Ram 1500 Crew Cab Tradesman 4x4 5.6-ft,Chevrolet Silverado EV WT Short Range,TED:Resale (3-yr retained %),not confirmed,0-10,,not confirmed,2026-10-03,not scored: not confirmed,
gas_candidate,Ram 1500 Crew Cab Tradesman 4x4 5.6-ft,Chevrolet Silverado EV WT Short Range,TED:Reliability,not confirmed,0-10,,not confirmed,2026-10-03,not scored: not confirmed,
gas_candidate,Ram 1500 Crew Cab Tradesman 4x4 5.6-ft,Chevrolet Silverado EV WT Short Range,TED:Service network,9.0,0-10,9.0,not confirmed,2026-10-03,INFERENCE,
gas_candidate,Ram 1500 Crew Cab Tradesman 4x4 5.6-ft,Chevrolet Silverado EV WT Short Range,TED:Longevity (warranty remaining),not confirmed,0-10,,not confirmed,2026-10-03,not scored: not confirmed,
gas_candidate,Ram 1500 Crew Cab Tradesman 4x4 5.6-ft,Chevrolet Silverado EV WT Short Range,TED:Energy cents per mile,3.3,0-10,3.3,not confirmed,2026-10-03,INFERENCE,
gas_candidate,Ram 1500 Crew Cab Tradesman 4x4 5.6-ft,Chevrolet Silverado EV WT Short Range,TED:Maintenance cents per mile,4.5,0-10,4.5,not confirmed,2026-10-03,INFERENCE,
ev,Chevrolet Silverado EV LT Extended Range,Chevrolet Silverado EV LT Extended Range,payload,1800,lb,,https://www.gmupfitter.com/wp-content/uploads/2025/03/2025-Silverado-EV-Specification-Guide-121525.pdf,2026-10-03,FACT,yes
ev,Chevrolet Silverado EV LT Extended Range,Chevrolet Silverado EV LT Extended Range,tow,12500,lb,,https://www.gmupfitter.com/wp-content/uploads/2025/03/2025-Silverado-EV-Specification-Guide-121525.pdf,2026-10-03,FACT,yes
ev,Chevrolet Silverado EV LT Extended Range,Chevrolet Silverado EV LT Extended Range,cargo,5.9 ft bed,bed_ft_or_cuft,,https://www.gmupfitter.com/wp-content/uploads/2025/03/2025-Silverado-EV-Specification-Guide-121525.pdf,2026-10-03,FACT,
ev,Chevrolet Silverado EV LT Extended Range,Chevrolet Silverado EV LT Extended Range,cab,3,cab_ordinal_crew3,,https://www.gmupfitter.com/wp-content/uploads/2025/03/2025-Silverado-EV-Specification-Guide-121525.pdf,2026-10-03,FACT,
ev,Chevrolet Silverado EV LT Extended Range,Chevrolet Silverado EV LT Extended Range,range,422,mi,,https://www.kbb.com/chevrolet/silverado-ev/2025/specs/,2026-10-03,FACT,yes
ev,Chevrolet Silverado EV LT Extended Range,Chevrolet Silverado EV LT Extended Range,tow_range,not confirmed,mi,,https://www.gmupfitter.com/wp-content/uploads/2025/03/2025-Silverado-EV-Specification-Guide-121525.pdf,2026-10-03,UNKNOWN,
ev,Chevrolet Silverado EV LT Extended Range,Chevrolet Silverado EV LT Extended Range,msrp,75195,usd,,https://www.kbb.com/chevrolet/silverado-ev/2025/specs/,2026-10-03,FACT,yes
ev,Chevrolet Silverado EV LT Extended Range,Chevrolet Silverado EV LT Extended Range,resale_3yr_retained,not confirmed,percent,,not confirmed,2026-10-03,UNKNOWN,
ev,Chevrolet Silverado EV LT Extended Range,Chevrolet Silverado EV LT Extended Range,efficiency_kwh_100mi,50,kWh/100mi,,https://www.fueleconomy.gov/feg/Find.do?action=sbs&id=48701,2026-10-03,FACT,
ev,Chevrolet Silverado EV LT Extended Range,Chevrolet Silverado EV LT Extended Range,energy_usd_per_mi,0.0613,USD/mi,,https://www.fueleconomy.gov/feg/Find.do?action=sbs&id=48701,2026-10-03,INFERENCE,
ev,Chevrolet Silverado EV LT Extended Range,Chevrolet Silverado EV LT Extended Range,maint_usd_per_mi,0.061,USD/mi,,https://www.fueleconomy.gov/feg/Find.do?action=sbs&id=48701,2026-10-03,FACT class-level AFDC,
ev,Chevrolet Silverado EV LT Extended Range,Chevrolet Silverado EV LT Extended Range,service_network,9,0-10 ordinal,9,https://www.kbb.com/chevrolet/silverado-ev/2025/specs/,2026-10-03,INFERENCE,
gas_candidate,GMC Sierra 1500 Crew Cab Denali 4WD short bed,Chevrolet Silverado EV LT Extended Range,payload,1960,lb,10.0,https://www.kbb.com/gmc/sierra-1500-crew-cab/2025/denali-pickup-4d-5-3-4-ft/,2026-10-03,FACT,yes
gas_candidate,GMC Sierra 1500 Crew Cab Denali 4WD short bed,Chevrolet Silverado EV LT Extended Range,tow,13000,lb,10.0,https://www.kbb.com/gmc/sierra-1500-crew-cab/2025/denali-pickup-4d-5-3-4-ft/,2026-10-03,FACT,yes
gas_candidate,GMC Sierra 1500 Crew Cab Denali 4WD short bed,Chevrolet Silverado EV LT Extended Range,cargo,5.75 ft bed,bed_ft_or_cuft,9.5,https://www.kbb.com/gmc/sierra-1500-crew-cab/2025/denali-pickup-4d-5-3-4-ft/,2026-10-03,FACT,
gas_candidate,GMC Sierra 1500 Crew Cab Denali 4WD short bed,Chevrolet Silverado EV LT Extended Range,cab,3,cab_ordinal_crew3,10.0,https://www.kbb.com/gmc/sierra-1500-crew-cab/2025/denali-pickup-4d-5-3-4-ft/,2026-10-03,FACT,
gas_candidate,GMC Sierra 1500 Crew Cab Denali 4WD short bed,Chevrolet Silverado EV LT Extended Range,range,not confirmed,mi,,not confirmed,2026-10-03,UNKNOWN,no
gas_candidate,GMC Sierra 1500 Crew Cab Denali 4WD short bed,Chevrolet Silverado EV LT Extended Range,tow_range,not confirmed,mi,,https://www.kbb.com/gmc/sierra-1500-crew-cab/2025/denali-pickup-4d-5-3-4-ft/,2026-10-03,UNKNOWN,
gas_candidate,GMC Sierra 1500 Crew Cab Denali 4WD short bed,Chevrolet Silverado EV LT Extended Range,msrp,67595,usd,10.0,https://www.kbb.com/gmc/sierra-1500-crew-cab/2025/,2026-10-03,FACT,yes
gas_candidate,GMC Sierra 1500 Crew Cab Denali 4WD short bed,Chevrolet Silverado EV LT Extended Range,resale_3yr_retained,not confirmed,percent,,https://www.iseecars.com/resale-value/trucks,2026-10-03,UNKNOWN,
gas_candidate,GMC Sierra 1500 Crew Cab Denali 4WD short bed,Chevrolet Silverado EV LT Extended Range,mpg_combined,17,mpg,,https://www.kbb.com/gmc/sierra-1500-crew-cab/2025/denali-pickup-4d-5-3-4-ft/,2026-10-03,FACT,
gas_candidate,GMC Sierra 1500 Crew Cab Denali 4WD short bed,Chevrolet Silverado EV LT Extended Range,energy_usd_per_mi,0.2444,USD/mi,2.2,https://www.kbb.com/gmc/sierra-1500-crew-cab/2025/denali-pickup-4d-5-3-4-ft/,2026-10-03,INFERENCE,
gas_candidate,GMC Sierra 1500 Crew Cab Denali 4WD short bed,Chevrolet Silverado EV LT Extended Range,maint_usd_per_mi,0.101,USD/mi,4.5,https://www.kbb.com/gmc/sierra-1500-crew-cab/2025/denali-pickup-4d-5-3-4-ft/,2026-10-03,FACT class-level AFDC,
gas_candidate,GMC Sierra 1500 Crew Cab Denali 4WD short bed,Chevrolet Silverado EV LT Extended Range,service_network,9,0-10 ordinal,9,https://www.kbb.com/gmc/sierra-1500-crew-cab/2025/,2026-10-03,INFERENCE,
gas_candidate,GMC Sierra 1500 Crew Cab Denali 4WD short bed,Chevrolet Silverado EV LT Extended Range,class_match,half_ton vs half_ton,class,10.0,https://www.kbb.com/gmc/sierra-1500-crew-cab/2025/denali-pickup-4d-5-3-4-ft/,2026-10-03,INFERENCE,
gas_candidate,GMC Sierra 1500 Crew Cab Denali 4WD short bed,Chevrolet Silverado EV LT Extended Range,rank_metric,8.3,0-10,8.3,https://www.kbb.com/gmc/sierra-1500-crew-cab/2025/denali-pickup-4d-5-3-4-ft/,2026-10-03,INFERENCE,
ev,Chevrolet Silverado EV LT Extended Range,Chevrolet Silverado EV LT Extended Range,TED:Range fit,10.0,0-10,10.0,https://www.kbb.com/chevrolet/silverado-ev/2025/specs/,2026-10-03,INFERENCE,
ev,Chevrolet Silverado EV LT Extended Range,Chevrolet Silverado EV LT Extended Range,TED:Payload/cargo fit,10.0,0-10,10.0,https://www.kbb.com/chevrolet/silverado-ev/2025/specs/,2026-10-03,INFERENCE,
ev,Chevrolet Silverado EV LT Extended Range,Chevrolet Silverado EV LT Extended Range,TED:Cab/crew fit,10.0,0-10,10.0,https://www.kbb.com/chevrolet/silverado-ev/2025/specs/,2026-10-03,INFERENCE,
ev,Chevrolet Silverado EV LT Extended Range,Chevrolet Silverado EV LT Extended Range,TED:Tow fit,10.0,0-10,10.0,https://www.kbb.com/chevrolet/silverado-ev/2025/specs/,2026-10-03,INFERENCE,
ev,Chevrolet Silverado EV LT Extended Range,Chevrolet Silverado EV LT Extended Range,TED:Resale (3-yr retained %),not confirmed,0-10,,https://www.kbb.com/chevrolet/silverado-ev/2025/specs/,2026-10-03,not scored: not confirmed,
ev,Chevrolet Silverado EV LT Extended Range,Chevrolet Silverado EV LT Extended Range,TED:Reliability,not confirmed,0-10,,https://www.kbb.com/chevrolet/silverado-ev/2025/specs/,2026-10-03,not scored: not confirmed,
ev,Chevrolet Silverado EV LT Extended Range,Chevrolet Silverado EV LT Extended Range,TED:Service network,9.0,0-10,9.0,https://www.kbb.com/chevrolet/silverado-ev/2025/specs/,2026-10-03,INFERENCE,
ev,Chevrolet Silverado EV LT Extended Range,Chevrolet Silverado EV LT Extended Range,TED:Longevity (warranty remaining),not confirmed,0-10,,https://www.kbb.com/chevrolet/silverado-ev/2025/specs/,2026-10-03,not scored: not confirmed,
ev,Chevrolet Silverado EV LT Extended Range,Chevrolet Silverado EV LT Extended Range,TED:Energy cents per mile,9.5,0-10,9.5,https://www.kbb.com/chevrolet/silverado-ev/2025/specs/,2026-10-03,INFERENCE,
ev,Chevrolet Silverado EV LT Extended Range,Chevrolet Silverado EV LT Extended Range,TED:Maintenance cents per mile,8.1,0-10,8.1,https://www.kbb.com/chevrolet/silverado-ev/2025/specs/,2026-10-03,INFERENCE,
gas_candidate,GMC Sierra 1500 Crew Cab Denali 4WD short bed,Chevrolet Silverado EV LT Extended Range,TED:Range fit,not confirmed,0-10,,not confirmed,2026-10-03,not scored: not confirmed,
gas_candidate,GMC Sierra 1500 Crew Cab Denali 4WD short bed,Chevrolet Silverado EV LT Extended Range,TED:Payload/cargo fit,10.0,0-10,10.0,not confirmed,2026-10-03,INFERENCE,
gas_candidate,GMC Sierra 1500 Crew Cab Denali 4WD short bed,Chevrolet Silverado EV LT Extended Range,TED:Cab/crew fit,10.0,0-10,10.0,not confirmed,2026-10-03,INFERENCE,
gas_candidate,GMC Sierra 1500 Crew Cab Denali 4WD short bed,Chevrolet Silverado EV LT Extended Range,TED:Tow fit,10.0,0-10,10.0,not confirmed,2026-10-03,INFERENCE,
gas_candidate,GMC Sierra 1500 Crew Cab Denali 4WD short bed,Chevrolet Silverado EV LT Extended Range,TED:Resale (3-yr retained %),not confirmed,0-10,,not confirmed,2026-10-03,not scored: not confirmed,
gas_candidate,GMC Sierra 1500 Crew Cab Denali 4WD short bed,Chevrolet Silverado EV LT Extended Range,TED:Reliability,not confirmed,0-10,,not confirmed,2026-10-03,not scored: not confirmed,
gas_candidate,GMC Sierra 1500 Crew Cab Denali 4WD short bed,Chevrolet Silverado EV LT Extended Range,TED:Service network,9.0,0-10,9.0,not confirmed,2026-10-03,INFERENCE,
gas_candidate,GMC Sierra 1500 Crew Cab Denali 4WD short bed,Chevrolet Silverado EV LT Extended Range,TED:Longevity (warranty remaining),not confirmed,0-10,,not confirmed,2026-10-03,not scored: not confirmed,
gas_candidate,GMC Sierra 1500 Crew Cab Denali 4WD short bed,Chevrolet Silverado EV LT Extended Range,TED:Energy cents per mile,2.2,0-10,2.2,not confirmed,2026-10-03,INFERENCE,
gas_candidate,GMC Sierra 1500 Crew Cab Denali 4WD short bed,Chevrolet Silverado EV LT Extended Range,TED:Maintenance cents per mile,4.5,0-10,4.5,not confirmed,2026-10-03,INFERENCE,
gas_candidate,Ford F-150 SuperCrew 5.5-ft 4WD XLT,Chevrolet Silverado EV LT Extended Range,payload,2120,lb,10.0,https://www.kbb.com/ford/f150%20supercrew%20cab/2025/xlt-pickup-4d-5-1-2-ft/,2026-10-03,FACT,yes
gas_candidate,Ford F-150 SuperCrew 5.5-ft 4WD XLT,Chevrolet Silverado EV LT Extended Range,tow,7500,lb,0.0,https://www.kbb.com/ford/f150%20supercrew%20cab/2025/xlt-pickup-4d-5-1-2-ft/,2026-10-03,FACT,yes
gas_candidate,Ford F-150 SuperCrew 5.5-ft 4WD XLT,Chevrolet Silverado EV LT Extended Range,cargo,5.5 ft bed,bed_ft_or_cuft,8.7,https://www.kbb.com/ford/f150%20supercrew%20cab/2025/xlt-pickup-4d-5-1-2-ft/,2026-10-03,FACT,
gas_candidate,Ford F-150 SuperCrew 5.5-ft 4WD XLT,Chevrolet Silverado EV LT Extended Range,cab,3,cab_ordinal_crew3,10.0,https://www.kbb.com/ford/f150%20supercrew%20cab/2025/xlt-pickup-4d-5-1-2-ft/,2026-10-03,FACT,
gas_candidate,Ford F-150 SuperCrew 5.5-ft 4WD XLT,Chevrolet Silverado EV LT Extended Range,range,not confirmed,mi,,not confirmed,2026-10-03,UNKNOWN,no
gas_candidate,Ford F-150 SuperCrew 5.5-ft 4WD XLT,Chevrolet Silverado EV LT Extended Range,tow_range,not confirmed,mi,,https://www.kbb.com/ford/f150%20supercrew%20cab/2025/xlt-pickup-4d-5-1-2-ft/,2026-10-03,UNKNOWN,
gas_candidate,Ford F-150 SuperCrew 5.5-ft 4WD XLT,Chevrolet Silverado EV LT Extended Range,msrp,51915,usd,10.0,https://www.carweek.com/research/ford/f-150/2025,2026-10-03,FACT,yes
gas_candidate,Ford F-150 SuperCrew 5.5-ft 4WD XLT,Chevrolet Silverado EV LT Extended Range,resale_3yr_retained,81.2,percent,6.2,https://www.iseecars.com/car/ford-f-150/resale-value,2026-10-03,FACT,
gas_candidate,Ford F-150 SuperCrew 5.5-ft 4WD XLT,Chevrolet Silverado EV LT Extended Range,mpg_combined,20,mpg,,https://www.fueleconomy.gov/feg/bymodel/2025_ford_f150.shtml,2026-10-03,FACT,
gas_candidate,Ford F-150 SuperCrew 5.5-ft 4WD XLT,Chevrolet Silverado EV LT Extended Range,energy_usd_per_mi,0.2078,USD/mi,3.7,https://www.fueleconomy.gov/feg/bymodel/2025_ford_f150.shtml,2026-10-03,INFERENCE,
gas_candidate,Ford F-150 SuperCrew 5.5-ft 4WD XLT,Chevrolet Silverado EV LT Extended Range,maint_usd_per_mi,0.101,USD/mi,4.5,https://www.fueleconomy.gov/feg/bymodel/2025_ford_f150.shtml,2026-10-03,FACT class-level AFDC,
gas_candidate,Ford F-150 SuperCrew 5.5-ft 4WD XLT,Chevrolet Silverado EV LT Extended Range,service_network,10,0-10 ordinal,10,https://www.carweek.com/research/ford/f-150/2025,2026-10-03,INFERENCE,
gas_candidate,Ford F-150 SuperCrew 5.5-ft 4WD XLT,Chevrolet Silverado EV LT Extended Range,class_match,half_ton vs half_ton,class,10.0,https://www.kbb.com/ford/f150%20supercrew%20cab/2025/xlt-pickup-4d-5-1-2-ft/,2026-10-03,INFERENCE,
gas_candidate,Ford F-150 SuperCrew 5.5-ft 4WD XLT,Chevrolet Silverado EV LT Extended Range,rank_metric,7.1,0-10,7.1,https://www.kbb.com/ford/f150%20supercrew%20cab/2025/xlt-pickup-4d-5-1-2-ft/,2026-10-03,INFERENCE,
ev,Chevrolet Silverado EV LT Extended Range,Chevrolet Silverado EV LT Extended Range,TED:Range fit,10.0,0-10,10.0,https://www.kbb.com/chevrolet/silverado-ev/2025/specs/,2026-10-03,INFERENCE,
ev,Chevrolet Silverado EV LT Extended Range,Chevrolet Silverado EV LT Extended Range,TED:Payload/cargo fit,10.0,0-10,10.0,https://www.kbb.com/chevrolet/silverado-ev/2025/specs/,2026-10-03,INFERENCE,
ev,Chevrolet Silverado EV LT Extended Range,Chevrolet Silverado EV LT Extended Range,TED:Cab/crew fit,10.0,0-10,10.0,https://www.kbb.com/chevrolet/silverado-ev/2025/specs/,2026-10-03,INFERENCE,
ev,Chevrolet Silverado EV LT Extended Range,Chevrolet Silverado EV LT Extended Range,TED:Tow fit,10.0,0-10,10.0,https://www.kbb.com/chevrolet/silverado-ev/2025/specs/,2026-10-03,INFERENCE,
ev,Chevrolet Silverado EV LT Extended Range,Chevrolet Silverado EV LT Extended Range,TED:Resale (3-yr retained %),not confirmed,0-10,,https://www.kbb.com/chevrolet/silverado-ev/2025/specs/,2026-10-03,not scored: not confirmed,
ev,Chevrolet Silverado EV LT Extended Range,Chevrolet Silverado EV LT Extended Range,TED:Reliability,not confirmed,0-10,,https://www.kbb.com/chevrolet/silverado-ev/2025/specs/,2026-10-03,not scored: not confirmed,
ev,Chevrolet Silverado EV LT Extended Range,Chevrolet Silverado EV LT Extended Range,TED:Service network,9.0,0-10,9.0,https://www.kbb.com/chevrolet/silverado-ev/2025/specs/,2026-10-03,INFERENCE,
ev,Chevrolet Silverado EV LT Extended Range,Chevrolet Silverado EV LT Extended Range,TED:Longevity (warranty remaining),not confirmed,0-10,,https://www.kbb.com/chevrolet/silverado-ev/2025/specs/,2026-10-03,not scored: not confirmed,
ev,Chevrolet Silverado EV LT Extended Range,Chevrolet Silverado EV LT Extended Range,TED:Energy cents per mile,9.5,0-10,9.5,https://www.kbb.com/chevrolet/silverado-ev/2025/specs/,2026-10-03,INFERENCE,
ev,Chevrolet Silverado EV LT Extended Range,Chevrolet Silverado EV LT Extended Range,TED:Maintenance cents per mile,8.1,0-10,8.1,https://www.kbb.com/chevrolet/silverado-ev/2025/specs/,2026-10-03,INFERENCE,
gas_candidate,Ford F-150 SuperCrew 5.5-ft 4WD XLT,Chevrolet Silverado EV LT Extended Range,TED:Range fit,not confirmed,0-10,,not confirmed,2026-10-03,not scored: not confirmed,
gas_candidate,Ford F-150 SuperCrew 5.5-ft 4WD XLT,Chevrolet Silverado EV LT Extended Range,TED:Payload/cargo fit,10.0,0-10,10.0,not confirmed,2026-10-03,INFERENCE,
gas_candidate,Ford F-150 SuperCrew 5.5-ft 4WD XLT,Chevrolet Silverado EV LT Extended Range,TED:Cab/crew fit,10.0,0-10,10.0,not confirmed,2026-10-03,INFERENCE,
gas_candidate,Ford F-150 SuperCrew 5.5-ft 4WD XLT,Chevrolet Silverado EV LT Extended Range,TED:Tow fit,0.0,0-10,0.0,not confirmed,2026-10-03,INFERENCE,
gas_candidate,Ford F-150 SuperCrew 5.5-ft 4WD XLT,Chevrolet Silverado EV LT Extended Range,TED:Resale (3-yr retained %),6.2,0-10,6.2,not confirmed,2026-10-03,INFERENCE,
gas_candidate,Ford F-150 SuperCrew 5.5-ft 4WD XLT,Chevrolet Silverado EV LT Extended Range,TED:Reliability,not confirmed,0-10,,not confirmed,2026-10-03,not scored: not confirmed,
gas_candidate,Ford F-150 SuperCrew 5.5-ft 4WD XLT,Chevrolet Silverado EV LT Extended Range,TED:Service network,10.0,0-10,10.0,not confirmed,2026-10-03,INFERENCE,
gas_candidate,Ford F-150 SuperCrew 5.5-ft 4WD XLT,Chevrolet Silverado EV LT Extended Range,TED:Longevity (warranty remaining),not confirmed,0-10,,not confirmed,2026-10-03,not scored: not confirmed,
gas_candidate,Ford F-150 SuperCrew 5.5-ft 4WD XLT,Chevrolet Silverado EV LT Extended Range,TED:Energy cents per mile,3.7,0-10,3.7,not confirmed,2026-10-03,INFERENCE,
gas_candidate,Ford F-150 SuperCrew 5.5-ft 4WD XLT,Chevrolet Silverado EV LT Extended Range,TED:Maintenance cents per mile,4.5,0-10,4.5,not confirmed,2026-10-03,INFERENCE,
gas_candidate,Ram 1500 Crew Cab Tradesman 4x4 5.6-ft,Chevrolet Silverado EV LT Extended Range,payload,1770,lb,9.8,https://www.kbb.com/ram/1500-crew-cab/2025/specs/,2026-10-03,FACT,yes
gas_candidate,Ram 1500 Crew Cab Tradesman 4x4 5.6-ft,Chevrolet Silverado EV LT Extended Range,tow,not confirmed,lb,,not confirmed,2026-10-03,UNKNOWN,no
gas_candidate,Ram 1500 Crew Cab Tradesman 4x4 5.6-ft,Chevrolet Silverado EV LT Extended Range,cargo,5.6 ft bed,bed_ft_or_cuft,9.0,https://www.kbb.com/ram/1500-crew-cab/2025/specs/,2026-10-03,FACT,
gas_candidate,Ram 1500 Crew Cab Tradesman 4x4 5.6-ft,Chevrolet Silverado EV LT Extended Range,cab,3,cab_ordinal_crew3,10.0,https://www.kbb.com/ram/1500-crew-cab/2025/specs/,2026-10-03,FACT,
gas_candidate,Ram 1500 Crew Cab Tradesman 4x4 5.6-ft,Chevrolet Silverado EV LT Extended Range,range,not confirmed,mi,,not confirmed,2026-10-03,UNKNOWN,no
gas_candidate,Ram 1500 Crew Cab Tradesman 4x4 5.6-ft,Chevrolet Silverado EV LT Extended Range,tow_range,not confirmed,mi,,not confirmed,2026-10-03,UNKNOWN,
gas_candidate,Ram 1500 Crew Cab Tradesman 4x4 5.6-ft,Chevrolet Silverado EV LT Extended Range,msrp,46875,usd,10.0,https://www.iseecars.com/car/2025-ram-ram_pickup_1500-price,2026-10-03,FACT,yes
gas_candidate,Ram 1500 Crew Cab Tradesman 4x4 5.6-ft,Chevrolet Silverado EV LT Extended Range,resale_3yr_retained,not confirmed,percent,,https://www.iseecars.com/resale-value/trucks,2026-10-03,UNKNOWN,
gas_candidate,Ram 1500 Crew Cab Tradesman 4x4 5.6-ft,Chevrolet Silverado EV LT Extended Range,mpg_combined,19,mpg,,https://www.kbb.com/ram/1500-crew-cab/2025/specs/,2026-10-03,FACT,
gas_candidate,Ram 1500 Crew Cab Tradesman 4x4 5.6-ft,Chevrolet Silverado EV LT Extended Range,energy_usd_per_mi,0.2187,USD/mi,3.3,https://www.kbb.com/ram/1500-crew-cab/2025/specs/,2026-10-03,INFERENCE,
gas_candidate,Ram 1500 Crew Cab Tradesman 4x4 5.6-ft,Chevrolet Silverado EV LT Extended Range,maint_usd_per_mi,0.101,USD/mi,4.5,https://www.kbb.com/ram/1500-crew-cab/2025/specs/,2026-10-03,FACT class-level AFDC,
gas_candidate,Ram 1500 Crew Cab Tradesman 4x4 5.6-ft,Chevrolet Silverado EV LT Extended Range,service_network,9,0-10 ordinal,9,https://www.iseecars.com/car/2025-ram-ram_pickup_1500-price,2026-10-03,INFERENCE,
gas_candidate,Ram 1500 Crew Cab Tradesman 4x4 5.6-ft,Chevrolet Silverado EV LT Extended Range,class_match,half_ton vs half_ton,class,10.0,https://www.kbb.com/ram/1500-crew-cab/2025/specs/,2026-10-03,INFERENCE,
gas_candidate,Ram 1500 Crew Cab Tradesman 4x4 5.6-ft,Chevrolet Silverado EV LT Extended Range,rank_metric,6.5,0-10,6.5,https://www.kbb.com/ram/1500-crew-cab/2025/specs/,2026-10-03,INFERENCE,
ev,Chevrolet Silverado EV LT Extended Range,Chevrolet Silverado EV LT Extended Range,TED:Range fit,10.0,0-10,10.0,https://www.kbb.com/chevrolet/silverado-ev/2025/specs/,2026-10-03,INFERENCE,
ev,Chevrolet Silverado EV LT Extended Range,Chevrolet Silverado EV LT Extended Range,TED:Payload/cargo fit,10.0,0-10,10.0,https://www.kbb.com/chevrolet/silverado-ev/2025/specs/,2026-10-03,INFERENCE,
ev,Chevrolet Silverado EV LT Extended Range,Chevrolet Silverado EV LT Extended Range,TED:Cab/crew fit,10.0,0-10,10.0,https://www.kbb.com/chevrolet/silverado-ev/2025/specs/,2026-10-03,INFERENCE,
ev,Chevrolet Silverado EV LT Extended Range,Chevrolet Silverado EV LT Extended Range,TED:Tow fit,10.0,0-10,10.0,https://www.kbb.com/chevrolet/silverado-ev/2025/specs/,2026-10-03,INFERENCE,
ev,Chevrolet Silverado EV LT Extended Range,Chevrolet Silverado EV LT Extended Range,TED:Resale (3-yr retained %),not confirmed,0-10,,https://www.kbb.com/chevrolet/silverado-ev/2025/specs/,2026-10-03,not scored: not confirmed,
ev,Chevrolet Silverado EV LT Extended Range,Chevrolet Silverado EV LT Extended Range,TED:Reliability,not confirmed,0-10,,https://www.kbb.com/chevrolet/silverado-ev/2025/specs/,2026-10-03,not scored: not confirmed,
ev,Chevrolet Silverado EV LT Extended Range,Chevrolet Silverado EV LT Extended Range,TED:Service network,9.0,0-10,9.0,https://www.kbb.com/chevrolet/silverado-ev/2025/specs/,2026-10-03,INFERENCE,
ev,Chevrolet Silverado EV LT Extended Range,Chevrolet Silverado EV LT Extended Range,TED:Longevity (warranty remaining),not confirmed,0-10,,https://www.kbb.com/chevrolet/silverado-ev/2025/specs/,2026-10-03,not scored: not confirmed,
ev,Chevrolet Silverado EV LT Extended Range,Chevrolet Silverado EV LT Extended Range,TED:Energy cents per mile,9.5,0-10,9.5,https://www.kbb.com/chevrolet/silverado-ev/2025/specs/,2026-10-03,INFERENCE,
ev,Chevrolet Silverado EV LT Extended Range,Chevrolet Silverado EV LT Extended Range,TED:Maintenance cents per mile,8.1,0-10,8.1,https://www.kbb.com/chevrolet/silverado-ev/2025/specs/,2026-10-03,INFERENCE,
gas_candidate,Ram 1500 Crew Cab Tradesman 4x4 5.6-ft,Chevrolet Silverado EV LT Extended Range,TED:Range fit,not confirmed,0-10,,not confirmed,2026-10-03,not scored: not confirmed,
gas_candidate,Ram 1500 Crew Cab Tradesman 4x4 5.6-ft,Chevrolet Silverado EV LT Extended Range,TED:Payload/cargo fit,9.8,0-10,9.8,not confirmed,2026-10-03,INFERENCE,
gas_candidate,Ram 1500 Crew Cab Tradesman 4x4 5.6-ft,Chevrolet Silverado EV LT Extended Range,TED:Cab/crew fit,10.0,0-10,10.0,not confirmed,2026-10-03,INFERENCE,
gas_candidate,Ram 1500 Crew Cab Tradesman 4x4 5.6-ft,Chevrolet Silverado EV LT Extended Range,TED:Tow fit,not confirmed,0-10,,not confirmed,2026-10-03,not scored: not confirmed,
gas_candidate,Ram 1500 Crew Cab Tradesman 4x4 5.6-ft,Chevrolet Silverado EV LT Extended Range,TED:Resale (3-yr retained %),not confirmed,0-10,,not confirmed,2026-10-03,not scored: not confirmed,
gas_candidate,Ram 1500 Crew Cab Tradesman 4x4 5.6-ft,Chevrolet Silverado EV LT Extended Range,TED:Reliability,not confirmed,0-10,,not confirmed,2026-10-03,not scored: not confirmed,
gas_candidate,Ram 1500 Crew Cab Tradesman 4x4 5.6-ft,Chevrolet Silverado EV LT Extended Range,TED:Service network,9.0,0-10,9.0,not confirmed,2026-10-03,INFERENCE,
gas_candidate,Ram 1500 Crew Cab Tradesman 4x4 5.6-ft,Chevrolet Silverado EV LT Extended Range,TED:Longevity (warranty remaining),not confirmed,0-10,,not confirmed,2026-10-03,not scored: not confirmed,
gas_candidate,Ram 1500 Crew Cab Tradesman 4x4 5.6-ft,Chevrolet Silverado EV LT Extended Range,TED:Energy cents per mile,3.3,0-10,3.3,not confirmed,2026-10-03,INFERENCE,
gas_candidate,Ram 1500 Crew Cab Tradesman 4x4 5.6-ft,Chevrolet Silverado EV LT Extended Range,TED:Maintenance cents per mile,4.5,0-10,4.5,not confirmed,2026-10-03,INFERENCE,
gas_candidate,Chevrolet Silverado 1500 Crew Cab short bed 4WD WT,Chevrolet Silverado EV LT Extended Range,payload,not confirmed,lb,,not confirmed,2026-10-03,UNKNOWN,no
gas_candidate,Chevrolet Silverado 1500 Crew Cab short bed 4WD WT,Chevrolet Silverado EV LT Extended Range,tow,9400,lb,3.8,https://cars.usnews.com/cars-trucks/chevrolet/silverado-1500/2025/specs/silverado-1500-crew-cab-short-box-4-wheel-drive-wt-458792,2026-10-03,FACT,yes
gas_candidate,Chevrolet Silverado 1500 Crew Cab short bed 4WD WT,Chevrolet Silverado EV LT Extended Range,cargo,5.8 ft bed,bed_ft_or_cuft,9.7,not confirmed,2026-10-03,FACT,no
gas_candidate,Chevrolet Silverado 1500 Crew Cab short bed 4WD WT,Chevrolet Silverado EV LT Extended Range,cab,3,cab_ordinal_crew3,10.0,https://cars.usnews.com/cars-trucks/chevrolet/silverado-1500/2025/specs/silverado-1500-crew-cab-short-box-4-wheel-drive-wt-458792,2026-10-03,FACT,
gas_candidate,Chevrolet Silverado 1500 Crew Cab short bed 4WD WT,Chevrolet Silverado EV LT Extended Range,range,not confirmed,mi,,not confirmed,2026-10-03,UNKNOWN,no
gas_candidate,Chevrolet Silverado 1500 Crew Cab short bed 4WD WT,Chevrolet Silverado EV LT Extended Range,tow_range,not confirmed,mi,,https://cars.usnews.com/cars-trucks/chevrolet/silverado-1500/2025/specs/silverado-1500-crew-cab-short-box-4-wheel-drive-wt-458792,2026-10-03,UNKNOWN,
gas_candidate,Chevrolet Silverado 1500 Crew Cab short bed 4WD WT,Chevrolet Silverado EV LT Extended Range,msrp,46000,usd,10.0,https://www.cars.com/research/chevrolet-silverado_1500-2025/,2026-10-03,FACT,yes
gas_candidate,Chevrolet Silverado 1500 Crew Cab short bed 4WD WT,Chevrolet Silverado EV LT Extended Range,resale_3yr_retained,not confirmed,percent,,not confirmed,2026-10-03,UNKNOWN,
gas_candidate,Chevrolet Silverado 1500 Crew Cab short bed 4WD WT,Chevrolet Silverado EV LT Extended Range,mpg_combined,18,mpg,,https://cars.usnews.com/cars-trucks/chevrolet/silverado-1500/2025/specs/silverado-1500-crew-cab-short-box-4-wheel-drive-wt-458792,2026-10-03,FACT,
gas_candidate,Chevrolet Silverado 1500 Crew Cab short bed 4WD WT,Chevrolet Silverado EV LT Extended Range,energy_usd_per_mi,0.2308,USD/mi,2.8,https://cars.usnews.com/cars-trucks/chevrolet/silverado-1500/2025/specs/silverado-1500-crew-cab-short-box-4-wheel-drive-wt-458792,2026-10-03,INFERENCE,
gas_candidate,Chevrolet Silverado 1500 Crew Cab short bed 4WD WT,Chevrolet Silverado EV LT Extended Range,maint_usd_per_mi,0.101,USD/mi,4.5,https://cars.usnews.com/cars-trucks/chevrolet/silverado-1500/2025/specs/silverado-1500-crew-cab-short-box-4-wheel-drive-wt-458792,2026-10-03,FACT class-level AFDC,
gas_candidate,Chevrolet Silverado 1500 Crew Cab short bed 4WD WT,Chevrolet Silverado EV LT Extended Range,service_network,10,0-10 ordinal,10,https://www.cars.com/research/chevrolet-silverado_1500-2025/,2026-10-03,INFERENCE,
gas_candidate,Chevrolet Silverado 1500 Crew Cab short bed 4WD WT,Chevrolet Silverado EV LT Extended Range,class_match,half_ton vs half_ton,class,10.0,not confirmed,2026-10-03,INFERENCE,
gas_candidate,Chevrolet Silverado 1500 Crew Cab short bed 4WD WT,Chevrolet Silverado EV LT Extended Range,rank_metric,6.0,0-10,6.0,not confirmed,2026-10-03,INFERENCE,
ev,Chevrolet Silverado EV LT Extended Range,Chevrolet Silverado EV LT Extended Range,TED:Range fit,10.0,0-10,10.0,https://www.kbb.com/chevrolet/silverado-ev/2025/specs/,2026-10-03,INFERENCE,
ev,Chevrolet Silverado EV LT Extended Range,Chevrolet Silverado EV LT Extended Range,TED:Payload/cargo fit,10.0,0-10,10.0,https://www.kbb.com/chevrolet/silverado-ev/2025/specs/,2026-10-03,INFERENCE,
ev,Chevrolet Silverado EV LT Extended Range,Chevrolet Silverado EV LT Extended Range,TED:Cab/crew fit,10.0,0-10,10.0,https://www.kbb.com/chevrolet/silverado-ev/2025/specs/,2026-10-03,INFERENCE,
ev,Chevrolet Silverado EV LT Extended Range,Chevrolet Silverado EV LT Extended Range,TED:Tow fit,10.0,0-10,10.0,https://www.kbb.com/chevrolet/silverado-ev/2025/specs/,2026-10-03,INFERENCE,
ev,Chevrolet Silverado EV LT Extended Range,Chevrolet Silverado EV LT Extended Range,TED:Resale (3-yr retained %),not confirmed,0-10,,https://www.kbb.com/chevrolet/silverado-ev/2025/specs/,2026-10-03,not scored: not confirmed,
ev,Chevrolet Silverado EV LT Extended Range,Chevrolet Silverado EV LT Extended Range,TED:Reliability,not confirmed,0-10,,https://www.kbb.com/chevrolet/silverado-ev/2025/specs/,2026-10-03,not scored: not confirmed,
ev,Chevrolet Silverado EV LT Extended Range,Chevrolet Silverado EV LT Extended Range,TED:Service network,9.0,0-10,9.0,https://www.kbb.com/chevrolet/silverado-ev/2025/specs/,2026-10-03,INFERENCE,
ev,Chevrolet Silverado EV LT Extended Range,Chevrolet Silverado EV LT Extended Range,TED:Longevity (warranty remaining),not confirmed,0-10,,https://www.kbb.com/chevrolet/silverado-ev/2025/specs/,2026-10-03,not scored: not confirmed,
ev,Chevrolet Silverado EV LT Extended Range,Chevrolet Silverado EV LT Extended Range,TED:Energy cents per mile,9.5,0-10,9.5,https://www.kbb.com/chevrolet/silverado-ev/2025/specs/,2026-10-03,INFERENCE,
ev,Chevrolet Silverado EV LT Extended Range,Chevrolet Silverado EV LT Extended Range,TED:Maintenance cents per mile,8.1,0-10,8.1,https://www.kbb.com/chevrolet/silverado-ev/2025/specs/,2026-10-03,INFERENCE,
gas_candidate,Chevrolet Silverado 1500 Crew Cab short bed 4WD WT,Chevrolet Silverado EV LT Extended Range,TED:Range fit,not confirmed,0-10,,not confirmed,2026-10-03,not scored: not confirmed,
gas_candidate,Chevrolet Silverado 1500 Crew Cab short bed 4WD WT,Chevrolet Silverado EV LT Extended Range,TED:Payload/cargo fit,not confirmed,0-10,,not confirmed,2026-10-03,not scored: not confirmed,
gas_candidate,Chevrolet Silverado 1500 Crew Cab short bed 4WD WT,Chevrolet Silverado EV LT Extended Range,TED:Cab/crew fit,10.0,0-10,10.0,not confirmed,2026-10-03,INFERENCE,
gas_candidate,Chevrolet Silverado 1500 Crew Cab short bed 4WD WT,Chevrolet Silverado EV LT Extended Range,TED:Tow fit,3.8,0-10,3.8,not confirmed,2026-10-03,INFERENCE,
gas_candidate,Chevrolet Silverado 1500 Crew Cab short bed 4WD WT,Chevrolet Silverado EV LT Extended Range,TED:Resale (3-yr retained %),not confirmed,0-10,,not confirmed,2026-10-03,not scored: not confirmed,
gas_candidate,Chevrolet Silverado 1500 Crew Cab short bed 4WD WT,Chevrolet Silverado EV LT Extended Range,TED:Reliability,not confirmed,0-10,,not confirmed,2026-10-03,not scored: not confirmed,
gas_candidate,Chevrolet Silverado 1500 Crew Cab short bed 4WD WT,Chevrolet Silverado EV LT Extended Range,TED:Service network,10.0,0-10,10.0,not confirmed,2026-10-03,INFERENCE,
gas_candidate,Chevrolet Silverado 1500 Crew Cab short bed 4WD WT,Chevrolet Silverado EV LT Extended Range,TED:Longevity (warranty remaining),not confirmed,0-10,,not confirmed,2026-10-03,not scored: not confirmed,
gas_candidate,Chevrolet Silverado 1500 Crew Cab short bed 4WD WT,Chevrolet Silverado EV LT Extended Range,TED:Energy cents per mile,2.8,0-10,2.8,not confirmed,2026-10-03,INFERENCE,
gas_candidate,Chevrolet Silverado 1500 Crew Cab short bed 4WD WT,Chevrolet Silverado EV LT Extended Range,TED:Maintenance cents per mile,4.5,0-10,4.5,not confirmed,2026-10-03,INFERENCE,
ev,GMC Sierra EV Denali Extended Range,GMC Sierra EV Denali Extended Range,payload,not confirmed,lb,,not confirmed,2026-10-03,UNKNOWN,no
ev,GMC Sierra EV Denali Extended Range,GMC Sierra EV Denali Extended Range,tow,10500,lb,,https://www.kbb.com/gmc/sierra-ev/2025/,2026-10-03,FACT,yes
ev,GMC Sierra EV Denali Extended Range,GMC Sierra EV Denali Extended Range,cargo,5.88 ft bed,bed_ft_or_cuft,,https://www.kbb.com/gmc/sierra-ev/2025/,2026-10-03,FACT,
ev,GMC Sierra EV Denali Extended Range,GMC Sierra EV Denali Extended Range,cab,3,cab_ordinal_crew3,,https://www.kbb.com/gmc/sierra-ev/2025/,2026-10-03,FACT,
ev,GMC Sierra EV Denali Extended Range,GMC Sierra EV Denali Extended Range,range,390,mi,,https://www.kbb.com/gmc/sierra-ev/2025/,2026-10-03,FACT,yes
ev,GMC Sierra EV Denali Extended Range,GMC Sierra EV Denali Extended Range,tow_range,not confirmed,mi,,https://www.kbb.com/gmc/sierra-ev/2025/,2026-10-03,UNKNOWN,
ev,GMC Sierra EV Denali Extended Range,GMC Sierra EV Denali Extended Range,msrp,91995,usd,,https://www.kbb.com/gmc/sierra-ev/2025/,2026-10-03,FACT,yes
ev,GMC Sierra EV Denali Extended Range,GMC Sierra EV Denali Extended Range,resale_3yr_retained,not confirmed,percent,,not confirmed,2026-10-03,UNKNOWN,
ev,GMC Sierra EV Denali Extended Range,GMC Sierra EV Denali Extended Range,efficiency_kwh_100mi,not confirmed,kWh/100mi,,not confirmed,2026-10-03,UNKNOWN,
ev,GMC Sierra EV Denali Extended Range,GMC Sierra EV Denali Extended Range,energy_usd_per_mi,not confirmed,USD/mi,,not confirmed,2026-10-03,UNKNOWN,
ev,GMC Sierra EV Denali Extended Range,GMC Sierra EV Denali Extended Range,maint_usd_per_mi,0.061,USD/mi,,not confirmed,2026-10-03,FACT class-level AFDC,
ev,GMC Sierra EV Denali Extended Range,GMC Sierra EV Denali Extended Range,service_network,8,0-10 ordinal,8,https://www.kbb.com/gmc/sierra-ev/2025/,2026-10-03,INFERENCE,
gas_candidate,GMC Sierra 1500 Crew Cab Denali 4WD short bed,GMC Sierra EV Denali Extended Range,payload,1960,lb,,https://www.kbb.com/gmc/sierra-1500-crew-cab/2025/denali-pickup-4d-5-3-4-ft/,2026-10-03,FACT,yes
gas_candidate,GMC Sierra 1500 Crew Cab Denali 4WD short bed,GMC Sierra EV Denali Extended Range,tow,13000,lb,10.0,https://www.kbb.com/gmc/sierra-1500-crew-cab/2025/denali-pickup-4d-5-3-4-ft/,2026-10-03,FACT,yes
gas_candidate,GMC Sierra 1500 Crew Cab Denali 4WD short bed,GMC Sierra EV Denali Extended Range,cargo,5.75 ft bed,bed_ft_or_cuft,9.6,https://www.kbb.com/gmc/sierra-1500-crew-cab/2025/denali-pickup-4d-5-3-4-ft/,2026-10-03,FACT,
gas_candidate,GMC Sierra 1500 Crew Cab Denali 4WD short bed,GMC Sierra EV Denali Extended Range,cab,3,cab_ordinal_crew3,10.0,https://www.kbb.com/gmc/sierra-1500-crew-cab/2025/denali-pickup-4d-5-3-4-ft/,2026-10-03,FACT,
gas_candidate,GMC Sierra 1500 Crew Cab Denali 4WD short bed,GMC Sierra EV Denali Extended Range,range,not confirmed,mi,,not confirmed,2026-10-03,UNKNOWN,no
gas_candidate,GMC Sierra 1500 Crew Cab Denali 4WD short bed,GMC Sierra EV Denali Extended Range,tow_range,not confirmed,mi,,https://www.kbb.com/gmc/sierra-1500-crew-cab/2025/denali-pickup-4d-5-3-4-ft/,2026-10-03,UNKNOWN,
gas_candidate,GMC Sierra 1500 Crew Cab Denali 4WD short bed,GMC Sierra EV Denali Extended Range,msrp,67595,usd,10.0,https://www.kbb.com/gmc/sierra-1500-crew-cab/2025/,2026-10-03,FACT,yes
gas_candidate,GMC Sierra 1500 Crew Cab Denali 4WD short bed,GMC Sierra EV Denali Extended Range,resale_3yr_retained,not confirmed,percent,,https://www.iseecars.com/resale-value/trucks,2026-10-03,UNKNOWN,
gas_candidate,GMC Sierra 1500 Crew Cab Denali 4WD short bed,GMC Sierra EV Denali Extended Range,mpg_combined,17,mpg,,https://www.kbb.com/gmc/sierra-1500-crew-cab/2025/denali-pickup-4d-5-3-4-ft/,2026-10-03,FACT,
gas_candidate,GMC Sierra 1500 Crew Cab Denali 4WD short bed,GMC Sierra EV Denali Extended Range,energy_usd_per_mi,0.2444,USD/mi,2.2,https://www.kbb.com/gmc/sierra-1500-crew-cab/2025/denali-pickup-4d-5-3-4-ft/,2026-10-03,INFERENCE,
gas_candidate,GMC Sierra 1500 Crew Cab Denali 4WD short bed,GMC Sierra EV Denali Extended Range,maint_usd_per_mi,0.101,USD/mi,4.5,https://www.kbb.com/gmc/sierra-1500-crew-cab/2025/denali-pickup-4d-5-3-4-ft/,2026-10-03,FACT class-level AFDC,
gas_candidate,GMC Sierra 1500 Crew Cab Denali 4WD short bed,GMC Sierra EV Denali Extended Range,service_network,9,0-10 ordinal,9,https://www.kbb.com/gmc/sierra-1500-crew-cab/2025/,2026-10-03,INFERENCE,
gas_candidate,GMC Sierra 1500 Crew Cab Denali 4WD short bed,GMC Sierra EV Denali Extended Range,class_match,half_ton vs half_ton,class,10.0,https://www.kbb.com/gmc/sierra-1500-crew-cab/2025/denali-pickup-4d-5-3-4-ft/,2026-10-03,INFERENCE,
gas_candidate,GMC Sierra 1500 Crew Cab Denali 4WD short bed,GMC Sierra EV Denali Extended Range,rank_metric,6.6,0-10,6.6,https://www.kbb.com/gmc/sierra-1500-crew-cab/2025/denali-pickup-4d-5-3-4-ft/,2026-10-03,INFERENCE,
ev,GMC Sierra EV Denali Extended Range,GMC Sierra EV Denali Extended Range,TED:Range fit,10.0,0-10,10.0,https://www.kbb.com/gmc/sierra-ev/2025/,2026-10-03,INFERENCE,
ev,GMC Sierra EV Denali Extended Range,GMC Sierra EV Denali Extended Range,TED:Payload/cargo fit,not confirmed,0-10,,https://www.kbb.com/gmc/sierra-ev/2025/,2026-10-03,not scored: not confirmed,
ev,GMC Sierra EV Denali Extended Range,GMC Sierra EV Denali Extended Range,TED:Cab/crew fit,10.0,0-10,10.0,https://www.kbb.com/gmc/sierra-ev/2025/,2026-10-03,INFERENCE,
ev,GMC Sierra EV Denali Extended Range,GMC Sierra EV Denali Extended Range,TED:Tow fit,10.0,0-10,10.0,https://www.kbb.com/gmc/sierra-ev/2025/,2026-10-03,INFERENCE,
ev,GMC Sierra EV Denali Extended Range,GMC Sierra EV Denali Extended Range,TED:Resale (3-yr retained %),not confirmed,0-10,,https://www.kbb.com/gmc/sierra-ev/2025/,2026-10-03,not scored: not confirmed,
ev,GMC Sierra EV Denali Extended Range,GMC Sierra EV Denali Extended Range,TED:Reliability,not confirmed,0-10,,https://www.kbb.com/gmc/sierra-ev/2025/,2026-10-03,not scored: not confirmed,
ev,GMC Sierra EV Denali Extended Range,GMC Sierra EV Denali Extended Range,TED:Service network,8.0,0-10,8.0,https://www.kbb.com/gmc/sierra-ev/2025/,2026-10-03,INFERENCE,
ev,GMC Sierra EV Denali Extended Range,GMC Sierra EV Denali Extended Range,TED:Longevity (warranty remaining),not confirmed,0-10,,https://www.kbb.com/gmc/sierra-ev/2025/,2026-10-03,not scored: not confirmed,
ev,GMC Sierra EV Denali Extended Range,GMC Sierra EV Denali Extended Range,TED:Energy cents per mile,not confirmed,0-10,,https://www.kbb.com/gmc/sierra-ev/2025/,2026-10-03,not scored: not confirmed,
ev,GMC Sierra EV Denali Extended Range,GMC Sierra EV Denali Extended Range,TED:Maintenance cents per mile,8.1,0-10,8.1,https://www.kbb.com/gmc/sierra-ev/2025/,2026-10-03,INFERENCE,
gas_candidate,GMC Sierra 1500 Crew Cab Denali 4WD short bed,GMC Sierra EV Denali Extended Range,TED:Range fit,not confirmed,0-10,,not confirmed,2026-10-03,not scored: not confirmed,
gas_candidate,GMC Sierra 1500 Crew Cab Denali 4WD short bed,GMC Sierra EV Denali Extended Range,TED:Payload/cargo fit,not confirmed,0-10,,not confirmed,2026-10-03,not scored: not confirmed,
gas_candidate,GMC Sierra 1500 Crew Cab Denali 4WD short bed,GMC Sierra EV Denali Extended Range,TED:Cab/crew fit,10.0,0-10,10.0,not confirmed,2026-10-03,INFERENCE,
gas_candidate,GMC Sierra 1500 Crew Cab Denali 4WD short bed,GMC Sierra EV Denali Extended Range,TED:Tow fit,10.0,0-10,10.0,not confirmed,2026-10-03,INFERENCE,
gas_candidate,GMC Sierra 1500 Crew Cab Denali 4WD short bed,GMC Sierra EV Denali Extended Range,TED:Resale (3-yr retained %),not confirmed,0-10,,not confirmed,2026-10-03,not scored: not confirmed,
gas_candidate,GMC Sierra 1500 Crew Cab Denali 4WD short bed,GMC Sierra EV Denali Extended Range,TED:Reliability,not confirmed,0-10,,not confirmed,2026-10-03,not scored: not confirmed,
gas_candidate,GMC Sierra 1500 Crew Cab Denali 4WD short bed,GMC Sierra EV Denali Extended Range,TED:Service network,9.0,0-10,9.0,not confirmed,2026-10-03,INFERENCE,
gas_candidate,GMC Sierra 1500 Crew Cab Denali 4WD short bed,GMC Sierra EV Denali Extended Range,TED:Longevity (warranty remaining),not confirmed,0-10,,not confirmed,2026-10-03,not scored: not confirmed,
gas_candidate,GMC Sierra 1500 Crew Cab Denali 4WD short bed,GMC Sierra EV Denali Extended Range,TED:Energy cents per mile,2.2,0-10,2.2,not confirmed,2026-10-03,INFERENCE,
gas_candidate,GMC Sierra 1500 Crew Cab Denali 4WD short bed,GMC Sierra EV Denali Extended Range,TED:Maintenance cents per mile,4.5,0-10,4.5,not confirmed,2026-10-03,INFERENCE,
gas_candidate,Chevrolet Silverado 1500 Crew Cab short bed 4WD WT,GMC Sierra EV Denali Extended Range,payload,not confirmed,lb,,not confirmed,2026-10-03,UNKNOWN,no
gas_candidate,Chevrolet Silverado 1500 Crew Cab short bed 4WD WT,GMC Sierra EV Denali Extended Range,tow,9400,lb,7.8,https://cars.usnews.com/cars-trucks/chevrolet/silverado-1500/2025/specs/silverado-1500-crew-cab-short-box-4-wheel-drive-wt-458792,2026-10-03,FACT,yes
gas_candidate,Chevrolet Silverado 1500 Crew Cab short bed 4WD WT,GMC Sierra EV Denali Extended Range,cargo,5.8 ft bed,bed_ft_or_cuft,9.7,not confirmed,2026-10-03,FACT,no
gas_candidate,Chevrolet Silverado 1500 Crew Cab short bed 4WD WT,GMC Sierra EV Denali Extended Range,cab,3,cab_ordinal_crew3,10.0,https://cars.usnews.com/cars-trucks/chevrolet/silverado-1500/2025/specs/silverado-1500-crew-cab-short-box-4-wheel-drive-wt-458792,2026-10-03,FACT,
gas_candidate,Chevrolet Silverado 1500 Crew Cab short bed 4WD WT,GMC Sierra EV Denali Extended Range,range,not confirmed,mi,,not confirmed,2026-10-03,UNKNOWN,no
gas_candidate,Chevrolet Silverado 1500 Crew Cab short bed 4WD WT,GMC Sierra EV Denali Extended Range,tow_range,not confirmed,mi,,https://cars.usnews.com/cars-trucks/chevrolet/silverado-1500/2025/specs/silverado-1500-crew-cab-short-box-4-wheel-drive-wt-458792,2026-10-03,UNKNOWN,
gas_candidate,Chevrolet Silverado 1500 Crew Cab short bed 4WD WT,GMC Sierra EV Denali Extended Range,msrp,46000,usd,10.0,https://www.cars.com/research/chevrolet-silverado_1500-2025/,2026-10-03,FACT,yes
gas_candidate,Chevrolet Silverado 1500 Crew Cab short bed 4WD WT,GMC Sierra EV Denali Extended Range,resale_3yr_retained,not confirmed,percent,,not confirmed,2026-10-03,UNKNOWN,
gas_candidate,Chevrolet Silverado 1500 Crew Cab short bed 4WD WT,GMC Sierra EV Denali Extended Range,mpg_combined,18,mpg,,https://cars.usnews.com/cars-trucks/chevrolet/silverado-1500/2025/specs/silverado-1500-crew-cab-short-box-4-wheel-drive-wt-458792,2026-10-03,FACT,
gas_candidate,Chevrolet Silverado 1500 Crew Cab short bed 4WD WT,GMC Sierra EV Denali Extended Range,energy_usd_per_mi,0.2308,USD/mi,2.8,https://cars.usnews.com/cars-trucks/chevrolet/silverado-1500/2025/specs/silverado-1500-crew-cab-short-box-4-wheel-drive-wt-458792,2026-10-03,INFERENCE,
gas_candidate,Chevrolet Silverado 1500 Crew Cab short bed 4WD WT,GMC Sierra EV Denali Extended Range,maint_usd_per_mi,0.101,USD/mi,4.5,https://cars.usnews.com/cars-trucks/chevrolet/silverado-1500/2025/specs/silverado-1500-crew-cab-short-box-4-wheel-drive-wt-458792,2026-10-03,FACT class-level AFDC,
gas_candidate,Chevrolet Silverado 1500 Crew Cab short bed 4WD WT,GMC Sierra EV Denali Extended Range,service_network,10,0-10 ordinal,10,https://www.cars.com/research/chevrolet-silverado_1500-2025/,2026-10-03,INFERENCE,
gas_candidate,Chevrolet Silverado 1500 Crew Cab short bed 4WD WT,GMC Sierra EV Denali Extended Range,class_match,half_ton vs half_ton,class,10.0,not confirmed,2026-10-03,INFERENCE,
gas_candidate,Chevrolet Silverado 1500 Crew Cab short bed 4WD WT,GMC Sierra EV Denali Extended Range,rank_metric,6.4,0-10,6.4,not confirmed,2026-10-03,INFERENCE,
ev,GMC Sierra EV Denali Extended Range,GMC Sierra EV Denali Extended Range,TED:Range fit,10.0,0-10,10.0,https://www.kbb.com/gmc/sierra-ev/2025/,2026-10-03,INFERENCE,
ev,GMC Sierra EV Denali Extended Range,GMC Sierra EV Denali Extended Range,TED:Payload/cargo fit,not confirmed,0-10,,https://www.kbb.com/gmc/sierra-ev/2025/,2026-10-03,not scored: not confirmed,
ev,GMC Sierra EV Denali Extended Range,GMC Sierra EV Denali Extended Range,TED:Cab/crew fit,10.0,0-10,10.0,https://www.kbb.com/gmc/sierra-ev/2025/,2026-10-03,INFERENCE,
ev,GMC Sierra EV Denali Extended Range,GMC Sierra EV Denali Extended Range,TED:Tow fit,10.0,0-10,10.0,https://www.kbb.com/gmc/sierra-ev/2025/,2026-10-03,INFERENCE,
ev,GMC Sierra EV Denali Extended Range,GMC Sierra EV Denali Extended Range,TED:Resale (3-yr retained %),not confirmed,0-10,,https://www.kbb.com/gmc/sierra-ev/2025/,2026-10-03,not scored: not confirmed,
ev,GMC Sierra EV Denali Extended Range,GMC Sierra EV Denali Extended Range,TED:Reliability,not confirmed,0-10,,https://www.kbb.com/gmc/sierra-ev/2025/,2026-10-03,not scored: not confirmed,
ev,GMC Sierra EV Denali Extended Range,GMC Sierra EV Denali Extended Range,TED:Service network,8.0,0-10,8.0,https://www.kbb.com/gmc/sierra-ev/2025/,2026-10-03,INFERENCE,
ev,GMC Sierra EV Denali Extended Range,GMC Sierra EV Denali Extended Range,TED:Longevity (warranty remaining),not confirmed,0-10,,https://www.kbb.com/gmc/sierra-ev/2025/,2026-10-03,not scored: not confirmed,
ev,GMC Sierra EV Denali Extended Range,GMC Sierra EV Denali Extended Range,TED:Energy cents per mile,not confirmed,0-10,,https://www.kbb.com/gmc/sierra-ev/2025/,2026-10-03,not scored: not confirmed,
ev,GMC Sierra EV Denali Extended Range,GMC Sierra EV Denali Extended Range,TED:Maintenance cents per mile,8.1,0-10,8.1,https://www.kbb.com/gmc/sierra-ev/2025/,2026-10-03,INFERENCE,
gas_candidate,Chevrolet Silverado 1500 Crew Cab short bed 4WD WT,GMC Sierra EV Denali Extended Range,TED:Range fit,not confirmed,0-10,,not confirmed,2026-10-03,not scored: not confirmed,
gas_candidate,Chevrolet Silverado 1500 Crew Cab short bed 4WD WT,GMC Sierra EV Denali Extended Range,TED:Payload/cargo fit,not confirmed,0-10,,not confirmed,2026-10-03,not scored: not confirmed,
gas_candidate,Chevrolet Silverado 1500 Crew Cab short bed 4WD WT,GMC Sierra EV Denali Extended Range,TED:Cab/crew fit,10.0,0-10,10.0,not confirmed,2026-10-03,INFERENCE,
gas_candidate,Chevrolet Silverado 1500 Crew Cab short bed 4WD WT,GMC Sierra EV Denali Extended Range,TED:Tow fit,7.8,0-10,7.8,not confirmed,2026-10-03,INFERENCE,
gas_candidate,Chevrolet Silverado 1500 Crew Cab short bed 4WD WT,GMC Sierra EV Denali Extended Range,TED:Resale (3-yr retained %),not confirmed,0-10,,not confirmed,2026-10-03,not scored: not confirmed,
gas_candidate,Chevrolet Silverado 1500 Crew Cab short bed 4WD WT,GMC Sierra EV Denali Extended Range,TED:Reliability,not confirmed,0-10,,not confirmed,2026-10-03,not scored: not confirmed,
gas_candidate,Chevrolet Silverado 1500 Crew Cab short bed 4WD WT,GMC Sierra EV Denali Extended Range,TED:Service network,10.0,0-10,10.0,not confirmed,2026-10-03,INFERENCE,
gas_candidate,Chevrolet Silverado 1500 Crew Cab short bed 4WD WT,GMC Sierra EV Denali Extended Range,TED:Longevity (warranty remaining),not confirmed,0-10,,not confirmed,2026-10-03,not scored: not confirmed,
gas_candidate,Chevrolet Silverado 1500 Crew Cab short bed 4WD WT,GMC Sierra EV Denali Extended Range,TED:Energy cents per mile,2.8,0-10,2.8,not confirmed,2026-10-03,INFERENCE,
gas_candidate,Chevrolet Silverado 1500 Crew Cab short bed 4WD WT,GMC Sierra EV Denali Extended Range,TED:Maintenance cents per mile,4.5,0-10,4.5,not confirmed,2026-10-03,INFERENCE,
gas_candidate,Ford F-150 SuperCrew 5.5-ft 4WD XLT,GMC Sierra EV Denali Extended Range,payload,2120,lb,,https://www.kbb.com/ford/f150%20supercrew%20cab/2025/xlt-pickup-4d-5-1-2-ft/,2026-10-03,FACT,yes
gas_candidate,Ford F-150 SuperCrew 5.5-ft 4WD XLT,GMC Sierra EV Denali Extended Range,tow,7500,lb,4.0,https://www.kbb.com/ford/f150%20supercrew%20cab/2025/xlt-pickup-4d-5-1-2-ft/,2026-10-03,FACT,yes
gas_candidate,Ford F-150 SuperCrew 5.5-ft 4WD XLT,GMC Sierra EV Denali Extended Range,cargo,5.5 ft bed,bed_ft_or_cuft,8.7,https://www.kbb.com/ford/f150%20supercrew%20cab/2025/xlt-pickup-4d-5-1-2-ft/,2026-10-03,FACT,
gas_candidate,Ford F-150 SuperCrew 5.5-ft 4WD XLT,GMC Sierra EV Denali Extended Range,cab,3,cab_ordinal_crew3,10.0,https://www.kbb.com/ford/f150%20supercrew%20cab/2025/xlt-pickup-4d-5-1-2-ft/,2026-10-03,FACT,
gas_candidate,Ford F-150 SuperCrew 5.5-ft 4WD XLT,GMC Sierra EV Denali Extended Range,range,not confirmed,mi,,not confirmed,2026-10-03,UNKNOWN,no
gas_candidate,Ford F-150 SuperCrew 5.5-ft 4WD XLT,GMC Sierra EV Denali Extended Range,tow_range,not confirmed,mi,,https://www.kbb.com/ford/f150%20supercrew%20cab/2025/xlt-pickup-4d-5-1-2-ft/,2026-10-03,UNKNOWN,
gas_candidate,Ford F-150 SuperCrew 5.5-ft 4WD XLT,GMC Sierra EV Denali Extended Range,msrp,51915,usd,10.0,https://www.carweek.com/research/ford/f-150/2025,2026-10-03,FACT,yes
gas_candidate,Ford F-150 SuperCrew 5.5-ft 4WD XLT,GMC Sierra EV Denali Extended Range,resale_3yr_retained,81.2,percent,6.2,https://www.iseecars.com/car/ford-f-150/resale-value,2026-10-03,FACT,
gas_candidate,Ford F-150 SuperCrew 5.5-ft 4WD XLT,GMC Sierra EV Denali Extended Range,mpg_combined,20,mpg,,https://www.fueleconomy.gov/feg/bymodel/2025_ford_f150.shtml,2026-10-03,FACT,
gas_candidate,Ford F-150 SuperCrew 5.5-ft 4WD XLT,GMC Sierra EV Denali Extended Range,energy_usd_per_mi,0.2078,USD/mi,3.7,https://www.fueleconomy.gov/feg/bymodel/2025_ford_f150.shtml,2026-10-03,INFERENCE,
gas_candidate,Ford F-150 SuperCrew 5.5-ft 4WD XLT,GMC Sierra EV Denali Extended Range,maint_usd_per_mi,0.101,USD/mi,4.5,https://www.fueleconomy.gov/feg/bymodel/2025_ford_f150.shtml,2026-10-03,FACT class-level AFDC,
gas_candidate,Ford F-150 SuperCrew 5.5-ft 4WD XLT,GMC Sierra EV Denali Extended Range,service_network,10,0-10 ordinal,10,https://www.carweek.com/research/ford/f-150/2025,2026-10-03,INFERENCE,
gas_candidate,Ford F-150 SuperCrew 5.5-ft 4WD XLT,GMC Sierra EV Denali Extended Range,class_match,half_ton vs half_ton,class,10.0,https://www.kbb.com/ford/f150%20supercrew%20cab/2025/xlt-pickup-4d-5-1-2-ft/,2026-10-03,INFERENCE,
gas_candidate,Ford F-150 SuperCrew 5.5-ft 4WD XLT,GMC Sierra EV Denali Extended Range,rank_metric,5.9,0-10,5.9,https://www.kbb.com/ford/f150%20supercrew%20cab/2025/xlt-pickup-4d-5-1-2-ft/,2026-10-03,INFERENCE,
ev,GMC Sierra EV Denali Extended Range,GMC Sierra EV Denali Extended Range,TED:Range fit,10.0,0-10,10.0,https://www.kbb.com/gmc/sierra-ev/2025/,2026-10-03,INFERENCE,
ev,GMC Sierra EV Denali Extended Range,GMC Sierra EV Denali Extended Range,TED:Payload/cargo fit,not confirmed,0-10,,https://www.kbb.com/gmc/sierra-ev/2025/,2026-10-03,not scored: not confirmed,
ev,GMC Sierra EV Denali Extended Range,GMC Sierra EV Denali Extended Range,TED:Cab/crew fit,10.0,0-10,10.0,https://www.kbb.com/gmc/sierra-ev/2025/,2026-10-03,INFERENCE,
ev,GMC Sierra EV Denali Extended Range,GMC Sierra EV Denali Extended Range,TED:Tow fit,10.0,0-10,10.0,https://www.kbb.com/gmc/sierra-ev/2025/,2026-10-03,INFERENCE,
ev,GMC Sierra EV Denali Extended Range,GMC Sierra EV Denali Extended Range,TED:Resale (3-yr retained %),not confirmed,0-10,,https://www.kbb.com/gmc/sierra-ev/2025/,2026-10-03,not scored: not confirmed,
ev,GMC Sierra EV Denali Extended Range,GMC Sierra EV Denali Extended Range,TED:Reliability,not confirmed,0-10,,https://www.kbb.com/gmc/sierra-ev/2025/,2026-10-03,not scored: not confirmed,
ev,GMC Sierra EV Denali Extended Range,GMC Sierra EV Denali Extended Range,TED:Service network,8.0,0-10,8.0,https://www.kbb.com/gmc/sierra-ev/2025/,2026-10-03,INFERENCE,
ev,GMC Sierra EV Denali Extended Range,GMC Sierra EV Denali Extended Range,TED:Longevity (warranty remaining),not confirmed,0-10,,https://www.kbb.com/gmc/sierra-ev/2025/,2026-10-03,not scored: not confirmed,
ev,GMC Sierra EV Denali Extended Range,GMC Sierra EV Denali Extended Range,TED:Energy cents per mile,not confirmed,0-10,,https://www.kbb.com/gmc/sierra-ev/2025/,2026-10-03,not scored: not confirmed,
ev,GMC Sierra EV Denali Extended Range,GMC Sierra EV Denali Extended Range,TED:Maintenance cents per mile,8.1,0-10,8.1,https://www.kbb.com/gmc/sierra-ev/2025/,2026-10-03,INFERENCE,
gas_candidate,Ford F-150 SuperCrew 5.5-ft 4WD XLT,GMC Sierra EV Denali Extended Range,TED:Range fit,not confirmed,0-10,,not confirmed,2026-10-03,not scored: not confirmed,
gas_candidate,Ford F-150 SuperCrew 5.5-ft 4WD XLT,GMC Sierra EV Denali Extended Range,TED:Payload/cargo fit,not confirmed,0-10,,not confirmed,2026-10-03,not scored: not confirmed,
gas_candidate,Ford F-150 SuperCrew 5.5-ft 4WD XLT,GMC Sierra EV Denali Extended Range,TED:Cab/crew fit,10.0,0-10,10.0,not confirmed,2026-10-03,INFERENCE,
gas_candidate,Ford F-150 SuperCrew 5.5-ft 4WD XLT,GMC Sierra EV Denali Extended Range,TED:Tow fit,4.0,0-10,4.0,not confirmed,2026-10-03,INFERENCE,
gas_candidate,Ford F-150 SuperCrew 5.5-ft 4WD XLT,GMC Sierra EV Denali Extended Range,TED:Resale (3-yr retained %),6.2,0-10,6.2,not confirmed,2026-10-03,INFERENCE,
gas_candidate,Ford F-150 SuperCrew 5.5-ft 4WD XLT,GMC Sierra EV Denali Extended Range,TED:Reliability,not confirmed,0-10,,not confirmed,2026-10-03,not scored: not confirmed,
gas_candidate,Ford F-150 SuperCrew 5.5-ft 4WD XLT,GMC Sierra EV Denali Extended Range,TED:Service network,10.0,0-10,10.0,not confirmed,2026-10-03,INFERENCE,
gas_candidate,Ford F-150 SuperCrew 5.5-ft 4WD XLT,GMC Sierra EV Denali Extended Range,TED:Longevity (warranty remaining),not confirmed,0-10,,not confirmed,2026-10-03,not scored: not confirmed,
gas_candidate,Ford F-150 SuperCrew 5.5-ft 4WD XLT,GMC Sierra EV Denali Extended Range,TED:Energy cents per mile,3.7,0-10,3.7,not confirmed,2026-10-03,INFERENCE,
gas_candidate,Ford F-150 SuperCrew 5.5-ft 4WD XLT,GMC Sierra EV Denali Extended Range,TED:Maintenance cents per mile,4.5,0-10,4.5,not confirmed,2026-10-03,INFERENCE,
gas_candidate,Ram 1500 Crew Cab Tradesman 4x4 5.6-ft,GMC Sierra EV Denali Extended Range,payload,1770,lb,,https://www.kbb.com/ram/1500-crew-cab/2025/specs/,2026-10-03,FACT,yes
gas_candidate,Ram 1500 Crew Cab Tradesman 4x4 5.6-ft,GMC Sierra EV Denali Extended Range,tow,not confirmed,lb,,not confirmed,2026-10-03,UNKNOWN,no
gas_candidate,Ram 1500 Crew Cab Tradesman 4x4 5.6-ft,GMC Sierra EV Denali Extended Range,cargo,5.6 ft bed,bed_ft_or_cuft,9.1,https://www.kbb.com/ram/1500-crew-cab/2025/specs/,2026-10-03,FACT,
gas_candidate,Ram 1500 Crew Cab Tradesman 4x4 5.6-ft,GMC Sierra EV Denali Extended Range,cab,3,cab_ordinal_crew3,10.0,https://www.kbb.com/ram/1500-crew-cab/2025/specs/,2026-10-03,FACT,
gas_candidate,Ram 1500 Crew Cab Tradesman 4x4 5.6-ft,GMC Sierra EV Denali Extended Range,range,not confirmed,mi,,not confirmed,2026-10-03,UNKNOWN,no
gas_candidate,Ram 1500 Crew Cab Tradesman 4x4 5.6-ft,GMC Sierra EV Denali Extended Range,tow_range,not confirmed,mi,,not confirmed,2026-10-03,UNKNOWN,
gas_candidate,Ram 1500 Crew Cab Tradesman 4x4 5.6-ft,GMC Sierra EV Denali Extended Range,msrp,46875,usd,10.0,https://www.iseecars.com/car/2025-ram-ram_pickup_1500-price,2026-10-03,FACT,yes
gas_candidate,Ram 1500 Crew Cab Tradesman 4x4 5.6-ft,GMC Sierra EV Denali Extended Range,resale_3yr_retained,not confirmed,percent,,https://www.iseecars.com/resale-value/trucks,2026-10-03,UNKNOWN,
gas_candidate,Ram 1500 Crew Cab Tradesman 4x4 5.6-ft,GMC Sierra EV Denali Extended Range,mpg_combined,19,mpg,,https://www.kbb.com/ram/1500-crew-cab/2025/specs/,2026-10-03,FACT,
gas_candidate,Ram 1500 Crew Cab Tradesman 4x4 5.6-ft,GMC Sierra EV Denali Extended Range,energy_usd_per_mi,0.2187,USD/mi,3.3,https://www.kbb.com/ram/1500-crew-cab/2025/specs/,2026-10-03,INFERENCE,
gas_candidate,Ram 1500 Crew Cab Tradesman 4x4 5.6-ft,GMC Sierra EV Denali Extended Range,maint_usd_per_mi,0.101,USD/mi,4.5,https://www.kbb.com/ram/1500-crew-cab/2025/specs/,2026-10-03,FACT class-level AFDC,
gas_candidate,Ram 1500 Crew Cab Tradesman 4x4 5.6-ft,GMC Sierra EV Denali Extended Range,service_network,9,0-10 ordinal,9,https://www.iseecars.com/car/2025-ram-ram_pickup_1500-price,2026-10-03,INFERENCE,
gas_candidate,Ram 1500 Crew Cab Tradesman 4x4 5.6-ft,GMC Sierra EV Denali Extended Range,class_match,half_ton vs half_ton,class,10.0,https://www.kbb.com/ram/1500-crew-cab/2025/specs/,2026-10-03,INFERENCE,
gas_candidate,Ram 1500 Crew Cab Tradesman 4x4 5.6-ft,GMC Sierra EV Denali Extended Range,rank_metric,4.9,0-10,4.9,https://www.kbb.com/ram/1500-crew-cab/2025/specs/,2026-10-03,INFERENCE,
ev,GMC Sierra EV Denali Extended Range,GMC Sierra EV Denali Extended Range,TED:Range fit,10.0,0-10,10.0,https://www.kbb.com/gmc/sierra-ev/2025/,2026-10-03,INFERENCE,
ev,GMC Sierra EV Denali Extended Range,GMC Sierra EV Denali Extended Range,TED:Payload/cargo fit,not confirmed,0-10,,https://www.kbb.com/gmc/sierra-ev/2025/,2026-10-03,not scored: not confirmed,
ev,GMC Sierra EV Denali Extended Range,GMC Sierra EV Denali Extended Range,TED:Cab/crew fit,10.0,0-10,10.0,https://www.kbb.com/gmc/sierra-ev/2025/,2026-10-03,INFERENCE,
ev,GMC Sierra EV Denali Extended Range,GMC Sierra EV Denali Extended Range,TED:Tow fit,10.0,0-10,10.0,https://www.kbb.com/gmc/sierra-ev/2025/,2026-10-03,INFERENCE,
ev,GMC Sierra EV Denali Extended Range,GMC Sierra EV Denali Extended Range,TED:Resale (3-yr retained %),not confirmed,0-10,,https://www.kbb.com/gmc/sierra-ev/2025/,2026-10-03,not scored: not confirmed,
ev,GMC Sierra EV Denali Extended Range,GMC Sierra EV Denali Extended Range,TED:Reliability,not confirmed,0-10,,https://www.kbb.com/gmc/sierra-ev/2025/,2026-10-03,not scored: not confirmed,
ev,GMC Sierra EV Denali Extended Range,GMC Sierra EV Denali Extended Range,TED:Service network,8.0,0-10,8.0,https://www.kbb.com/gmc/sierra-ev/2025/,2026-10-03,INFERENCE,
ev,GMC Sierra EV Denali Extended Range,GMC Sierra EV Denali Extended Range,TED:Longevity (warranty remaining),not confirmed,0-10,,https://www.kbb.com/gmc/sierra-ev/2025/,2026-10-03,not scored: not confirmed,
ev,GMC Sierra EV Denali Extended Range,GMC Sierra EV Denali Extended Range,TED:Energy cents per mile,not confirmed,0-10,,https://www.kbb.com/gmc/sierra-ev/2025/,2026-10-03,not scored: not confirmed,
ev,GMC Sierra EV Denali Extended Range,GMC Sierra EV Denali Extended Range,TED:Maintenance cents per mile,8.1,0-10,8.1,https://www.kbb.com/gmc/sierra-ev/2025/,2026-10-03,INFERENCE,
gas_candidate,Ram 1500 Crew Cab Tradesman 4x4 5.6-ft,GMC Sierra EV Denali Extended Range,TED:Range fit,not confirmed,0-10,,not confirmed,2026-10-03,not scored: not confirmed,
gas_candidate,Ram 1500 Crew Cab Tradesman 4x4 5.6-ft,GMC Sierra EV Denali Extended Range,TED:Payload/cargo fit,not confirmed,0-10,,not confirmed,2026-10-03,not scored: not confirmed,
gas_candidate,Ram 1500 Crew Cab Tradesman 4x4 5.6-ft,GMC Sierra EV Denali Extended Range,TED:Cab/crew fit,10.0,0-10,10.0,not confirmed,2026-10-03,INFERENCE,
gas_candidate,Ram 1500 Crew Cab Tradesman 4x4 5.6-ft,GMC Sierra EV Denali Extended Range,TED:Tow fit,not confirmed,0-10,,not confirmed,2026-10-03,not scored: not confirmed,
gas_candidate,Ram 1500 Crew Cab Tradesman 4x4 5.6-ft,GMC Sierra EV Denali Extended Range,TED:Resale (3-yr retained %),not confirmed,0-10,,not confirmed,2026-10-03,not scored: not confirmed,
gas_candidate,Ram 1500 Crew Cab Tradesman 4x4 5.6-ft,GMC Sierra EV Denali Extended Range,TED:Reliability,not confirmed,0-10,,not confirmed,2026-10-03,not scored: not confirmed,
gas_candidate,Ram 1500 Crew Cab Tradesman 4x4 5.6-ft,GMC Sierra EV Denali Extended Range,TED:Service network,9.0,0-10,9.0,not confirmed,2026-10-03,INFERENCE,
gas_candidate,Ram 1500 Crew Cab Tradesman 4x4 5.6-ft,GMC Sierra EV Denali Extended Range,TED:Longevity (warranty remaining),not confirmed,0-10,,not confirmed,2026-10-03,not scored: not confirmed,
gas_candidate,Ram 1500 Crew Cab Tradesman 4x4 5.6-ft,GMC Sierra EV Denali Extended Range,TED:Energy cents per mile,3.3,0-10,3.3,not confirmed,2026-10-03,INFERENCE,
gas_candidate,Ram 1500 Crew Cab Tradesman 4x4 5.6-ft,GMC Sierra EV Denali Extended Range,TED:Maintenance cents per mile,4.5,0-10,4.5,not confirmed,2026-10-03,INFERENCE,
ev,Tesla Cybertruck AWD,Tesla Cybertruck AWD,payload,2500,lb,,https://www.caranddriver.com/tesla/cybertruck/specs/2025/tesla_pickup-truck_cybertruck_2025,2026-10-03,FACT,yes
ev,Tesla Cybertruck AWD,Tesla Cybertruck AWD,tow,11000,lb,,https://www.kbb.com/tesla/cybertruck/2025/,2026-10-03,FACT,yes
ev,Tesla Cybertruck AWD,Tesla Cybertruck AWD,cargo,6.0 ft bed,bed_ft_or_cuft,,https://www.kbb.com/tesla/cybertruck/2025/,2026-10-03,FACT,
ev,Tesla Cybertruck AWD,Tesla Cybertruck AWD,cab,3,cab_ordinal_crew3,,https://www.kbb.com/tesla/cybertruck/2025/,2026-10-03,FACT,
ev,Tesla Cybertruck AWD,Tesla Cybertruck AWD,range,325,mi,,https://www.kbb.com/tesla/cybertruck/2025/,2026-10-03,FACT,yes
ev,Tesla Cybertruck AWD,Tesla Cybertruck AWD,tow_range,not confirmed,mi,,https://www.kbb.com/tesla/cybertruck/2025/,2026-10-03,UNKNOWN,
ev,Tesla Cybertruck AWD,Tesla Cybertruck AWD,msrp,72235,usd,,https://www.kbb.com/tesla/cybertruck/2025/,2026-10-03,FACT,yes
ev,Tesla Cybertruck AWD,Tesla Cybertruck AWD,resale_3yr_retained,not confirmed,percent,,not confirmed,2026-10-03,UNKNOWN,
ev,Tesla Cybertruck AWD,Tesla Cybertruck AWD,efficiency_kwh_100mi,43,kWh/100mi,,https://www.fueleconomy.gov/feg/bymake/Tesla2025.shtml,2026-10-03,FACT,
ev,Tesla Cybertruck AWD,Tesla Cybertruck AWD,energy_usd_per_mi,0.0527,USD/mi,,https://www.fueleconomy.gov/feg/bymake/Tesla2025.shtml,2026-10-03,INFERENCE,
ev,Tesla Cybertruck AWD,Tesla Cybertruck AWD,maint_usd_per_mi,0.061,USD/mi,,https://www.fueleconomy.gov/feg/bymake/Tesla2025.shtml,2026-10-03,FACT class-level AFDC,
ev,Tesla Cybertruck AWD,Tesla Cybertruck AWD,service_network,5,0-10 ordinal,5,https://www.kbb.com/tesla/cybertruck/2025/,2026-10-03,INFERENCE,
gas_candidate,Ford F-150 SuperCrew 5.5-ft 4WD XLT,Tesla Cybertruck AWD,payload,2120,lb,8.1,https://www.kbb.com/ford/f150%20supercrew%20cab/2025/xlt-pickup-4d-5-1-2-ft/,2026-10-03,FACT,yes
gas_candidate,Ford F-150 SuperCrew 5.5-ft 4WD XLT,Tesla Cybertruck AWD,tow,7500,lb,3.0,https://www.kbb.com/ford/f150%20supercrew%20cab/2025/xlt-pickup-4d-5-1-2-ft/,2026-10-03,FACT,yes
gas_candidate,Ford F-150 SuperCrew 5.5-ft 4WD XLT,Tesla Cybertruck AWD,cargo,5.5 ft bed,bed_ft_or_cuft,8.3,https://www.kbb.com/ford/f150%20supercrew%20cab/2025/xlt-pickup-4d-5-1-2-ft/,2026-10-03,FACT,
gas_candidate,Ford F-150 SuperCrew 5.5-ft 4WD XLT,Tesla Cybertruck AWD,cab,3,cab_ordinal_crew3,10.0,https://www.kbb.com/ford/f150%20supercrew%20cab/2025/xlt-pickup-4d-5-1-2-ft/,2026-10-03,FACT,
gas_candidate,Ford F-150 SuperCrew 5.5-ft 4WD XLT,Tesla Cybertruck AWD,range,not confirmed,mi,,not confirmed,2026-10-03,UNKNOWN,no
gas_candidate,Ford F-150 SuperCrew 5.5-ft 4WD XLT,Tesla Cybertruck AWD,tow_range,not confirmed,mi,,https://www.kbb.com/ford/f150%20supercrew%20cab/2025/xlt-pickup-4d-5-1-2-ft/,2026-10-03,UNKNOWN,
gas_candidate,Ford F-150 SuperCrew 5.5-ft 4WD XLT,Tesla Cybertruck AWD,msrp,51915,usd,10.0,https://www.carweek.com/research/ford/f-150/2025,2026-10-03,FACT,yes
gas_candidate,Ford F-150 SuperCrew 5.5-ft 4WD XLT,Tesla Cybertruck AWD,resale_3yr_retained,81.2,percent,6.2,https://www.iseecars.com/car/ford-f-150/resale-value,2026-10-03,FACT,
gas_candidate,Ford F-150 SuperCrew 5.5-ft 4WD XLT,Tesla Cybertruck AWD,mpg_combined,20,mpg,,https://www.fueleconomy.gov/feg/bymodel/2025_ford_f150.shtml,2026-10-03,FACT,
gas_candidate,Ford F-150 SuperCrew 5.5-ft 4WD XLT,Tesla Cybertruck AWD,energy_usd_per_mi,0.2078,USD/mi,3.7,https://www.fueleconomy.gov/feg/bymodel/2025_ford_f150.shtml,2026-10-03,INFERENCE,
gas_candidate,Ford F-150 SuperCrew 5.5-ft 4WD XLT,Tesla Cybertruck AWD,maint_usd_per_mi,0.101,USD/mi,4.5,https://www.fueleconomy.gov/feg/bymodel/2025_ford_f150.shtml,2026-10-03,FACT class-level AFDC,
gas_candidate,Ford F-150 SuperCrew 5.5-ft 4WD XLT,Tesla Cybertruck AWD,service_network,10,0-10 ordinal,10,https://www.carweek.com/research/ford/f-150/2025,2026-10-03,INFERENCE,
gas_candidate,Ford F-150 SuperCrew 5.5-ft 4WD XLT,Tesla Cybertruck AWD,class_match,half_ton vs half_ton,class,10.0,https://www.kbb.com/ford/f150%20supercrew%20cab/2025/xlt-pickup-4d-5-1-2-ft/,2026-10-03,INFERENCE,
gas_candidate,Ford F-150 SuperCrew 5.5-ft 4WD XLT,Tesla Cybertruck AWD,rank_metric,7.2,0-10,7.2,https://www.kbb.com/ford/f150%20supercrew%20cab/2025/xlt-pickup-4d-5-1-2-ft/,2026-10-03,INFERENCE,
ev,Tesla Cybertruck AWD,Tesla Cybertruck AWD,TED:Range fit,10.0,0-10,10.0,https://www.kbb.com/tesla/cybertruck/2025/,2026-10-03,INFERENCE,
ev,Tesla Cybertruck AWD,Tesla Cybertruck AWD,TED:Payload/cargo fit,10.0,0-10,10.0,https://www.kbb.com/tesla/cybertruck/2025/,2026-10-03,INFERENCE,
ev,Tesla Cybertruck AWD,Tesla Cybertruck AWD,TED:Cab/crew fit,10.0,0-10,10.0,https://www.kbb.com/tesla/cybertruck/2025/,2026-10-03,INFERENCE,
ev,Tesla Cybertruck AWD,Tesla Cybertruck AWD,TED:Tow fit,10.0,0-10,10.0,https://www.kbb.com/tesla/cybertruck/2025/,2026-10-03,INFERENCE,
ev,Tesla Cybertruck AWD,Tesla Cybertruck AWD,TED:Resale (3-yr retained %),not confirmed,0-10,,https://www.kbb.com/tesla/cybertruck/2025/,2026-10-03,not scored: not confirmed,
ev,Tesla Cybertruck AWD,Tesla Cybertruck AWD,TED:Reliability,not confirmed,0-10,,https://www.kbb.com/tesla/cybertruck/2025/,2026-10-03,not scored: not confirmed,
ev,Tesla Cybertruck AWD,Tesla Cybertruck AWD,TED:Service network,5.0,0-10,5.0,https://www.kbb.com/tesla/cybertruck/2025/,2026-10-03,INFERENCE,
ev,Tesla Cybertruck AWD,Tesla Cybertruck AWD,TED:Longevity (warranty remaining),not confirmed,0-10,,https://www.kbb.com/tesla/cybertruck/2025/,2026-10-03,not scored: not confirmed,
ev,Tesla Cybertruck AWD,Tesla Cybertruck AWD,TED:Energy cents per mile,9.9,0-10,9.9,https://www.kbb.com/tesla/cybertruck/2025/,2026-10-03,INFERENCE,
ev,Tesla Cybertruck AWD,Tesla Cybertruck AWD,TED:Maintenance cents per mile,8.1,0-10,8.1,https://www.kbb.com/tesla/cybertruck/2025/,2026-10-03,INFERENCE,
gas_candidate,Ford F-150 SuperCrew 5.5-ft 4WD XLT,Tesla Cybertruck AWD,TED:Range fit,not confirmed,0-10,,not confirmed,2026-10-03,not scored: not confirmed,
gas_candidate,Ford F-150 SuperCrew 5.5-ft 4WD XLT,Tesla Cybertruck AWD,TED:Payload/cargo fit,8.1,0-10,8.1,not confirmed,2026-10-03,INFERENCE,
gas_candidate,Ford F-150 SuperCrew 5.5-ft 4WD XLT,Tesla Cybertruck AWD,TED:Cab/crew fit,10.0,0-10,10.0,not confirmed,2026-10-03,INFERENCE,
gas_candidate,Ford F-150 SuperCrew 5.5-ft 4WD XLT,Tesla Cybertruck AWD,TED:Tow fit,3.0,0-10,3.0,not confirmed,2026-10-03,INFERENCE,
gas_candidate,Ford F-150 SuperCrew 5.5-ft 4WD XLT,Tesla Cybertruck AWD,TED:Resale (3-yr retained %),6.2,0-10,6.2,not confirmed,2026-10-03,INFERENCE,
gas_candidate,Ford F-150 SuperCrew 5.5-ft 4WD XLT,Tesla Cybertruck AWD,TED:Reliability,not confirmed,0-10,,not confirmed,2026-10-03,not scored: not confirmed,
gas_candidate,Ford F-150 SuperCrew 5.5-ft 4WD XLT,Tesla Cybertruck AWD,TED:Service network,10.0,0-10,10.0,not confirmed,2026-10-03,INFERENCE,
gas_candidate,Ford F-150 SuperCrew 5.5-ft 4WD XLT,Tesla Cybertruck AWD,TED:Longevity (warranty remaining),not confirmed,0-10,,not confirmed,2026-10-03,not scored: not confirmed,
gas_candidate,Ford F-150 SuperCrew 5.5-ft 4WD XLT,Tesla Cybertruck AWD,TED:Energy cents per mile,3.7,0-10,3.7,not confirmed,2026-10-03,INFERENCE,
gas_candidate,Ford F-150 SuperCrew 5.5-ft 4WD XLT,Tesla Cybertruck AWD,TED:Maintenance cents per mile,4.5,0-10,4.5,not confirmed,2026-10-03,INFERENCE,
gas_candidate,Chevrolet Silverado 1500 Crew Cab short bed 4WD WT,Tesla Cybertruck AWD,payload,not confirmed,lb,,not confirmed,2026-10-03,UNKNOWN,no
gas_candidate,Chevrolet Silverado 1500 Crew Cab short bed 4WD WT,Tesla Cybertruck AWD,tow,9400,lb,6.8,https://cars.usnews.com/cars-trucks/chevrolet/silverado-1500/2025/specs/silverado-1500-crew-cab-short-box-4-wheel-drive-wt-458792,2026-10-03,FACT,yes
gas_candidate,Chevrolet Silverado 1500 Crew Cab short bed 4WD WT,Tesla Cybertruck AWD,cargo,5.8 ft bed,bed_ft_or_cuft,9.3,not confirmed,2026-10-03,FACT,no
gas_candidate,Chevrolet Silverado 1500 Crew Cab short bed 4WD WT,Tesla Cybertruck AWD,cab,3,cab_ordinal_crew3,10.0,https://cars.usnews.com/cars-trucks/chevrolet/silverado-1500/2025/specs/silverado-1500-crew-cab-short-box-4-wheel-drive-wt-458792,2026-10-03,FACT,
gas_candidate,Chevrolet Silverado 1500 Crew Cab short bed 4WD WT,Tesla Cybertruck AWD,range,not confirmed,mi,,not confirmed,2026-10-03,UNKNOWN,no
gas_candidate,Chevrolet Silverado 1500 Crew Cab short bed 4WD WT,Tesla Cybertruck AWD,tow_range,not confirmed,mi,,https://cars.usnews.com/cars-trucks/chevrolet/silverado-1500/2025/specs/silverado-1500-crew-cab-short-box-4-wheel-drive-wt-458792,2026-10-03,UNKNOWN,
gas_candidate,Chevrolet Silverado 1500 Crew Cab short bed 4WD WT,Tesla Cybertruck AWD,msrp,46000,usd,10.0,https://www.cars.com/research/chevrolet-silverado_1500-2025/,2026-10-03,FACT,yes
gas_candidate,Chevrolet Silverado 1500 Crew Cab short bed 4WD WT,Tesla Cybertruck AWD,resale_3yr_retained,not confirmed,percent,,not confirmed,2026-10-03,UNKNOWN,
gas_candidate,Chevrolet Silverado 1500 Crew Cab short bed 4WD WT,Tesla Cybertruck AWD,mpg_combined,18,mpg,,https://cars.usnews.com/cars-trucks/chevrolet/silverado-1500/2025/specs/silverado-1500-crew-cab-short-box-4-wheel-drive-wt-458792,2026-10-03,FACT,
gas_candidate,Chevrolet Silverado 1500 Crew Cab short bed 4WD WT,Tesla Cybertruck AWD,energy_usd_per_mi,0.2308,USD/mi,2.8,https://cars.usnews.com/cars-trucks/chevrolet/silverado-1500/2025/specs/silverado-1500-crew-cab-short-box-4-wheel-drive-wt-458792,2026-10-03,INFERENCE,
gas_candidate,Chevrolet Silverado 1500 Crew Cab short bed 4WD WT,Tesla Cybertruck AWD,maint_usd_per_mi,0.101,USD/mi,4.5,https://cars.usnews.com/cars-trucks/chevrolet/silverado-1500/2025/specs/silverado-1500-crew-cab-short-box-4-wheel-drive-wt-458792,2026-10-03,FACT class-level AFDC,
gas_candidate,Chevrolet Silverado 1500 Crew Cab short bed 4WD WT,Tesla Cybertruck AWD,service_network,10,0-10 ordinal,10,https://www.cars.com/research/chevrolet-silverado_1500-2025/,2026-10-03,INFERENCE,
gas_candidate,Chevrolet Silverado 1500 Crew Cab short bed 4WD WT,Tesla Cybertruck AWD,class_match,half_ton vs half_ton,class,10.0,not confirmed,2026-10-03,INFERENCE,
gas_candidate,Chevrolet Silverado 1500 Crew Cab short bed 4WD WT,Tesla Cybertruck AWD,rank_metric,6.2,0-10,6.2,not confirmed,2026-10-03,INFERENCE,
ev,Tesla Cybertruck AWD,Tesla Cybertruck AWD,TED:Range fit,10.0,0-10,10.0,https://www.kbb.com/tesla/cybertruck/2025/,2026-10-03,INFERENCE,
ev,Tesla Cybertruck AWD,Tesla Cybertruck AWD,TED:Payload/cargo fit,10.0,0-10,10.0,https://www.kbb.com/tesla/cybertruck/2025/,2026-10-03,INFERENCE,
ev,Tesla Cybertruck AWD,Tesla Cybertruck AWD,TED:Cab/crew fit,10.0,0-10,10.0,https://www.kbb.com/tesla/cybertruck/2025/,2026-10-03,INFERENCE,
ev,Tesla Cybertruck AWD,Tesla Cybertruck AWD,TED:Tow fit,10.0,0-10,10.0,https://www.kbb.com/tesla/cybertruck/2025/,2026-10-03,INFERENCE,
ev,Tesla Cybertruck AWD,Tesla Cybertruck AWD,TED:Resale (3-yr retained %),not confirmed,0-10,,https://www.kbb.com/tesla/cybertruck/2025/,2026-10-03,not scored: not confirmed,
ev,Tesla Cybertruck AWD,Tesla Cybertruck AWD,TED:Reliability,not confirmed,0-10,,https://www.kbb.com/tesla/cybertruck/2025/,2026-10-03,not scored: not confirmed,
ev,Tesla Cybertruck AWD,Tesla Cybertruck AWD,TED:Service network,5.0,0-10,5.0,https://www.kbb.com/tesla/cybertruck/2025/,2026-10-03,INFERENCE,
ev,Tesla Cybertruck AWD,Tesla Cybertruck AWD,TED:Longevity (warranty remaining),not confirmed,0-10,,https://www.kbb.com/tesla/cybertruck/2025/,2026-10-03,not scored: not confirmed,
ev,Tesla Cybertruck AWD,Tesla Cybertruck AWD,TED:Energy cents per mile,9.9,0-10,9.9,https://www.kbb.com/tesla/cybertruck/2025/,2026-10-03,INFERENCE,
ev,Tesla Cybertruck AWD,Tesla Cybertruck AWD,TED:Maintenance cents per mile,8.1,0-10,8.1,https://www.kbb.com/tesla/cybertruck/2025/,2026-10-03,INFERENCE,
gas_candidate,Chevrolet Silverado 1500 Crew Cab short bed 4WD WT,Tesla Cybertruck AWD,TED:Range fit,not confirmed,0-10,,not confirmed,2026-10-03,not scored: not confirmed,
gas_candidate,Chevrolet Silverado 1500 Crew Cab short bed 4WD WT,Tesla Cybertruck AWD,TED:Payload/cargo fit,not confirmed,0-10,,not confirmed,2026-10-03,not scored: not confirmed,
gas_candidate,Chevrolet Silverado 1500 Crew Cab short bed 4WD WT,Tesla Cybertruck AWD,TED:Cab/crew fit,10.0,0-10,10.0,not confirmed,2026-10-03,INFERENCE,
gas_candidate,Chevrolet Silverado 1500 Crew Cab short bed 4WD WT,Tesla Cybertruck AWD,TED:Tow fit,6.8,0-10,6.8,not confirmed,2026-10-03,INFERENCE,
gas_candidate,Chevrolet Silverado 1500 Crew Cab short bed 4WD WT,Tesla Cybertruck AWD,TED:Resale (3-yr retained %),not confirmed,0-10,,not confirmed,2026-10-03,not scored: not confirmed,
gas_candidate,Chevrolet Silverado 1500 Crew Cab short bed 4WD WT,Tesla Cybertruck AWD,TED:Reliability,not confirmed,0-10,,not confirmed,2026-10-03,not scored: not confirmed,
gas_candidate,Chevrolet Silverado 1500 Crew Cab short bed 4WD WT,Tesla Cybertruck AWD,TED:Service network,10.0,0-10,10.0,not confirmed,2026-10-03,INFERENCE,
gas_candidate,Chevrolet Silverado 1500 Crew Cab short bed 4WD WT,Tesla Cybertruck AWD,TED:Longevity (warranty remaining),not confirmed,0-10,,not confirmed,2026-10-03,not scored: not confirmed,
gas_candidate,Chevrolet Silverado 1500 Crew Cab short bed 4WD WT,Tesla Cybertruck AWD,TED:Energy cents per mile,2.8,0-10,2.8,not confirmed,2026-10-03,INFERENCE,
gas_candidate,Chevrolet Silverado 1500 Crew Cab short bed 4WD WT,Tesla Cybertruck AWD,TED:Maintenance cents per mile,4.5,0-10,4.5,not confirmed,2026-10-03,INFERENCE,
gas_candidate,Ram 1500 Crew Cab Tradesman 4x4 5.6-ft,Tesla Cybertruck AWD,payload,1770,lb,6.3,https://www.kbb.com/ram/1500-crew-cab/2025/specs/,2026-10-03,FACT,yes
gas_candidate,Ram 1500 Crew Cab Tradesman 4x4 5.6-ft,Tesla Cybertruck AWD,tow,not confirmed,lb,,not confirmed,2026-10-03,UNKNOWN,no
gas_candidate,Ram 1500 Crew Cab Tradesman 4x4 5.6-ft,Tesla Cybertruck AWD,cargo,5.6 ft bed,bed_ft_or_cuft,8.7,https://www.kbb.com/ram/1500-crew-cab/2025/specs/,2026-10-03,FACT,
gas_candidate,Ram 1500 Crew Cab Tradesman 4x4 5.6-ft,Tesla Cybertruck AWD,cab,3,cab_ordinal_crew3,10.0,https://www.kbb.com/ram/1500-crew-cab/2025/specs/,2026-10-03,FACT,
gas_candidate,Ram 1500 Crew Cab Tradesman 4x4 5.6-ft,Tesla Cybertruck AWD,range,not confirmed,mi,,not confirmed,2026-10-03,UNKNOWN,no
gas_candidate,Ram 1500 Crew Cab Tradesman 4x4 5.6-ft,Tesla Cybertruck AWD,tow_range,not confirmed,mi,,not confirmed,2026-10-03,UNKNOWN,
gas_candidate,Ram 1500 Crew Cab Tradesman 4x4 5.6-ft,Tesla Cybertruck AWD,msrp,46875,usd,10.0,https://www.iseecars.com/car/2025-ram-ram_pickup_1500-price,2026-10-03,FACT,yes
gas_candidate,Ram 1500 Crew Cab Tradesman 4x4 5.6-ft,Tesla Cybertruck AWD,resale_3yr_retained,not confirmed,percent,,https://www.iseecars.com/resale-value/trucks,2026-10-03,UNKNOWN,
gas_candidate,Ram 1500 Crew Cab Tradesman 4x4 5.6-ft,Tesla Cybertruck AWD,mpg_combined,19,mpg,,https://www.kbb.com/ram/1500-crew-cab/2025/specs/,2026-10-03,FACT,
gas_candidate,Ram 1500 Crew Cab Tradesman 4x4 5.6-ft,Tesla Cybertruck AWD,energy_usd_per_mi,0.2187,USD/mi,3.3,https://www.kbb.com/ram/1500-crew-cab/2025/specs/,2026-10-03,INFERENCE,
gas_candidate,Ram 1500 Crew Cab Tradesman 4x4 5.6-ft,Tesla Cybertruck AWD,maint_usd_per_mi,0.101,USD/mi,4.5,https://www.kbb.com/ram/1500-crew-cab/2025/specs/,2026-10-03,FACT class-level AFDC,
gas_candidate,Ram 1500 Crew Cab Tradesman 4x4 5.6-ft,Tesla Cybertruck AWD,service_network,9,0-10 ordinal,9,https://www.iseecars.com/car/2025-ram-ram_pickup_1500-price,2026-10-03,INFERENCE,
gas_candidate,Ram 1500 Crew Cab Tradesman 4x4 5.6-ft,Tesla Cybertruck AWD,class_match,half_ton vs half_ton,class,10.0,https://www.kbb.com/ram/1500-crew-cab/2025/specs/,2026-10-03,INFERENCE,
gas_candidate,Ram 1500 Crew Cab Tradesman 4x4 5.6-ft,Tesla Cybertruck AWD,rank_metric,6.1,0-10,6.1,https://www.kbb.com/ram/1500-crew-cab/2025/specs/,2026-10-03,INFERENCE,
ev,Tesla Cybertruck AWD,Tesla Cybertruck AWD,TED:Range fit,10.0,0-10,10.0,https://www.kbb.com/tesla/cybertruck/2025/,2026-10-03,INFERENCE,
ev,Tesla Cybertruck AWD,Tesla Cybertruck AWD,TED:Payload/cargo fit,10.0,0-10,10.0,https://www.kbb.com/tesla/cybertruck/2025/,2026-10-03,INFERENCE,
ev,Tesla Cybertruck AWD,Tesla Cybertruck AWD,TED:Cab/crew fit,10.0,0-10,10.0,https://www.kbb.com/tesla/cybertruck/2025/,2026-10-03,INFERENCE,
ev,Tesla Cybertruck AWD,Tesla Cybertruck AWD,TED:Tow fit,10.0,0-10,10.0,https://www.kbb.com/tesla/cybertruck/2025/,2026-10-03,INFERENCE,
ev,Tesla Cybertruck AWD,Tesla Cybertruck AWD,TED:Resale (3-yr retained %),not confirmed,0-10,,https://www.kbb.com/tesla/cybertruck/2025/,2026-10-03,not scored: not confirmed,
ev,Tesla Cybertruck AWD,Tesla Cybertruck AWD,TED:Reliability,not confirmed,0-10,,https://www.kbb.com/tesla/cybertruck/2025/,2026-10-03,not scored: not confirmed,
ev,Tesla Cybertruck AWD,Tesla Cybertruck AWD,TED:Service network,5.0,0-10,5.0,https://www.kbb.com/tesla/cybertruck/2025/,2026-10-03,INFERENCE,
ev,Tesla Cybertruck AWD,Tesla Cybertruck AWD,TED:Longevity (warranty remaining),not confirmed,0-10,,https://www.kbb.com/tesla/cybertruck/2025/,2026-10-03,not scored: not confirmed,
ev,Tesla Cybertruck AWD,Tesla Cybertruck AWD,TED:Energy cents per mile,9.9,0-10,9.9,https://www.kbb.com/tesla/cybertruck/2025/,2026-10-03,INFERENCE,
ev,Tesla Cybertruck AWD,Tesla Cybertruck AWD,TED:Maintenance cents per mile,8.1,0-10,8.1,https://www.kbb.com/tesla/cybertruck/2025/,2026-10-03,INFERENCE,
gas_candidate,Ram 1500 Crew Cab Tradesman 4x4 5.6-ft,Tesla Cybertruck AWD,TED:Range fit,not confirmed,0-10,,not confirmed,2026-10-03,not scored: not confirmed,
gas_candidate,Ram 1500 Crew Cab Tradesman 4x4 5.6-ft,Tesla Cybertruck AWD,TED:Payload/cargo fit,6.3,0-10,6.3,not confirmed,2026-10-03,INFERENCE,
gas_candidate,Ram 1500 Crew Cab Tradesman 4x4 5.6-ft,Tesla Cybertruck AWD,TED:Cab/crew fit,10.0,0-10,10.0,not confirmed,2026-10-03,INFERENCE,
gas_candidate,Ram 1500 Crew Cab Tradesman 4x4 5.6-ft,Tesla Cybertruck AWD,TED:Tow fit,not confirmed,0-10,,not confirmed,2026-10-03,not scored: not confirmed,
gas_candidate,Ram 1500 Crew Cab Tradesman 4x4 5.6-ft,Tesla Cybertruck AWD,TED:Resale (3-yr retained %),not confirmed,0-10,,not confirmed,2026-10-03,not scored: not confirmed,
gas_candidate,Ram 1500 Crew Cab Tradesman 4x4 5.6-ft,Tesla Cybertruck AWD,TED:Reliability,not confirmed,0-10,,not confirmed,2026-10-03,not scored: not confirmed,
gas_candidate,Ram 1500 Crew Cab Tradesman 4x4 5.6-ft,Tesla Cybertruck AWD,TED:Service network,9.0,0-10,9.0,not confirmed,2026-10-03,INFERENCE,
gas_candidate,Ram 1500 Crew Cab Tradesman 4x4 5.6-ft,Tesla Cybertruck AWD,TED:Longevity (warranty remaining),not confirmed,0-10,,not confirmed,2026-10-03,not scored: not confirmed,
gas_candidate,Ram 1500 Crew Cab Tradesman 4x4 5.6-ft,Tesla Cybertruck AWD,TED:Energy cents per mile,3.3,0-10,3.3,not confirmed,2026-10-03,INFERENCE,
gas_candidate,Ram 1500 Crew Cab Tradesman 4x4 5.6-ft,Tesla Cybertruck AWD,TED:Maintenance cents per mile,4.5,0-10,4.5,not confirmed,2026-10-03,INFERENCE,
gas_candidate,Ford F-250 Super Duty Regular Cab XL example,Tesla Cybertruck AWD,payload,not confirmed,lb,,not confirmed,2026-10-03,UNKNOWN,no
gas_candidate,Ford F-250 Super Duty Regular Cab XL example,Tesla Cybertruck AWD,tow,not confirmed,lb,,not confirmed,2026-10-03,UNKNOWN,no
gas_candidate,Ford F-250 Super Duty Regular Cab XL example,Tesla Cybertruck AWD,cargo,8.0 ft bed,bed_ft_or_cuft,10.0,not confirmed,2026-10-03,FACT,
gas_candidate,Ford F-250 Super Duty Regular Cab XL example,Tesla Cybertruck AWD,cab,1,cab_ordinal_crew3,0.0,not confirmed,2026-10-03,FACT,
gas_candidate,Ford F-250 Super Duty Regular Cab XL example,Tesla Cybertruck AWD,range,not confirmed,mi,,not confirmed,2026-10-03,UNKNOWN,no
gas_candidate,Ford F-250 Super Duty Regular Cab XL example,Tesla Cybertruck AWD,tow_range,not confirmed,mi,,not confirmed,2026-10-03,UNKNOWN,
gas_candidate,Ford F-250 Super Duty Regular Cab XL example,Tesla Cybertruck AWD,msrp,not confirmed,usd,,not confirmed,2026-10-03,UNKNOWN,no
gas_candidate,Ford F-250 Super Duty Regular Cab XL example,Tesla Cybertruck AWD,resale_3yr_retained,not confirmed,percent,,not confirmed,2026-10-03,UNKNOWN,
gas_candidate,Ford F-250 Super Duty Regular Cab XL example,Tesla Cybertruck AWD,mpg_combined,not confirmed,mpg,,not confirmed,2026-10-03,UNKNOWN,
gas_candidate,Ford F-250 Super Duty Regular Cab XL example,Tesla Cybertruck AWD,energy_usd_per_mi,not confirmed,USD/mi,,not confirmed,2026-10-03,UNKNOWN,
gas_candidate,Ford F-250 Super Duty Regular Cab XL example,Tesla Cybertruck AWD,maint_usd_per_mi,0.101,USD/mi,4.5,not confirmed,2026-10-03,FACT class-level AFDC,
gas_candidate,Ford F-250 Super Duty Regular Cab XL example,Tesla Cybertruck AWD,service_network,10,0-10 ordinal,10,not confirmed,2026-10-03,INFERENCE,
gas_candidate,Ford F-250 Super Duty Regular Cab XL example,Tesla Cybertruck AWD,class_match,half_ton vs hd,class,6.0,not confirmed,2026-10-03,INFERENCE,
gas_candidate,Ford F-250 Super Duty Regular Cab XL example,Tesla Cybertruck AWD,rank_metric,1.8,0-10,1.8,not confirmed,2026-10-03,INFERENCE,
ev,Tesla Cybertruck AWD,Tesla Cybertruck AWD,TED:Range fit,10.0,0-10,10.0,https://www.kbb.com/tesla/cybertruck/2025/,2026-10-03,INFERENCE,
ev,Tesla Cybertruck AWD,Tesla Cybertruck AWD,TED:Payload/cargo fit,10.0,0-10,10.0,https://www.kbb.com/tesla/cybertruck/2025/,2026-10-03,INFERENCE,
ev,Tesla Cybertruck AWD,Tesla Cybertruck AWD,TED:Cab/crew fit,10.0,0-10,10.0,https://www.kbb.com/tesla/cybertruck/2025/,2026-10-03,INFERENCE,
ev,Tesla Cybertruck AWD,Tesla Cybertruck AWD,TED:Tow fit,10.0,0-10,10.0,https://www.kbb.com/tesla/cybertruck/2025/,2026-10-03,INFERENCE,
ev,Tesla Cybertruck AWD,Tesla Cybertruck AWD,TED:Resale (3-yr retained %),not confirmed,0-10,,https://www.kbb.com/tesla/cybertruck/2025/,2026-10-03,not scored: not confirmed,
ev,Tesla Cybertruck AWD,Tesla Cybertruck AWD,TED:Reliability,not confirmed,0-10,,https://www.kbb.com/tesla/cybertruck/2025/,2026-10-03,not scored: not confirmed,
ev,Tesla Cybertruck AWD,Tesla Cybertruck AWD,TED:Service network,5.0,0-10,5.0,https://www.kbb.com/tesla/cybertruck/2025/,2026-10-03,INFERENCE,
ev,Tesla Cybertruck AWD,Tesla Cybertruck AWD,TED:Longevity (warranty remaining),not confirmed,0-10,,https://www.kbb.com/tesla/cybertruck/2025/,2026-10-03,not scored: not confirmed,
ev,Tesla Cybertruck AWD,Tesla Cybertruck AWD,TED:Energy cents per mile,9.9,0-10,9.9,https://www.kbb.com/tesla/cybertruck/2025/,2026-10-03,INFERENCE,
ev,Tesla Cybertruck AWD,Tesla Cybertruck AWD,TED:Maintenance cents per mile,8.1,0-10,8.1,https://www.kbb.com/tesla/cybertruck/2025/,2026-10-03,INFERENCE,
gas_candidate,Ford F-250 Super Duty Regular Cab XL example,Tesla Cybertruck AWD,TED:Range fit,not confirmed,0-10,,not confirmed,2026-10-03,not scored: not confirmed,
gas_candidate,Ford F-250 Super Duty Regular Cab XL example,Tesla Cybertruck AWD,TED:Payload/cargo fit,not confirmed,0-10,,not confirmed,2026-10-03,not scored: not confirmed,
gas_candidate,Ford F-250 Super Duty Regular Cab XL example,Tesla Cybertruck AWD,TED:Cab/crew fit,0.0,0-10,0.0,not confirmed,2026-10-03,INFERENCE,
gas_candidate,Ford F-250 Super Duty Regular Cab XL example,Tesla Cybertruck AWD,TED:Tow fit,not confirmed,0-10,,not confirmed,2026-10-03,not scored: not confirmed,
gas_candidate,Ford F-250 Super Duty Regular Cab XL example,Tesla Cybertruck AWD,TED:Resale (3-yr retained %),not confirmed,0-10,,not confirmed,2026-10-03,not scored: not confirmed,
gas_candidate,Ford F-250 Super Duty Regular Cab XL example,Tesla Cybertruck AWD,TED:Reliability,not confirmed,0-10,,not confirmed,2026-10-03,not scored: not confirmed,
gas_candidate,Ford F-250 Super Duty Regular Cab XL example,Tesla Cybertruck AWD,TED:Service network,10.0,0-10,10.0,not confirmed,2026-10-03,INFERENCE,
gas_candidate,Ford F-250 Super Duty Regular Cab XL example,Tesla Cybertruck AWD,TED:Longevity (warranty remaining),not confirmed,0-10,,not confirmed,2026-10-03,not scored: not confirmed,
gas_candidate,Ford F-250 Super Duty Regular Cab XL example,Tesla Cybertruck AWD,TED:Energy cents per mile,not confirmed,0-10,,not confirmed,2026-10-03,not scored: not confirmed,
gas_candidate,Ford F-250 Super Duty Regular Cab XL example,Tesla Cybertruck AWD,TED:Maintenance cents per mile,4.5,0-10,4.5,not confirmed,2026-10-03,INFERENCE,
ev,Tesla Cybertruck Cyberbeast,Tesla Cybertruck Cyberbeast,payload,2500,lb,,https://www.kbb.com/tesla/cybertruck/2025/,2026-10-03,FACT,yes
ev,Tesla Cybertruck Cyberbeast,Tesla Cybertruck Cyberbeast,tow,11000,lb,,https://www.kbb.com/tesla/cybertruck/2025/,2026-10-03,FACT,yes
ev,Tesla Cybertruck Cyberbeast,Tesla Cybertruck Cyberbeast,cargo,6.0 ft bed,bed_ft_or_cuft,,https://www.kbb.com/tesla/cybertruck/2025/,2026-10-03,FACT,
ev,Tesla Cybertruck Cyberbeast,Tesla Cybertruck Cyberbeast,cab,3,cab_ordinal_crew3,,https://www.kbb.com/tesla/cybertruck/2025/,2026-10-03,FACT,
ev,Tesla Cybertruck Cyberbeast,Tesla Cybertruck Cyberbeast,range,301,mi,,https://www.kbb.com/tesla/cybertruck/2025/,2026-10-03,FACT,yes
ev,Tesla Cybertruck Cyberbeast,Tesla Cybertruck Cyberbeast,tow_range,not confirmed,mi,,https://www.kbb.com/tesla/cybertruck/2025/,2026-10-03,UNKNOWN,
ev,Tesla Cybertruck Cyberbeast,Tesla Cybertruck Cyberbeast,msrp,not confirmed,usd,,not confirmed,2026-10-03,UNKNOWN,no
ev,Tesla Cybertruck Cyberbeast,Tesla Cybertruck Cyberbeast,resale_3yr_retained,not confirmed,percent,,not confirmed,2026-10-03,UNKNOWN,
ev,Tesla Cybertruck Cyberbeast,Tesla Cybertruck Cyberbeast,efficiency_kwh_100mi,not confirmed,kWh/100mi,,not confirmed,2026-10-03,UNKNOWN,
ev,Tesla Cybertruck Cyberbeast,Tesla Cybertruck Cyberbeast,energy_usd_per_mi,not confirmed,USD/mi,,not confirmed,2026-10-03,UNKNOWN,
ev,Tesla Cybertruck Cyberbeast,Tesla Cybertruck Cyberbeast,maint_usd_per_mi,0.061,USD/mi,,not confirmed,2026-10-03,FACT class-level AFDC,
ev,Tesla Cybertruck Cyberbeast,Tesla Cybertruck Cyberbeast,service_network,5,0-10 ordinal,5,not confirmed,2026-10-03,INFERENCE,
gas_candidate,Ford F-150 SuperCrew 5.5-ft 4WD XLT,Tesla Cybertruck Cyberbeast,payload,2120,lb,8.1,https://www.kbb.com/ford/f150%20supercrew%20cab/2025/xlt-pickup-4d-5-1-2-ft/,2026-10-03,FACT,yes
gas_candidate,Ford F-150 SuperCrew 5.5-ft 4WD XLT,Tesla Cybertruck Cyberbeast,tow,7500,lb,3.0,https://www.kbb.com/ford/f150%20supercrew%20cab/2025/xlt-pickup-4d-5-1-2-ft/,2026-10-03,FACT,yes
gas_candidate,Ford F-150 SuperCrew 5.5-ft 4WD XLT,Tesla Cybertruck Cyberbeast,cargo,5.5 ft bed,bed_ft_or_cuft,8.3,https://www.kbb.com/ford/f150%20supercrew%20cab/2025/xlt-pickup-4d-5-1-2-ft/,2026-10-03,FACT,
gas_candidate,Ford F-150 SuperCrew 5.5-ft 4WD XLT,Tesla Cybertruck Cyberbeast,cab,3,cab_ordinal_crew3,10.0,https://www.kbb.com/ford/f150%20supercrew%20cab/2025/xlt-pickup-4d-5-1-2-ft/,2026-10-03,FACT,
gas_candidate,Ford F-150 SuperCrew 5.5-ft 4WD XLT,Tesla Cybertruck Cyberbeast,range,not confirmed,mi,,not confirmed,2026-10-03,UNKNOWN,no
gas_candidate,Ford F-150 SuperCrew 5.5-ft 4WD XLT,Tesla Cybertruck Cyberbeast,tow_range,not confirmed,mi,,https://www.kbb.com/ford/f150%20supercrew%20cab/2025/xlt-pickup-4d-5-1-2-ft/,2026-10-03,UNKNOWN,
gas_candidate,Ford F-150 SuperCrew 5.5-ft 4WD XLT,Tesla Cybertruck Cyberbeast,msrp,51915,usd,,https://www.carweek.com/research/ford/f-150/2025,2026-10-03,FACT,yes
gas_candidate,Ford F-150 SuperCrew 5.5-ft 4WD XLT,Tesla Cybertruck Cyberbeast,resale_3yr_retained,81.2,percent,6.2,https://www.iseecars.com/car/ford-f-150/resale-value,2026-10-03,FACT,
gas_candidate,Ford F-150 SuperCrew 5.5-ft 4WD XLT,Tesla Cybertruck Cyberbeast,mpg_combined,20,mpg,,https://www.fueleconomy.gov/feg/bymodel/2025_ford_f150.shtml,2026-10-03,FACT,
gas_candidate,Ford F-150 SuperCrew 5.5-ft 4WD XLT,Tesla Cybertruck Cyberbeast,energy_usd_per_mi,0.2078,USD/mi,3.7,https://www.fueleconomy.gov/feg/bymodel/2025_ford_f150.shtml,2026-10-03,INFERENCE,
gas_candidate,Ford F-150 SuperCrew 5.5-ft 4WD XLT,Tesla Cybertruck Cyberbeast,maint_usd_per_mi,0.101,USD/mi,4.5,https://www.fueleconomy.gov/feg/bymodel/2025_ford_f150.shtml,2026-10-03,FACT class-level AFDC,
gas_candidate,Ford F-150 SuperCrew 5.5-ft 4WD XLT,Tesla Cybertruck Cyberbeast,service_network,10,0-10 ordinal,10,https://www.carweek.com/research/ford/f-150/2025,2026-10-03,INFERENCE,
gas_candidate,Ford F-150 SuperCrew 5.5-ft 4WD XLT,Tesla Cybertruck Cyberbeast,class_match,half_ton vs half_ton,class,10.0,https://www.kbb.com/ford/f150%20supercrew%20cab/2025/xlt-pickup-4d-5-1-2-ft/,2026-10-03,INFERENCE,
gas_candidate,Ford F-150 SuperCrew 5.5-ft 4WD XLT,Tesla Cybertruck Cyberbeast,rank_metric,5.5,0-10,5.5,https://www.kbb.com/ford/f150%20supercrew%20cab/2025/xlt-pickup-4d-5-1-2-ft/,2026-10-03,INFERENCE,
ev,Tesla Cybertruck Cyberbeast,Tesla Cybertruck Cyberbeast,TED:Range fit,10.0,0-10,10.0,https://www.kbb.com/tesla/cybertruck/2025/,2026-10-03,INFERENCE,
ev,Tesla Cybertruck Cyberbeast,Tesla Cybertruck Cyberbeast,TED:Payload/cargo fit,10.0,0-10,10.0,https://www.kbb.com/tesla/cybertruck/2025/,2026-10-03,INFERENCE,
ev,Tesla Cybertruck Cyberbeast,Tesla Cybertruck Cyberbeast,TED:Cab/crew fit,10.0,0-10,10.0,https://www.kbb.com/tesla/cybertruck/2025/,2026-10-03,INFERENCE,
ev,Tesla Cybertruck Cyberbeast,Tesla Cybertruck Cyberbeast,TED:Tow fit,10.0,0-10,10.0,https://www.kbb.com/tesla/cybertruck/2025/,2026-10-03,INFERENCE,
ev,Tesla Cybertruck Cyberbeast,Tesla Cybertruck Cyberbeast,TED:Resale (3-yr retained %),not confirmed,0-10,,https://www.kbb.com/tesla/cybertruck/2025/,2026-10-03,not scored: not confirmed,
ev,Tesla Cybertruck Cyberbeast,Tesla Cybertruck Cyberbeast,TED:Reliability,not confirmed,0-10,,https://www.kbb.com/tesla/cybertruck/2025/,2026-10-03,not scored: not confirmed,
ev,Tesla Cybertruck Cyberbeast,Tesla Cybertruck Cyberbeast,TED:Service network,5.0,0-10,5.0,https://www.kbb.com/tesla/cybertruck/2025/,2026-10-03,INFERENCE,
ev,Tesla Cybertruck Cyberbeast,Tesla Cybertruck Cyberbeast,TED:Longevity (warranty remaining),not confirmed,0-10,,https://www.kbb.com/tesla/cybertruck/2025/,2026-10-03,not scored: not confirmed,
ev,Tesla Cybertruck Cyberbeast,Tesla Cybertruck Cyberbeast,TED:Energy cents per mile,not confirmed,0-10,,https://www.kbb.com/tesla/cybertruck/2025/,2026-10-03,not scored: not confirmed,
ev,Tesla Cybertruck Cyberbeast,Tesla Cybertruck Cyberbeast,TED:Maintenance cents per mile,8.1,0-10,8.1,https://www.kbb.com/tesla/cybertruck/2025/,2026-10-03,INFERENCE,
gas_candidate,Ford F-150 SuperCrew 5.5-ft 4WD XLT,Tesla Cybertruck Cyberbeast,TED:Range fit,not confirmed,0-10,,not confirmed,2026-10-03,not scored: not confirmed,
gas_candidate,Ford F-150 SuperCrew 5.5-ft 4WD XLT,Tesla Cybertruck Cyberbeast,TED:Payload/cargo fit,8.1,0-10,8.1,not confirmed,2026-10-03,INFERENCE,
gas_candidate,Ford F-150 SuperCrew 5.5-ft 4WD XLT,Tesla Cybertruck Cyberbeast,TED:Cab/crew fit,10.0,0-10,10.0,not confirmed,2026-10-03,INFERENCE,
gas_candidate,Ford F-150 SuperCrew 5.5-ft 4WD XLT,Tesla Cybertruck Cyberbeast,TED:Tow fit,3.0,0-10,3.0,not confirmed,2026-10-03,INFERENCE,
gas_candidate,Ford F-150 SuperCrew 5.5-ft 4WD XLT,Tesla Cybertruck Cyberbeast,TED:Resale (3-yr retained %),6.2,0-10,6.2,not confirmed,2026-10-03,INFERENCE,
gas_candidate,Ford F-150 SuperCrew 5.5-ft 4WD XLT,Tesla Cybertruck Cyberbeast,TED:Reliability,not confirmed,0-10,,not confirmed,2026-10-03,not scored: not confirmed,
gas_candidate,Ford F-150 SuperCrew 5.5-ft 4WD XLT,Tesla Cybertruck Cyberbeast,TED:Service network,10.0,0-10,10.0,not confirmed,2026-10-03,INFERENCE,
gas_candidate,Ford F-150 SuperCrew 5.5-ft 4WD XLT,Tesla Cybertruck Cyberbeast,TED:Longevity (warranty remaining),not confirmed,0-10,,not confirmed,2026-10-03,not scored: not confirmed,
gas_candidate,Ford F-150 SuperCrew 5.5-ft 4WD XLT,Tesla Cybertruck Cyberbeast,TED:Energy cents per mile,3.7,0-10,3.7,not confirmed,2026-10-03,INFERENCE,
gas_candidate,Ford F-150 SuperCrew 5.5-ft 4WD XLT,Tesla Cybertruck Cyberbeast,TED:Maintenance cents per mile,4.5,0-10,4.5,not confirmed,2026-10-03,INFERENCE,
gas_candidate,Chevrolet Silverado 1500 Crew Cab short bed 4WD WT,Tesla Cybertruck Cyberbeast,payload,not confirmed,lb,,not confirmed,2026-10-03,UNKNOWN,no
gas_candidate,Chevrolet Silverado 1500 Crew Cab short bed 4WD WT,Tesla Cybertruck Cyberbeast,tow,9400,lb,6.8,https://cars.usnews.com/cars-trucks/chevrolet/silverado-1500/2025/specs/silverado-1500-crew-cab-short-box-4-wheel-drive-wt-458792,2026-10-03,FACT,yes
gas_candidate,Chevrolet Silverado 1500 Crew Cab short bed 4WD WT,Tesla Cybertruck Cyberbeast,cargo,5.8 ft bed,bed_ft_or_cuft,9.3,not confirmed,2026-10-03,FACT,no
gas_candidate,Chevrolet Silverado 1500 Crew Cab short bed 4WD WT,Tesla Cybertruck Cyberbeast,cab,3,cab_ordinal_crew3,10.0,https://cars.usnews.com/cars-trucks/chevrolet/silverado-1500/2025/specs/silverado-1500-crew-cab-short-box-4-wheel-drive-wt-458792,2026-10-03,FACT,
gas_candidate,Chevrolet Silverado 1500 Crew Cab short bed 4WD WT,Tesla Cybertruck Cyberbeast,range,not confirmed,mi,,not confirmed,2026-10-03,UNKNOWN,no
gas_candidate,Chevrolet Silverado 1500 Crew Cab short bed 4WD WT,Tesla Cybertruck Cyberbeast,tow_range,not confirmed,mi,,https://cars.usnews.com/cars-trucks/chevrolet/silverado-1500/2025/specs/silverado-1500-crew-cab-short-box-4-wheel-drive-wt-458792,2026-10-03,UNKNOWN,
gas_candidate,Chevrolet Silverado 1500 Crew Cab short bed 4WD WT,Tesla Cybertruck Cyberbeast,msrp,46000,usd,,https://www.cars.com/research/chevrolet-silverado_1500-2025/,2026-10-03,FACT,yes
gas_candidate,Chevrolet Silverado 1500 Crew Cab short bed 4WD WT,Tesla Cybertruck Cyberbeast,resale_3yr_retained,not confirmed,percent,,not confirmed,2026-10-03,UNKNOWN,
gas_candidate,Chevrolet Silverado 1500 Crew Cab short bed 4WD WT,Tesla Cybertruck Cyberbeast,mpg_combined,18,mpg,,https://cars.usnews.com/cars-trucks/chevrolet/silverado-1500/2025/specs/silverado-1500-crew-cab-short-box-4-wheel-drive-wt-458792,2026-10-03,FACT,
gas_candidate,Chevrolet Silverado 1500 Crew Cab short bed 4WD WT,Tesla Cybertruck Cyberbeast,energy_usd_per_mi,0.2308,USD/mi,2.8,https://cars.usnews.com/cars-trucks/chevrolet/silverado-1500/2025/specs/silverado-1500-crew-cab-short-box-4-wheel-drive-wt-458792,2026-10-03,INFERENCE,
gas_candidate,Chevrolet Silverado 1500 Crew Cab short bed 4WD WT,Tesla Cybertruck Cyberbeast,maint_usd_per_mi,0.101,USD/mi,4.5,https://cars.usnews.com/cars-trucks/chevrolet/silverado-1500/2025/specs/silverado-1500-crew-cab-short-box-4-wheel-drive-wt-458792,2026-10-03,FACT class-level AFDC,
gas_candidate,Chevrolet Silverado 1500 Crew Cab short bed 4WD WT,Tesla Cybertruck Cyberbeast,service_network,10,0-10 ordinal,10,https://www.cars.com/research/chevrolet-silverado_1500-2025/,2026-10-03,INFERENCE,
gas_candidate,Chevrolet Silverado 1500 Crew Cab short bed 4WD WT,Tesla Cybertruck Cyberbeast,class_match,half_ton vs half_ton,class,10.0,not confirmed,2026-10-03,INFERENCE,
gas_candidate,Chevrolet Silverado 1500 Crew Cab short bed 4WD WT,Tesla Cybertruck Cyberbeast,rank_metric,4.6,0-10,4.6,not confirmed,2026-10-03,INFERENCE,
ev,Tesla Cybertruck Cyberbeast,Tesla Cybertruck Cyberbeast,TED:Range fit,10.0,0-10,10.0,https://www.kbb.com/tesla/cybertruck/2025/,2026-10-03,INFERENCE,
ev,Tesla Cybertruck Cyberbeast,Tesla Cybertruck Cyberbeast,TED:Payload/cargo fit,10.0,0-10,10.0,https://www.kbb.com/tesla/cybertruck/2025/,2026-10-03,INFERENCE,
ev,Tesla Cybertruck Cyberbeast,Tesla Cybertruck Cyberbeast,TED:Cab/crew fit,10.0,0-10,10.0,https://www.kbb.com/tesla/cybertruck/2025/,2026-10-03,INFERENCE,
ev,Tesla Cybertruck Cyberbeast,Tesla Cybertruck Cyberbeast,TED:Tow fit,10.0,0-10,10.0,https://www.kbb.com/tesla/cybertruck/2025/,2026-10-03,INFERENCE,
ev,Tesla Cybertruck Cyberbeast,Tesla Cybertruck Cyberbeast,TED:Resale (3-yr retained %),not confirmed,0-10,,https://www.kbb.com/tesla/cybertruck/2025/,2026-10-03,not scored: not confirmed,
ev,Tesla Cybertruck Cyberbeast,Tesla Cybertruck Cyberbeast,TED:Reliability,not confirmed,0-10,,https://www.kbb.com/tesla/cybertruck/2025/,2026-10-03,not scored: not confirmed,
ev,Tesla Cybertruck Cyberbeast,Tesla Cybertruck Cyberbeast,TED:Service network,5.0,0-10,5.0,https://www.kbb.com/tesla/cybertruck/2025/,2026-10-03,INFERENCE,
ev,Tesla Cybertruck Cyberbeast,Tesla Cybertruck Cyberbeast,TED:Longevity (warranty remaining),not confirmed,0-10,,https://www.kbb.com/tesla/cybertruck/2025/,2026-10-03,not scored: not confirmed,
ev,Tesla Cybertruck Cyberbeast,Tesla Cybertruck Cyberbeast,TED:Energy cents per mile,not confirmed,0-10,,https://www.kbb.com/tesla/cybertruck/2025/,2026-10-03,not scored: not confirmed,
ev,Tesla Cybertruck Cyberbeast,Tesla Cybertruck Cyberbeast,TED:Maintenance cents per mile,8.1,0-10,8.1,https://www.kbb.com/tesla/cybertruck/2025/,2026-10-03,INFERENCE,
gas_candidate,Chevrolet Silverado 1500 Crew Cab short bed 4WD WT,Tesla Cybertruck Cyberbeast,TED:Range fit,not confirmed,0-10,,not confirmed,2026-10-03,not scored: not confirmed,
gas_candidate,Chevrolet Silverado 1500 Crew Cab short bed 4WD WT,Tesla Cybertruck Cyberbeast,TED:Payload/cargo fit,not confirmed,0-10,,not confirmed,2026-10-03,not scored: not confirmed,
gas_candidate,Chevrolet Silverado 1500 Crew Cab short bed 4WD WT,Tesla Cybertruck Cyberbeast,TED:Cab/crew fit,10.0,0-10,10.0,not confirmed,2026-10-03,INFERENCE,
gas_candidate,Chevrolet Silverado 1500 Crew Cab short bed 4WD WT,Tesla Cybertruck Cyberbeast,TED:Tow fit,6.8,0-10,6.8,not confirmed,2026-10-03,INFERENCE,
gas_candidate,Chevrolet Silverado 1500 Crew Cab short bed 4WD WT,Tesla Cybertruck Cyberbeast,TED:Resale (3-yr retained %),not confirmed,0-10,,not confirmed,2026-10-03,not scored: not confirmed,
gas_candidate,Chevrolet Silverado 1500 Crew Cab short bed 4WD WT,Tesla Cybertruck Cyberbeast,TED:Reliability,not confirmed,0-10,,not confirmed,2026-10-03,not scored: not confirmed,
gas_candidate,Chevrolet Silverado 1500 Crew Cab short bed 4WD WT,Tesla Cybertruck Cyberbeast,TED:Service network,10.0,0-10,10.0,not confirmed,2026-10-03,INFERENCE,
gas_candidate,Chevrolet Silverado 1500 Crew Cab short bed 4WD WT,Tesla Cybertruck Cyberbeast,TED:Longevity (warranty remaining),not confirmed,0-10,,not confirmed,2026-10-03,not scored: not confirmed,
gas_candidate,Chevrolet Silverado 1500 Crew Cab short bed 4WD WT,Tesla Cybertruck Cyberbeast,TED:Energy cents per mile,2.8,0-10,2.8,not confirmed,2026-10-03,INFERENCE,
gas_candidate,Chevrolet Silverado 1500 Crew Cab short bed 4WD WT,Tesla Cybertruck Cyberbeast,TED:Maintenance cents per mile,4.5,0-10,4.5,not confirmed,2026-10-03,INFERENCE,
gas_candidate,Ram 1500 Crew Cab Tradesman 4x4 5.6-ft,Tesla Cybertruck Cyberbeast,payload,1770,lb,6.3,https://www.kbb.com/ram/1500-crew-cab/2025/specs/,2026-10-03,FACT,yes
gas_candidate,Ram 1500 Crew Cab Tradesman 4x4 5.6-ft,Tesla Cybertruck Cyberbeast,tow,not confirmed,lb,,not confirmed,2026-10-03,UNKNOWN,no
gas_candidate,Ram 1500 Crew Cab Tradesman 4x4 5.6-ft,Tesla Cybertruck Cyberbeast,cargo,5.6 ft bed,bed_ft_or_cuft,8.7,https://www.kbb.com/ram/1500-crew-cab/2025/specs/,2026-10-03,FACT,
gas_candidate,Ram 1500 Crew Cab Tradesman 4x4 5.6-ft,Tesla Cybertruck Cyberbeast,cab,3,cab_ordinal_crew3,10.0,https://www.kbb.com/ram/1500-crew-cab/2025/specs/,2026-10-03,FACT,
gas_candidate,Ram 1500 Crew Cab Tradesman 4x4 5.6-ft,Tesla Cybertruck Cyberbeast,range,not confirmed,mi,,not confirmed,2026-10-03,UNKNOWN,no
gas_candidate,Ram 1500 Crew Cab Tradesman 4x4 5.6-ft,Tesla Cybertruck Cyberbeast,tow_range,not confirmed,mi,,not confirmed,2026-10-03,UNKNOWN,
gas_candidate,Ram 1500 Crew Cab Tradesman 4x4 5.6-ft,Tesla Cybertruck Cyberbeast,msrp,46875,usd,,https://www.iseecars.com/car/2025-ram-ram_pickup_1500-price,2026-10-03,FACT,yes
gas_candidate,Ram 1500 Crew Cab Tradesman 4x4 5.6-ft,Tesla Cybertruck Cyberbeast,resale_3yr_retained,not confirmed,percent,,https://www.iseecars.com/resale-value/trucks,2026-10-03,UNKNOWN,
gas_candidate,Ram 1500 Crew Cab Tradesman 4x4 5.6-ft,Tesla Cybertruck Cyberbeast,mpg_combined,19,mpg,,https://www.kbb.com/ram/1500-crew-cab/2025/specs/,2026-10-03,FACT,
gas_candidate,Ram 1500 Crew Cab Tradesman 4x4 5.6-ft,Tesla Cybertruck Cyberbeast,energy_usd_per_mi,0.2187,USD/mi,3.3,https://www.kbb.com/ram/1500-crew-cab/2025/specs/,2026-10-03,INFERENCE,
gas_candidate,Ram 1500 Crew Cab Tradesman 4x4 5.6-ft,Tesla Cybertruck Cyberbeast,maint_usd_per_mi,0.101,USD/mi,4.5,https://www.kbb.com/ram/1500-crew-cab/2025/specs/,2026-10-03,FACT class-level AFDC,
gas_candidate,Ram 1500 Crew Cab Tradesman 4x4 5.6-ft,Tesla Cybertruck Cyberbeast,service_network,9,0-10 ordinal,9,https://www.iseecars.com/car/2025-ram-ram_pickup_1500-price,2026-10-03,INFERENCE,
gas_candidate,Ram 1500 Crew Cab Tradesman 4x4 5.6-ft,Tesla Cybertruck Cyberbeast,class_match,half_ton vs half_ton,class,10.0,https://www.kbb.com/ram/1500-crew-cab/2025/specs/,2026-10-03,INFERENCE,
gas_candidate,Ram 1500 Crew Cab Tradesman 4x4 5.6-ft,Tesla Cybertruck Cyberbeast,rank_metric,4.5,0-10,4.5,https://www.kbb.com/ram/1500-crew-cab/2025/specs/,2026-10-03,INFERENCE,
ev,Tesla Cybertruck Cyberbeast,Tesla Cybertruck Cyberbeast,TED:Range fit,10.0,0-10,10.0,https://www.kbb.com/tesla/cybertruck/2025/,2026-10-03,INFERENCE,
ev,Tesla Cybertruck Cyberbeast,Tesla Cybertruck Cyberbeast,TED:Payload/cargo fit,10.0,0-10,10.0,https://www.kbb.com/tesla/cybertruck/2025/,2026-10-03,INFERENCE,
ev,Tesla Cybertruck Cyberbeast,Tesla Cybertruck Cyberbeast,TED:Cab/crew fit,10.0,0-10,10.0,https://www.kbb.com/tesla/cybertruck/2025/,2026-10-03,INFERENCE,
ev,Tesla Cybertruck Cyberbeast,Tesla Cybertruck Cyberbeast,TED:Tow fit,10.0,0-10,10.0,https://www.kbb.com/tesla/cybertruck/2025/,2026-10-03,INFERENCE,
ev,Tesla Cybertruck Cyberbeast,Tesla Cybertruck Cyberbeast,TED:Resale (3-yr retained %),not confirmed,0-10,,https://www.kbb.com/tesla/cybertruck/2025/,2026-10-03,not scored: not confirmed,
ev,Tesla Cybertruck Cyberbeast,Tesla Cybertruck Cyberbeast,TED:Reliability,not confirmed,0-10,,https://www.kbb.com/tesla/cybertruck/2025/,2026-10-03,not scored: not confirmed,
ev,Tesla Cybertruck Cyberbeast,Tesla Cybertruck Cyberbeast,TED:Service network,5.0,0-10,5.0,https://www.kbb.com/tesla/cybertruck/2025/,2026-10-03,INFERENCE,
ev,Tesla Cybertruck Cyberbeast,Tesla Cybertruck Cyberbeast,TED:Longevity (warranty remaining),not confirmed,0-10,,https://www.kbb.com/tesla/cybertruck/2025/,2026-10-03,not scored: not confirmed,
ev,Tesla Cybertruck Cyberbeast,Tesla Cybertruck Cyberbeast,TED:Energy cents per mile,not confirmed,0-10,,https://www.kbb.com/tesla/cybertruck/2025/,2026-10-03,not scored: not confirmed,
ev,Tesla Cybertruck Cyberbeast,Tesla Cybertruck Cyberbeast,TED:Maintenance cents per mile,8.1,0-10,8.1,https://www.kbb.com/tesla/cybertruck/2025/,2026-10-03,INFERENCE,
gas_candidate,Ram 1500 Crew Cab Tradesman 4x4 5.6-ft,Tesla Cybertruck Cyberbeast,TED:Range fit,not confirmed,0-10,,not confirmed,2026-10-03,not scored: not confirmed,
gas_candidate,Ram 1500 Crew Cab Tradesman 4x4 5.6-ft,Tesla Cybertruck Cyberbeast,TED:Payload/cargo fit,6.3,0-10,6.3,not confirmed,2026-10-03,INFERENCE,
gas_candidate,Ram 1500 Crew Cab Tradesman 4x4 5.6-ft,Tesla Cybertruck Cyberbeast,TED:Cab/crew fit,10.0,0-10,10.0,not confirmed,2026-10-03,INFERENCE,
gas_candidate,Ram 1500 Crew Cab Tradesman 4x4 5.6-ft,Tesla Cybertruck Cyberbeast,TED:Tow fit,not confirmed,0-10,,not confirmed,2026-10-03,not scored: not confirmed,
gas_candidate,Ram 1500 Crew Cab Tradesman 4x4 5.6-ft,Tesla Cybertruck Cyberbeast,TED:Resale (3-yr retained %),not confirmed,0-10,,not confirmed,2026-10-03,not scored: not confirmed,
gas_candidate,Ram 1500 Crew Cab Tradesman 4x4 5.6-ft,Tesla Cybertruck Cyberbeast,TED:Reliability,not confirmed,0-10,,not confirmed,2026-10-03,not scored: not confirmed,
gas_candidate,Ram 1500 Crew Cab Tradesman 4x4 5.6-ft,Tesla Cybertruck Cyberbeast,TED:Service network,9.0,0-10,9.0,not confirmed,2026-10-03,INFERENCE,
gas_candidate,Ram 1500 Crew Cab Tradesman 4x4 5.6-ft,Tesla Cybertruck Cyberbeast,TED:Longevity (warranty remaining),not confirmed,0-10,,not confirmed,2026-10-03,not scored: not confirmed,
gas_candidate,Ram 1500 Crew Cab Tradesman 4x4 5.6-ft,Tesla Cybertruck Cyberbeast,TED:Energy cents per mile,3.3,0-10,3.3,not confirmed,2026-10-03,INFERENCE,
gas_candidate,Ram 1500 Crew Cab Tradesman 4x4 5.6-ft,Tesla Cybertruck Cyberbeast,TED:Maintenance cents per mile,4.5,0-10,4.5,not confirmed,2026-10-03,INFERENCE,
gas_candidate,Ford F-250 Super Duty Regular Cab XL example,Tesla Cybertruck Cyberbeast,payload,not confirmed,lb,,not confirmed,2026-10-03,UNKNOWN,no
gas_candidate,Ford F-250 Super Duty Regular Cab XL example,Tesla Cybertruck Cyberbeast,tow,not confirmed,lb,,not confirmed,2026-10-03,UNKNOWN,no
gas_candidate,Ford F-250 Super Duty Regular Cab XL example,Tesla Cybertruck Cyberbeast,cargo,8.0 ft bed,bed_ft_or_cuft,10.0,not confirmed,2026-10-03,FACT,
gas_candidate,Ford F-250 Super Duty Regular Cab XL example,Tesla Cybertruck Cyberbeast,cab,1,cab_ordinal_crew3,0.0,not confirmed,2026-10-03,FACT,
gas_candidate,Ford F-250 Super Duty Regular Cab XL example,Tesla Cybertruck Cyberbeast,range,not confirmed,mi,,not confirmed,2026-10-03,UNKNOWN,no
gas_candidate,Ford F-250 Super Duty Regular Cab XL example,Tesla Cybertruck Cyberbeast,tow_range,not confirmed,mi,,not confirmed,2026-10-03,UNKNOWN,
gas_candidate,Ford F-250 Super Duty Regular Cab XL example,Tesla Cybertruck Cyberbeast,msrp,not confirmed,usd,,not confirmed,2026-10-03,UNKNOWN,no
gas_candidate,Ford F-250 Super Duty Regular Cab XL example,Tesla Cybertruck Cyberbeast,resale_3yr_retained,not confirmed,percent,,not confirmed,2026-10-03,UNKNOWN,
gas_candidate,Ford F-250 Super Duty Regular Cab XL example,Tesla Cybertruck Cyberbeast,mpg_combined,not confirmed,mpg,,not confirmed,2026-10-03,UNKNOWN,
gas_candidate,Ford F-250 Super Duty Regular Cab XL example,Tesla Cybertruck Cyberbeast,energy_usd_per_mi,not confirmed,USD/mi,,not confirmed,2026-10-03,UNKNOWN,
gas_candidate,Ford F-250 Super Duty Regular Cab XL example,Tesla Cybertruck Cyberbeast,maint_usd_per_mi,0.101,USD/mi,4.5,not confirmed,2026-10-03,FACT class-level AFDC,
gas_candidate,Ford F-250 Super Duty Regular Cab XL example,Tesla Cybertruck Cyberbeast,service_network,10,0-10 ordinal,10,not confirmed,2026-10-03,INFERENCE,
gas_candidate,Ford F-250 Super Duty Regular Cab XL example,Tesla Cybertruck Cyberbeast,class_match,half_ton vs hd,class,6.0,not confirmed,2026-10-03,INFERENCE,
gas_candidate,Ford F-250 Super Duty Regular Cab XL example,Tesla Cybertruck Cyberbeast,rank_metric,1.8,0-10,1.8,not confirmed,2026-10-03,INFERENCE,
ev,Tesla Cybertruck Cyberbeast,Tesla Cybertruck Cyberbeast,TED:Range fit,10.0,0-10,10.0,https://www.kbb.com/tesla/cybertruck/2025/,2026-10-03,INFERENCE,
ev,Tesla Cybertruck Cyberbeast,Tesla Cybertruck Cyberbeast,TED:Payload/cargo fit,10.0,0-10,10.0,https://www.kbb.com/tesla/cybertruck/2025/,2026-10-03,INFERENCE,
ev,Tesla Cybertruck Cyberbeast,Tesla Cybertruck Cyberbeast,TED:Cab/crew fit,10.0,0-10,10.0,https://www.kbb.com/tesla/cybertruck/2025/,2026-10-03,INFERENCE,
ev,Tesla Cybertruck Cyberbeast,Tesla Cybertruck Cyberbeast,TED:Tow fit,10.0,0-10,10.0,https://www.kbb.com/tesla/cybertruck/2025/,2026-10-03,INFERENCE,
ev,Tesla Cybertruck Cyberbeast,Tesla Cybertruck Cyberbeast,TED:Resale (3-yr retained %),not confirmed,0-10,,https://www.kbb.com/tesla/cybertruck/2025/,2026-10-03,not scored: not confirmed,
ev,Tesla Cybertruck Cyberbeast,Tesla Cybertruck Cyberbeast,TED:Reliability,not confirmed,0-10,,https://www.kbb.com/tesla/cybertruck/2025/,2026-10-03,not scored: not confirmed,
ev,Tesla Cybertruck Cyberbeast,Tesla Cybertruck Cyberbeast,TED:Service network,5.0,0-10,5.0,https://www.kbb.com/tesla/cybertruck/2025/,2026-10-03,INFERENCE,
ev,Tesla Cybertruck Cyberbeast,Tesla Cybertruck Cyberbeast,TED:Longevity (warranty remaining),not confirmed,0-10,,https://www.kbb.com/tesla/cybertruck/2025/,2026-10-03,not scored: not confirmed,
ev,Tesla Cybertruck Cyberbeast,Tesla Cybertruck Cyberbeast,TED:Energy cents per mile,not confirmed,0-10,,https://www.kbb.com/tesla/cybertruck/2025/,2026-10-03,not scored: not confirmed,
ev,Tesla Cybertruck Cyberbeast,Tesla Cybertruck Cyberbeast,TED:Maintenance cents per mile,8.1,0-10,8.1,https://www.kbb.com/tesla/cybertruck/2025/,2026-10-03,INFERENCE,
gas_candidate,Ford F-250 Super Duty Regular Cab XL example,Tesla Cybertruck Cyberbeast,TED:Range fit,not confirmed,0-10,,not confirmed,2026-10-03,not scored: not confirmed,
gas_candidate,Ford F-250 Super Duty Regular Cab XL example,Tesla Cybertruck Cyberbeast,TED:Payload/cargo fit,not confirmed,0-10,,not confirmed,2026-10-03,not scored: not confirmed,
gas_candidate,Ford F-250 Super Duty Regular Cab XL example,Tesla Cybertruck Cyberbeast,TED:Cab/crew fit,0.0,0-10,0.0,not confirmed,2026-10-03,INFERENCE,
gas_candidate,Ford F-250 Super Duty Regular Cab XL example,Tesla Cybertruck Cyberbeast,TED:Tow fit,not confirmed,0-10,,not confirmed,2026-10-03,not scored: not confirmed,
gas_candidate,Ford F-250 Super Duty Regular Cab XL example,Tesla Cybertruck Cyberbeast,TED:Resale (3-yr retained %),not confirmed,0-10,,not confirmed,2026-10-03,not scored: not confirmed,
gas_candidate,Ford F-250 Super Duty Regular Cab XL example,Tesla Cybertruck Cyberbeast,TED:Reliability,not confirmed,0-10,,not confirmed,2026-10-03,not scored: not confirmed,
gas_candidate,Ford F-250 Super Duty Regular Cab XL example,Tesla Cybertruck Cyberbeast,TED:Service network,10.0,0-10,10.0,not confirmed,2026-10-03,INFERENCE,
gas_candidate,Ford F-250 Super Duty Regular Cab XL example,Tesla Cybertruck Cyberbeast,TED:Longevity (warranty remaining),not confirmed,0-10,,not confirmed,2026-10-03,not scored: not confirmed,
gas_candidate,Ford F-250 Super Duty Regular Cab XL example,Tesla Cybertruck Cyberbeast,TED:Energy cents per mile,not confirmed,0-10,,not confirmed,2026-10-03,not scored: not confirmed,
gas_candidate,Ford F-250 Super Duty Regular Cab XL example,Tesla Cybertruck Cyberbeast,TED:Maintenance cents per mile,4.5,0-10,4.5,not confirmed,2026-10-03,INFERENCE,
ev,GMC Hummer EV Pickup 2X,GMC Hummer EV Pickup 2X,payload,not confirmed,lb,,not confirmed,2026-10-03,UNKNOWN,no
ev,GMC Hummer EV Pickup 2X,GMC Hummer EV Pickup 2X,tow,not confirmed,lb,,not confirmed,2026-10-03,UNKNOWN,no
ev,GMC Hummer EV Pickup 2X,GMC Hummer EV Pickup 2X,cargo,5.0 ft bed,bed_ft_or_cuft,,not confirmed,2026-10-03,FACT,
ev,GMC Hummer EV Pickup 2X,GMC Hummer EV Pickup 2X,cab,3,cab_ordinal_crew3,,not confirmed,2026-10-03,FACT,
ev,GMC Hummer EV Pickup 2X,GMC Hummer EV Pickup 2X,range,not confirmed,mi,,not confirmed,2026-10-03,UNKNOWN,no
ev,GMC Hummer EV Pickup 2X,GMC Hummer EV Pickup 2X,tow_range,not confirmed,mi,,not confirmed,2026-10-03,UNKNOWN,
ev,GMC Hummer EV Pickup 2X,GMC Hummer EV Pickup 2X,msrp,not confirmed,usd,,not confirmed,2026-10-03,UNKNOWN,no
ev,GMC Hummer EV Pickup 2X,GMC Hummer EV Pickup 2X,resale_3yr_retained,not confirmed,percent,,not confirmed,2026-10-03,UNKNOWN,
ev,GMC Hummer EV Pickup 2X,GMC Hummer EV Pickup 2X,efficiency_kwh_100mi,not confirmed,kWh/100mi,,not confirmed,2026-10-03,UNKNOWN,
ev,GMC Hummer EV Pickup 2X,GMC Hummer EV Pickup 2X,energy_usd_per_mi,not confirmed,USD/mi,,not confirmed,2026-10-03,UNKNOWN,
ev,GMC Hummer EV Pickup 2X,GMC Hummer EV Pickup 2X,maint_usd_per_mi,0.061,USD/mi,,not confirmed,2026-10-03,FACT class-level AFDC,
ev,GMC Hummer EV Pickup 2X,GMC Hummer EV Pickup 2X,service_network,8,0-10 ordinal,8,not confirmed,2026-10-03,INFERENCE,
gas_candidate,Ford F-150 SuperCrew 5.5-ft 4WD XLT,GMC Hummer EV Pickup 2X,payload,2120,lb,,https://www.kbb.com/ford/f150%20supercrew%20cab/2025/xlt-pickup-4d-5-1-2-ft/,2026-10-03,FACT,yes
gas_candidate,Ford F-150 SuperCrew 5.5-ft 4WD XLT,GMC Hummer EV Pickup 2X,tow,7500,lb,,https://www.kbb.com/ford/f150%20supercrew%20cab/2025/xlt-pickup-4d-5-1-2-ft/,2026-10-03,FACT,yes
gas_candidate,Ford F-150 SuperCrew 5.5-ft 4WD XLT,GMC Hummer EV Pickup 2X,cargo,5.5 ft bed,bed_ft_or_cuft,10.0,https://www.kbb.com/ford/f150%20supercrew%20cab/2025/xlt-pickup-4d-5-1-2-ft/,2026-10-03,FACT,
gas_candidate,Ford F-150 SuperCrew 5.5-ft 4WD XLT,GMC Hummer EV Pickup 2X,cab,3,cab_ordinal_crew3,10.0,https://www.kbb.com/ford/f150%20supercrew%20cab/2025/xlt-pickup-4d-5-1-2-ft/,2026-10-03,FACT,
gas_candidate,Ford F-150 SuperCrew 5.5-ft 4WD XLT,GMC Hummer EV Pickup 2X,range,not confirmed,mi,,not confirmed,2026-10-03,UNKNOWN,no
gas_candidate,Ford F-150 SuperCrew 5.5-ft 4WD XLT,GMC Hummer EV Pickup 2X,tow_range,not confirmed,mi,,https://www.kbb.com/ford/f150%20supercrew%20cab/2025/xlt-pickup-4d-5-1-2-ft/,2026-10-03,UNKNOWN,
gas_candidate,Ford F-150 SuperCrew 5.5-ft 4WD XLT,GMC Hummer EV Pickup 2X,msrp,51915,usd,,https://www.carweek.com/research/ford/f-150/2025,2026-10-03,FACT,yes
gas_candidate,Ford F-150 SuperCrew 5.5-ft 4WD XLT,GMC Hummer EV Pickup 2X,resale_3yr_retained,81.2,percent,6.2,https://www.iseecars.com/car/ford-f-150/resale-value,2026-10-03,FACT,
gas_candidate,Ford F-150 SuperCrew 5.5-ft 4WD XLT,GMC Hummer EV Pickup 2X,mpg_combined,20,mpg,,https://www.fueleconomy.gov/feg/bymodel/2025_ford_f150.shtml,2026-10-03,FACT,
gas_candidate,Ford F-150 SuperCrew 5.5-ft 4WD XLT,GMC Hummer EV Pickup 2X,energy_usd_per_mi,0.2078,USD/mi,3.7,https://www.fueleconomy.gov/feg/bymodel/2025_ford_f150.shtml,2026-10-03,INFERENCE,
gas_candidate,Ford F-150 SuperCrew 5.5-ft 4WD XLT,GMC Hummer EV Pickup 2X,maint_usd_per_mi,0.101,USD/mi,4.5,https://www.fueleconomy.gov/feg/bymodel/2025_ford_f150.shtml,2026-10-03,FACT class-level AFDC,
gas_candidate,Ford F-150 SuperCrew 5.5-ft 4WD XLT,GMC Hummer EV Pickup 2X,service_network,10,0-10 ordinal,10,https://www.carweek.com/research/ford/f-150/2025,2026-10-03,INFERENCE,
gas_candidate,Ford F-150 SuperCrew 5.5-ft 4WD XLT,GMC Hummer EV Pickup 2X,class_match,half_ton vs half_ton,class,10.0,https://www.kbb.com/ford/f150%20supercrew%20cab/2025/xlt-pickup-4d-5-1-2-ft/,2026-10-03,INFERENCE,
gas_candidate,Ford F-150 SuperCrew 5.5-ft 4WD XLT,GMC Hummer EV Pickup 2X,rank_metric,3.3,0-10,3.3,https://www.kbb.com/ford/f150%20supercrew%20cab/2025/xlt-pickup-4d-5-1-2-ft/,2026-10-03,INFERENCE,
ev,GMC Hummer EV Pickup 2X,GMC Hummer EV Pickup 2X,TED:Range fit,not confirmed,0-10,,not confirmed,2026-10-03,not scored: not confirmed,
ev,GMC Hummer EV Pickup 2X,GMC Hummer EV Pickup 2X,TED:Payload/cargo fit,not confirmed,0-10,,not confirmed,2026-10-03,not scored: not confirmed,
ev,GMC Hummer EV Pickup 2X,GMC Hummer EV Pickup 2X,TED:Cab/crew fit,10.0,0-10,10.0,not confirmed,2026-10-03,INFERENCE,
ev,GMC Hummer EV Pickup 2X,GMC Hummer EV Pickup 2X,TED:Tow fit,not confirmed,0-10,,not confirmed,2026-10-03,not scored: not confirmed,
ev,GMC Hummer EV Pickup 2X,GMC Hummer EV Pickup 2X,TED:Resale (3-yr retained %),not confirmed,0-10,,not confirmed,2026-10-03,not scored: not confirmed,
ev,GMC Hummer EV Pickup 2X,GMC Hummer EV Pickup 2X,TED:Reliability,not confirmed,0-10,,not confirmed,2026-10-03,not scored: not confirmed,
ev,GMC Hummer EV Pickup 2X,GMC Hummer EV Pickup 2X,TED:Service network,8.0,0-10,8.0,not confirmed,2026-10-03,INFERENCE,
ev,GMC Hummer EV Pickup 2X,GMC Hummer EV Pickup 2X,TED:Longevity (warranty remaining),not confirmed,0-10,,not confirmed,2026-10-03,not scored: not confirmed,
ev,GMC Hummer EV Pickup 2X,GMC Hummer EV Pickup 2X,TED:Energy cents per mile,not confirmed,0-10,,not confirmed,2026-10-03,not scored: not confirmed,
ev,GMC Hummer EV Pickup 2X,GMC Hummer EV Pickup 2X,TED:Maintenance cents per mile,8.1,0-10,8.1,not confirmed,2026-10-03,INFERENCE,
gas_candidate,Ford F-150 SuperCrew 5.5-ft 4WD XLT,GMC Hummer EV Pickup 2X,TED:Range fit,not confirmed,0-10,,not confirmed,2026-10-03,not scored: not confirmed,
gas_candidate,Ford F-150 SuperCrew 5.5-ft 4WD XLT,GMC Hummer EV Pickup 2X,TED:Payload/cargo fit,not confirmed,0-10,,not confirmed,2026-10-03,not scored: not confirmed,
gas_candidate,Ford F-150 SuperCrew 5.5-ft 4WD XLT,GMC Hummer EV Pickup 2X,TED:Cab/crew fit,10.0,0-10,10.0,not confirmed,2026-10-03,INFERENCE,
gas_candidate,Ford F-150 SuperCrew 5.5-ft 4WD XLT,GMC Hummer EV Pickup 2X,TED:Tow fit,not confirmed,0-10,,not confirmed,2026-10-03,not scored: not confirmed,
gas_candidate,Ford F-150 SuperCrew 5.5-ft 4WD XLT,GMC Hummer EV Pickup 2X,TED:Resale (3-yr retained %),6.2,0-10,6.2,not confirmed,2026-10-03,INFERENCE,
gas_candidate,Ford F-150 SuperCrew 5.5-ft 4WD XLT,GMC Hummer EV Pickup 2X,TED:Reliability,not confirmed,0-10,,not confirmed,2026-10-03,not scored: not confirmed,
gas_candidate,Ford F-150 SuperCrew 5.5-ft 4WD XLT,GMC Hummer EV Pickup 2X,TED:Service network,10.0,0-10,10.0,not confirmed,2026-10-03,INFERENCE,
gas_candidate,Ford F-150 SuperCrew 5.5-ft 4WD XLT,GMC Hummer EV Pickup 2X,TED:Longevity (warranty remaining),not confirmed,0-10,,not confirmed,2026-10-03,not scored: not confirmed,
gas_candidate,Ford F-150 SuperCrew 5.5-ft 4WD XLT,GMC Hummer EV Pickup 2X,TED:Energy cents per mile,3.7,0-10,3.7,not confirmed,2026-10-03,INFERENCE,
gas_candidate,Ford F-150 SuperCrew 5.5-ft 4WD XLT,GMC Hummer EV Pickup 2X,TED:Maintenance cents per mile,4.5,0-10,4.5,not confirmed,2026-10-03,INFERENCE,
gas_candidate,Ram 1500 Crew Cab Tradesman 4x4 5.6-ft,GMC Hummer EV Pickup 2X,payload,1770,lb,,https://www.kbb.com/ram/1500-crew-cab/2025/specs/,2026-10-03,FACT,yes
gas_candidate,Ram 1500 Crew Cab Tradesman 4x4 5.6-ft,GMC Hummer EV Pickup 2X,tow,not confirmed,lb,,not confirmed,2026-10-03,UNKNOWN,no
gas_candidate,Ram 1500 Crew Cab Tradesman 4x4 5.6-ft,GMC Hummer EV Pickup 2X,cargo,5.6 ft bed,bed_ft_or_cuft,10.0,https://www.kbb.com/ram/1500-crew-cab/2025/specs/,2026-10-03,FACT,
gas_candidate,Ram 1500 Crew Cab Tradesman 4x4 5.6-ft,GMC Hummer EV Pickup 2X,cab,3,cab_ordinal_crew3,10.0,https://www.kbb.com/ram/1500-crew-cab/2025/specs/,2026-10-03,FACT,
gas_candidate,Ram 1500 Crew Cab Tradesman 4x4 5.6-ft,GMC Hummer EV Pickup 2X,range,not confirmed,mi,,not confirmed,2026-10-03,UNKNOWN,no
gas_candidate,Ram 1500 Crew Cab Tradesman 4x4 5.6-ft,GMC Hummer EV Pickup 2X,tow_range,not confirmed,mi,,not confirmed,2026-10-03,UNKNOWN,
gas_candidate,Ram 1500 Crew Cab Tradesman 4x4 5.6-ft,GMC Hummer EV Pickup 2X,msrp,46875,usd,,https://www.iseecars.com/car/2025-ram-ram_pickup_1500-price,2026-10-03,FACT,yes
gas_candidate,Ram 1500 Crew Cab Tradesman 4x4 5.6-ft,GMC Hummer EV Pickup 2X,resale_3yr_retained,not confirmed,percent,,https://www.iseecars.com/resale-value/trucks,2026-10-03,UNKNOWN,
gas_candidate,Ram 1500 Crew Cab Tradesman 4x4 5.6-ft,GMC Hummer EV Pickup 2X,mpg_combined,19,mpg,,https://www.kbb.com/ram/1500-crew-cab/2025/specs/,2026-10-03,FACT,
gas_candidate,Ram 1500 Crew Cab Tradesman 4x4 5.6-ft,GMC Hummer EV Pickup 2X,energy_usd_per_mi,0.2187,USD/mi,3.3,https://www.kbb.com/ram/1500-crew-cab/2025/specs/,2026-10-03,INFERENCE,
gas_candidate,Ram 1500 Crew Cab Tradesman 4x4 5.6-ft,GMC Hummer EV Pickup 2X,maint_usd_per_mi,0.101,USD/mi,4.5,https://www.kbb.com/ram/1500-crew-cab/2025/specs/,2026-10-03,FACT class-level AFDC,
gas_candidate,Ram 1500 Crew Cab Tradesman 4x4 5.6-ft,GMC Hummer EV Pickup 2X,service_network,9,0-10 ordinal,9,https://www.iseecars.com/car/2025-ram-ram_pickup_1500-price,2026-10-03,INFERENCE,
gas_candidate,Ram 1500 Crew Cab Tradesman 4x4 5.6-ft,GMC Hummer EV Pickup 2X,class_match,half_ton vs half_ton,class,10.0,https://www.kbb.com/ram/1500-crew-cab/2025/specs/,2026-10-03,INFERENCE,
gas_candidate,Ram 1500 Crew Cab Tradesman 4x4 5.6-ft,GMC Hummer EV Pickup 2X,rank_metric,3.3,0-10,3.3,https://www.kbb.com/ram/1500-crew-cab/2025/specs/,2026-10-03,INFERENCE,
ev,GMC Hummer EV Pickup 2X,GMC Hummer EV Pickup 2X,TED:Range fit,not confirmed,0-10,,not confirmed,2026-10-03,not scored: not confirmed,
ev,GMC Hummer EV Pickup 2X,GMC Hummer EV Pickup 2X,TED:Payload/cargo fit,not confirmed,0-10,,not confirmed,2026-10-03,not scored: not confirmed,
ev,GMC Hummer EV Pickup 2X,GMC Hummer EV Pickup 2X,TED:Cab/crew fit,10.0,0-10,10.0,not confirmed,2026-10-03,INFERENCE,
ev,GMC Hummer EV Pickup 2X,GMC Hummer EV Pickup 2X,TED:Tow fit,not confirmed,0-10,,not confirmed,2026-10-03,not scored: not confirmed,
ev,GMC Hummer EV Pickup 2X,GMC Hummer EV Pickup 2X,TED:Resale (3-yr retained %),not confirmed,0-10,,not confirmed,2026-10-03,not scored: not confirmed,
ev,GMC Hummer EV Pickup 2X,GMC Hummer EV Pickup 2X,TED:Reliability,not confirmed,0-10,,not confirmed,2026-10-03,not scored: not confirmed,
ev,GMC Hummer EV Pickup 2X,GMC Hummer EV Pickup 2X,TED:Service network,8.0,0-10,8.0,not confirmed,2026-10-03,INFERENCE,
ev,GMC Hummer EV Pickup 2X,GMC Hummer EV Pickup 2X,TED:Longevity (warranty remaining),not confirmed,0-10,,not confirmed,2026-10-03,not scored: not confirmed,
ev,GMC Hummer EV Pickup 2X,GMC Hummer EV Pickup 2X,TED:Energy cents per mile,not confirmed,0-10,,not confirmed,2026-10-03,not scored: not confirmed,
ev,GMC Hummer EV Pickup 2X,GMC Hummer EV Pickup 2X,TED:Maintenance cents per mile,8.1,0-10,8.1,not confirmed,2026-10-03,INFERENCE,
gas_candidate,Ram 1500 Crew Cab Tradesman 4x4 5.6-ft,GMC Hummer EV Pickup 2X,TED:Range fit,not confirmed,0-10,,not confirmed,2026-10-03,not scored: not confirmed,
gas_candidate,Ram 1500 Crew Cab Tradesman 4x4 5.6-ft,GMC Hummer EV Pickup 2X,TED:Payload/cargo fit,not confirmed,0-10,,not confirmed,2026-10-03,not scored: not confirmed,
gas_candidate,Ram 1500 Crew Cab Tradesman 4x4 5.6-ft,GMC Hummer EV Pickup 2X,TED:Cab/crew fit,10.0,0-10,10.0,not confirmed,2026-10-03,INFERENCE,
gas_candidate,Ram 1500 Crew Cab Tradesman 4x4 5.6-ft,GMC Hummer EV Pickup 2X,TED:Tow fit,not confirmed,0-10,,not confirmed,2026-10-03,not scored: not confirmed,
gas_candidate,Ram 1500 Crew Cab Tradesman 4x4 5.6-ft,GMC Hummer EV Pickup 2X,TED:Resale (3-yr retained %),not confirmed,0-10,,not confirmed,2026-10-03,not scored: not confirmed,
gas_candidate,Ram 1500 Crew Cab Tradesman 4x4 5.6-ft,GMC Hummer EV Pickup 2X,TED:Reliability,not confirmed,0-10,,not confirmed,2026-10-03,not scored: not confirmed,
gas_candidate,Ram 1500 Crew Cab Tradesman 4x4 5.6-ft,GMC Hummer EV Pickup 2X,TED:Service network,9.0,0-10,9.0,not confirmed,2026-10-03,INFERENCE,
gas_candidate,Ram 1500 Crew Cab Tradesman 4x4 5.6-ft,GMC Hummer EV Pickup 2X,TED:Longevity (warranty remaining),not confirmed,0-10,,not confirmed,2026-10-03,not scored: not confirmed,
gas_candidate,Ram 1500 Crew Cab Tradesman 4x4 5.6-ft,GMC Hummer EV Pickup 2X,TED:Energy cents per mile,3.3,0-10,3.3,not confirmed,2026-10-03,INFERENCE,
gas_candidate,Ram 1500 Crew Cab Tradesman 4x4 5.6-ft,GMC Hummer EV Pickup 2X,TED:Maintenance cents per mile,4.5,0-10,4.5,not confirmed,2026-10-03,INFERENCE,
gas_candidate,GMC Sierra 1500 Crew Cab Denali 4WD short bed,GMC Hummer EV Pickup 2X,payload,1960,lb,,https://www.kbb.com/gmc/sierra-1500-crew-cab/2025/denali-pickup-4d-5-3-4-ft/,2026-10-03,FACT,yes
gas_candidate,GMC Sierra 1500 Crew Cab Denali 4WD short bed,GMC Hummer EV Pickup 2X,tow,13000,lb,,https://www.kbb.com/gmc/sierra-1500-crew-cab/2025/denali-pickup-4d-5-3-4-ft/,2026-10-03,FACT,yes
gas_candidate,GMC Sierra 1500 Crew Cab Denali 4WD short bed,GMC Hummer EV Pickup 2X,cargo,5.75 ft bed,bed_ft_or_cuft,10.0,https://www.kbb.com/gmc/sierra-1500-crew-cab/2025/denali-pickup-4d-5-3-4-ft/,2026-10-03,FACT,
gas_candidate,GMC Sierra 1500 Crew Cab Denali 4WD short bed,GMC Hummer EV Pickup 2X,cab,3,cab_ordinal_crew3,10.0,https://www.kbb.com/gmc/sierra-1500-crew-cab/2025/denali-pickup-4d-5-3-4-ft/,2026-10-03,FACT,
gas_candidate,GMC Sierra 1500 Crew Cab Denali 4WD short bed,GMC Hummer EV Pickup 2X,range,not confirmed,mi,,not confirmed,2026-10-03,UNKNOWN,no
gas_candidate,GMC Sierra 1500 Crew Cab Denali 4WD short bed,GMC Hummer EV Pickup 2X,tow_range,not confirmed,mi,,https://www.kbb.com/gmc/sierra-1500-crew-cab/2025/denali-pickup-4d-5-3-4-ft/,2026-10-03,UNKNOWN,
gas_candidate,GMC Sierra 1500 Crew Cab Denali 4WD short bed,GMC Hummer EV Pickup 2X,msrp,67595,usd,,https://www.kbb.com/gmc/sierra-1500-crew-cab/2025/,2026-10-03,FACT,yes
gas_candidate,GMC Sierra 1500 Crew Cab Denali 4WD short bed,GMC Hummer EV Pickup 2X,resale_3yr_retained,not confirmed,percent,,https://www.iseecars.com/resale-value/trucks,2026-10-03,UNKNOWN,
gas_candidate,GMC Sierra 1500 Crew Cab Denali 4WD short bed,GMC Hummer EV Pickup 2X,mpg_combined,17,mpg,,https://www.kbb.com/gmc/sierra-1500-crew-cab/2025/denali-pickup-4d-5-3-4-ft/,2026-10-03,FACT,
gas_candidate,GMC Sierra 1500 Crew Cab Denali 4WD short bed,GMC Hummer EV Pickup 2X,energy_usd_per_mi,0.2444,USD/mi,2.2,https://www.kbb.com/gmc/sierra-1500-crew-cab/2025/denali-pickup-4d-5-3-4-ft/,2026-10-03,INFERENCE,
gas_candidate,GMC Sierra 1500 Crew Cab Denali 4WD short bed,GMC Hummer EV Pickup 2X,maint_usd_per_mi,0.101,USD/mi,4.5,https://www.kbb.com/gmc/sierra-1500-crew-cab/2025/denali-pickup-4d-5-3-4-ft/,2026-10-03,FACT class-level AFDC,
gas_candidate,GMC Sierra 1500 Crew Cab Denali 4WD short bed,GMC Hummer EV Pickup 2X,service_network,9,0-10 ordinal,9,https://www.kbb.com/gmc/sierra-1500-crew-cab/2025/,2026-10-03,INFERENCE,
gas_candidate,GMC Sierra 1500 Crew Cab Denali 4WD short bed,GMC Hummer EV Pickup 2X,class_match,half_ton vs half_ton,class,10.0,https://www.kbb.com/gmc/sierra-1500-crew-cab/2025/denali-pickup-4d-5-3-4-ft/,2026-10-03,INFERENCE,
gas_candidate,GMC Sierra 1500 Crew Cab Denali 4WD short bed,GMC Hummer EV Pickup 2X,rank_metric,3.3,0-10,3.3,https://www.kbb.com/gmc/sierra-1500-crew-cab/2025/denali-pickup-4d-5-3-4-ft/,2026-10-03,INFERENCE,
ev,GMC Hummer EV Pickup 2X,GMC Hummer EV Pickup 2X,TED:Range fit,not confirmed,0-10,,not confirmed,2026-10-03,not scored: not confirmed,
ev,GMC Hummer EV Pickup 2X,GMC Hummer EV Pickup 2X,TED:Payload/cargo fit,not confirmed,0-10,,not confirmed,2026-10-03,not scored: not confirmed,
ev,GMC Hummer EV Pickup 2X,GMC Hummer EV Pickup 2X,TED:Cab/crew fit,10.0,0-10,10.0,not confirmed,2026-10-03,INFERENCE,
ev,GMC Hummer EV Pickup 2X,GMC Hummer EV Pickup 2X,TED:Tow fit,not confirmed,0-10,,not confirmed,2026-10-03,not scored: not confirmed,
ev,GMC Hummer EV Pickup 2X,GMC Hummer EV Pickup 2X,TED:Resale (3-yr retained %),not confirmed,0-10,,not confirmed,2026-10-03,not scored: not confirmed,
ev,GMC Hummer EV Pickup 2X,GMC Hummer EV Pickup 2X,TED:Reliability,not confirmed,0-10,,not confirmed,2026-10-03,not scored: not confirmed,
ev,GMC Hummer EV Pickup 2X,GMC Hummer EV Pickup 2X,TED:Service network,8.0,0-10,8.0,not confirmed,2026-10-03,INFERENCE,
ev,GMC Hummer EV Pickup 2X,GMC Hummer EV Pickup 2X,TED:Longevity (warranty remaining),not confirmed,0-10,,not confirmed,2026-10-03,not scored: not confirmed,
ev,GMC Hummer EV Pickup 2X,GMC Hummer EV Pickup 2X,TED:Energy cents per mile,not confirmed,0-10,,not confirmed,2026-10-03,not scored: not confirmed,
ev,GMC Hummer EV Pickup 2X,GMC Hummer EV Pickup 2X,TED:Maintenance cents per mile,8.1,0-10,8.1,not confirmed,2026-10-03,INFERENCE,
gas_candidate,GMC Sierra 1500 Crew Cab Denali 4WD short bed,GMC Hummer EV Pickup 2X,TED:Range fit,not confirmed,0-10,,not confirmed,2026-10-03,not scored: not confirmed,
gas_candidate,GMC Sierra 1500 Crew Cab Denali 4WD short bed,GMC Hummer EV Pickup 2X,TED:Payload/cargo fit,not confirmed,0-10,,not confirmed,2026-10-03,not scored: not confirmed,
gas_candidate,GMC Sierra 1500 Crew Cab Denali 4WD short bed,GMC Hummer EV Pickup 2X,TED:Cab/crew fit,10.0,0-10,10.0,not confirmed,2026-10-03,INFERENCE,
gas_candidate,GMC Sierra 1500 Crew Cab Denali 4WD short bed,GMC Hummer EV Pickup 2X,TED:Tow fit,not confirmed,0-10,,not confirmed,2026-10-03,not scored: not confirmed,
gas_candidate,GMC Sierra 1500 Crew Cab Denali 4WD short bed,GMC Hummer EV Pickup 2X,TED:Resale (3-yr retained %),not confirmed,0-10,,not confirmed,2026-10-03,not scored: not confirmed,
gas_candidate,GMC Sierra 1500 Crew Cab Denali 4WD short bed,GMC Hummer EV Pickup 2X,TED:Reliability,not confirmed,0-10,,not confirmed,2026-10-03,not scored: not confirmed,
gas_candidate,GMC Sierra 1500 Crew Cab Denali 4WD short bed,GMC Hummer EV Pickup 2X,TED:Service network,9.0,0-10,9.0,not confirmed,2026-10-03,INFERENCE,
gas_candidate,GMC Sierra 1500 Crew Cab Denali 4WD short bed,GMC Hummer EV Pickup 2X,TED:Longevity (warranty remaining),not confirmed,0-10,,not confirmed,2026-10-03,not scored: not confirmed,
gas_candidate,GMC Sierra 1500 Crew Cab Denali 4WD short bed,GMC Hummer EV Pickup 2X,TED:Energy cents per mile,2.2,0-10,2.2,not confirmed,2026-10-03,INFERENCE,
gas_candidate,GMC Sierra 1500 Crew Cab Denali 4WD short bed,GMC Hummer EV Pickup 2X,TED:Maintenance cents per mile,4.5,0-10,4.5,not confirmed,2026-10-03,INFERENCE,
gas_candidate,Chevrolet Silverado 1500 Crew Cab short bed 4WD WT,GMC Hummer EV Pickup 2X,payload,not confirmed,lb,,not confirmed,2026-10-03,UNKNOWN,no
gas_candidate,Chevrolet Silverado 1500 Crew Cab short bed 4WD WT,GMC Hummer EV Pickup 2X,tow,9400,lb,,https://cars.usnews.com/cars-trucks/chevrolet/silverado-1500/2025/specs/silverado-1500-crew-cab-short-box-4-wheel-drive-wt-458792,2026-10-03,FACT,yes
gas_candidate,Chevrolet Silverado 1500 Crew Cab short bed 4WD WT,GMC Hummer EV Pickup 2X,cargo,5.8 ft bed,bed_ft_or_cuft,10.0,not confirmed,2026-10-03,FACT,no
gas_candidate,Chevrolet Silverado 1500 Crew Cab short bed 4WD WT,GMC Hummer EV Pickup 2X,cab,3,cab_ordinal_crew3,10.0,https://cars.usnews.com/cars-trucks/chevrolet/silverado-1500/2025/specs/silverado-1500-crew-cab-short-box-4-wheel-drive-wt-458792,2026-10-03,FACT,
gas_candidate,Chevrolet Silverado 1500 Crew Cab short bed 4WD WT,GMC Hummer EV Pickup 2X,range,not confirmed,mi,,not confirmed,2026-10-03,UNKNOWN,no
gas_candidate,Chevrolet Silverado 1500 Crew Cab short bed 4WD WT,GMC Hummer EV Pickup 2X,tow_range,not confirmed,mi,,https://cars.usnews.com/cars-trucks/chevrolet/silverado-1500/2025/specs/silverado-1500-crew-cab-short-box-4-wheel-drive-wt-458792,2026-10-03,UNKNOWN,
gas_candidate,Chevrolet Silverado 1500 Crew Cab short bed 4WD WT,GMC Hummer EV Pickup 2X,msrp,46000,usd,,https://www.cars.com/research/chevrolet-silverado_1500-2025/,2026-10-03,FACT,yes
gas_candidate,Chevrolet Silverado 1500 Crew Cab short bed 4WD WT,GMC Hummer EV Pickup 2X,resale_3yr_retained,not confirmed,percent,,not confirmed,2026-10-03,UNKNOWN,
gas_candidate,Chevrolet Silverado 1500 Crew Cab short bed 4WD WT,GMC Hummer EV Pickup 2X,mpg_combined,18,mpg,,https://cars.usnews.com/cars-trucks/chevrolet/silverado-1500/2025/specs/silverado-1500-crew-cab-short-box-4-wheel-drive-wt-458792,2026-10-03,FACT,
gas_candidate,Chevrolet Silverado 1500 Crew Cab short bed 4WD WT,GMC Hummer EV Pickup 2X,energy_usd_per_mi,0.2308,USD/mi,2.8,https://cars.usnews.com/cars-trucks/chevrolet/silverado-1500/2025/specs/silverado-1500-crew-cab-short-box-4-wheel-drive-wt-458792,2026-10-03,INFERENCE,
gas_candidate,Chevrolet Silverado 1500 Crew Cab short bed 4WD WT,GMC Hummer EV Pickup 2X,maint_usd_per_mi,0.101,USD/mi,4.5,https://cars.usnews.com/cars-trucks/chevrolet/silverado-1500/2025/specs/silverado-1500-crew-cab-short-box-4-wheel-drive-wt-458792,2026-10-03,FACT class-level AFDC,
gas_candidate,Chevrolet Silverado 1500 Crew Cab short bed 4WD WT,GMC Hummer EV Pickup 2X,service_network,10,0-10 ordinal,10,https://www.cars.com/research/chevrolet-silverado_1500-2025/,2026-10-03,INFERENCE,
gas_candidate,Chevrolet Silverado 1500 Crew Cab short bed 4WD WT,GMC Hummer EV Pickup 2X,class_match,half_ton vs half_ton,class,10.0,not confirmed,2026-10-03,INFERENCE,
gas_candidate,Chevrolet Silverado 1500 Crew Cab short bed 4WD WT,GMC Hummer EV Pickup 2X,rank_metric,3.3,0-10,3.3,not confirmed,2026-10-03,INFERENCE,
ev,GMC Hummer EV Pickup 2X,GMC Hummer EV Pickup 2X,TED:Range fit,not confirmed,0-10,,not confirmed,2026-10-03,not scored: not confirmed,
ev,GMC Hummer EV Pickup 2X,GMC Hummer EV Pickup 2X,TED:Payload/cargo fit,not confirmed,0-10,,not confirmed,2026-10-03,not scored: not confirmed,
ev,GMC Hummer EV Pickup 2X,GMC Hummer EV Pickup 2X,TED:Cab/crew fit,10.0,0-10,10.0,not confirmed,2026-10-03,INFERENCE,
ev,GMC Hummer EV Pickup 2X,GMC Hummer EV Pickup 2X,TED:Tow fit,not confirmed,0-10,,not confirmed,2026-10-03,not scored: not confirmed,
ev,GMC Hummer EV Pickup 2X,GMC Hummer EV Pickup 2X,TED:Resale (3-yr retained %),not confirmed,0-10,,not confirmed,2026-10-03,not scored: not confirmed,
ev,GMC Hummer EV Pickup 2X,GMC Hummer EV Pickup 2X,TED:Reliability,not confirmed,0-10,,not confirmed,2026-10-03,not scored: not confirmed,
ev,GMC Hummer EV Pickup 2X,GMC Hummer EV Pickup 2X,TED:Service network,8.0,0-10,8.0,not confirmed,2026-10-03,INFERENCE,
ev,GMC Hummer EV Pickup 2X,GMC Hummer EV Pickup 2X,TED:Longevity (warranty remaining),not confirmed,0-10,,not confirmed,2026-10-03,not scored: not confirmed,
ev,GMC Hummer EV Pickup 2X,GMC Hummer EV Pickup 2X,TED:Energy cents per mile,not confirmed,0-10,,not confirmed,2026-10-03,not scored: not confirmed,
ev,GMC Hummer EV Pickup 2X,GMC Hummer EV Pickup 2X,TED:Maintenance cents per mile,8.1,0-10,8.1,not confirmed,2026-10-03,INFERENCE,
gas_candidate,Chevrolet Silverado 1500 Crew Cab short bed 4WD WT,GMC Hummer EV Pickup 2X,TED:Range fit,not confirmed,0-10,,not confirmed,2026-10-03,not scored: not confirmed,
gas_candidate,Chevrolet Silverado 1500 Crew Cab short bed 4WD WT,GMC Hummer EV Pickup 2X,TED:Payload/cargo fit,not confirmed,0-10,,not confirmed,2026-10-03,not scored: not confirmed,
gas_candidate,Chevrolet Silverado 1500 Crew Cab short bed 4WD WT,GMC Hummer EV Pickup 2X,TED:Cab/crew fit,10.0,0-10,10.0,not confirmed,2026-10-03,INFERENCE,
gas_candidate,Chevrolet Silverado 1500 Crew Cab short bed 4WD WT,GMC Hummer EV Pickup 2X,TED:Tow fit,not confirmed,0-10,,not confirmed,2026-10-03,not scored: not confirmed,
gas_candidate,Chevrolet Silverado 1500 Crew Cab short bed 4WD WT,GMC Hummer EV Pickup 2X,TED:Resale (3-yr retained %),not confirmed,0-10,,not confirmed,2026-10-03,not scored: not confirmed,
gas_candidate,Chevrolet Silverado 1500 Crew Cab short bed 4WD WT,GMC Hummer EV Pickup 2X,TED:Reliability,not confirmed,0-10,,not confirmed,2026-10-03,not scored: not confirmed,
gas_candidate,Chevrolet Silverado 1500 Crew Cab short bed 4WD WT,GMC Hummer EV Pickup 2X,TED:Service network,10.0,0-10,10.0,not confirmed,2026-10-03,INFERENCE,
gas_candidate,Chevrolet Silverado 1500 Crew Cab short bed 4WD WT,GMC Hummer EV Pickup 2X,TED:Longevity (warranty remaining),not confirmed,0-10,,not confirmed,2026-10-03,not scored: not confirmed,
gas_candidate,Chevrolet Silverado 1500 Crew Cab short bed 4WD WT,GMC Hummer EV Pickup 2X,TED:Energy cents per mile,2.8,0-10,2.8,not confirmed,2026-10-03,INFERENCE,
gas_candidate,Chevrolet Silverado 1500 Crew Cab short bed 4WD WT,GMC Hummer EV Pickup 2X,TED:Maintenance cents per mile,4.5,0-10,4.5,not confirmed,2026-10-03,INFERENCE,
ev,Ford E-Transit Cargo Long medium roof,Ford E-Transit Cargo Long medium roof,payload,3100,lb,,https://www.ford.ca/commercial-trucks/e-transit/features/,2026-10-03,FACT,yes
ev,Ford E-Transit Cargo Long medium roof,Ford E-Transit Cargo Long medium roof,tow,0,lb,,https://www.caranddriver.com/ford/e-transit-2025,2026-10-03,FACT,yes
ev,Ford E-Transit Cargo Long medium roof,Ford E-Transit Cargo Long medium roof,cargo,357.1 cu ft,bed_ft_or_cuft,,https://www.kbb.com/ford/e-transit-350-cargo-van/2025/specs/,2026-10-03,FACT,
ev,Ford E-Transit Cargo Long medium roof,Ford E-Transit Cargo Long medium roof,cab,2,cab_ordinal_crew3,,https://www.kbb.com/ford/e-transit-350-cargo-van/2025/,2026-10-03,FACT,
ev,Ford E-Transit Cargo Long medium roof,Ford E-Transit Cargo Long medium roof,range,148,mi,,https://www.kbb.com/ford/e-transit-350-cargo-van/2025/specs/,2026-10-03,FACT,yes
ev,Ford E-Transit Cargo Long medium roof,Ford E-Transit Cargo Long medium roof,tow_range,not rated US,mi,,https://www.caranddriver.com/ford/e-transit-2025,2026-10-03,UNKNOWN,
ev,Ford E-Transit Cargo Long medium roof,Ford E-Transit Cargo Long medium roof,msrp,54405,usd,,https://www.kbb.com/ford/e-transit-350-cargo-van/2025/,2026-10-03,FACT,yes
ev,Ford E-Transit Cargo Long medium roof,Ford E-Transit Cargo Long medium roof,resale_3yr_retained,not confirmed,percent,,not confirmed,2026-10-03,UNKNOWN,
ev,Ford E-Transit Cargo Long medium roof,Ford E-Transit Cargo Long medium roof,efficiency_kwh_100mi,not confirmed,kWh/100mi,,not confirmed,2026-10-03,UNKNOWN,
ev,Ford E-Transit Cargo Long medium roof,Ford E-Transit Cargo Long medium roof,energy_usd_per_mi,not confirmed,USD/mi,,not confirmed,2026-10-03,UNKNOWN,
ev,Ford E-Transit Cargo Long medium roof,Ford E-Transit Cargo Long medium roof,maint_usd_per_mi,0.061,USD/mi,,not confirmed,2026-10-03,FACT class-level AFDC,
ev,Ford E-Transit Cargo Long medium roof,Ford E-Transit Cargo Long medium roof,service_network,9,0-10 ordinal,9,https://www.kbb.com/ford/e-transit-350-cargo-van/2025/,2026-10-03,INFERENCE,
gas_candidate,Ford Transit Cargo Medium Roof LWB T-250,Ford E-Transit Cargo Long medium roof,payload,3834,lb,10.0,https://www.merchantsfleet.com/fleet-vehicles/ford-transit-250-cargo/,2026-10-03,FACT,yes
gas_candidate,Ford Transit Cargo Medium Roof LWB T-250,Ford E-Transit Cargo Long medium roof,tow,5000,lb,8.0,https://www.merchantsfleet.com/fleet-vehicles/ford-transit-250-cargo/,2026-10-03,FACT,yes
gas_candidate,Ford Transit Cargo Medium Roof LWB T-250,Ford E-Transit Cargo Long medium roof,cargo,357.1 cu ft,bed_ft_or_cuft,10.0,https://www.kbb.com/ford/transit-250-cargo-van/2025/specs/,2026-10-03,FACT,
gas_candidate,Ford Transit Cargo Medium Roof LWB T-250,Ford E-Transit Cargo Long medium roof,cab,2,cab_ordinal_crew3,10.0,https://www.kbb.com/ford/transit-250-cargo-van/2025/medium-roof-w-lwb/,2026-10-03,FACT,
gas_candidate,Ford Transit Cargo Medium Roof LWB T-250,Ford E-Transit Cargo Long medium roof,range,not confirmed,mi,,not confirmed,2026-10-03,UNKNOWN,no
gas_candidate,Ford Transit Cargo Medium Roof LWB T-250,Ford E-Transit Cargo Long medium roof,tow_range,not confirmed,mi,,https://www.merchantsfleet.com/fleet-vehicles/ford-transit-250-cargo/,2026-10-03,UNKNOWN,
gas_candidate,Ford Transit Cargo Medium Roof LWB T-250,Ford E-Transit Cargo Long medium roof,msrp,56795,usd,9.4,https://www.kbb.com/ford/transit-250-cargo-van/2025/specs/,2026-10-03,FACT,yes
gas_candidate,Ford Transit Cargo Medium Roof LWB T-250,Ford E-Transit Cargo Long medium roof,resale_3yr_retained,not confirmed,percent,,not confirmed,2026-10-03,UNKNOWN,
gas_candidate,Ford Transit Cargo Medium Roof LWB T-250,Ford E-Transit Cargo Long medium roof,mpg_combined,not confirmed,mpg,,not confirmed,2026-10-03,UNKNOWN,
gas_candidate,Ford Transit Cargo Medium Roof LWB T-250,Ford E-Transit Cargo Long medium roof,energy_usd_per_mi,not confirmed,USD/mi,,not confirmed,2026-10-03,UNKNOWN,
gas_candidate,Ford Transit Cargo Medium Roof LWB T-250,Ford E-Transit Cargo Long medium roof,maint_usd_per_mi,0.101,USD/mi,4.5,not confirmed,2026-10-03,FACT class-level AFDC,
gas_candidate,Ford Transit Cargo Medium Roof LWB T-250,Ford E-Transit Cargo Long medium roof,service_network,10,0-10 ordinal,10,https://www.kbb.com/ford/transit-250-cargo-van/2025/specs/,2026-10-03,INFERENCE,
gas_candidate,Ford Transit Cargo Medium Roof LWB T-250,Ford E-Transit Cargo Long medium roof,class_match,full_van vs full_van,class,10.0,https://www.kbb.com/ford/transit-250-cargo-van/2025/specs/,2026-10-03,INFERENCE,
gas_candidate,Ford Transit Cargo Medium Roof LWB T-250,Ford E-Transit Cargo Long medium roof,rank_metric,8.1,0-10,8.1,https://www.kbb.com/ford/transit-250-cargo-van/2025/specs/,2026-10-03,INFERENCE,
ev,Ford E-Transit Cargo Long medium roof,Ford E-Transit Cargo Long medium roof,TED:Range fit,10.0,0-10,10.0,https://www.kbb.com/ford/e-transit-350-cargo-van/2025/specs/,2026-10-03,INFERENCE,
ev,Ford E-Transit Cargo Long medium roof,Ford E-Transit Cargo Long medium roof,TED:Payload/cargo fit,10.0,0-10,10.0,https://www.kbb.com/ford/e-transit-350-cargo-van/2025/specs/,2026-10-03,INFERENCE,
ev,Ford E-Transit Cargo Long medium roof,Ford E-Transit Cargo Long medium roof,TED:Cab/crew fit,10.0,0-10,10.0,https://www.kbb.com/ford/e-transit-350-cargo-van/2025/specs/,2026-10-03,INFERENCE,
ev,Ford E-Transit Cargo Long medium roof,Ford E-Transit Cargo Long medium roof,TED:Tow fit,10.0,0-10,10.0,https://www.kbb.com/ford/e-transit-350-cargo-van/2025/specs/,2026-10-03,INFERENCE,
ev,Ford E-Transit Cargo Long medium roof,Ford E-Transit Cargo Long medium roof,TED:Resale (3-yr retained %),not confirmed,0-10,,https://www.kbb.com/ford/e-transit-350-cargo-van/2025/specs/,2026-10-03,not scored: not confirmed,
ev,Ford E-Transit Cargo Long medium roof,Ford E-Transit Cargo Long medium roof,TED:Reliability,not confirmed,0-10,,https://www.kbb.com/ford/e-transit-350-cargo-van/2025/specs/,2026-10-03,not scored: not confirmed,
ev,Ford E-Transit Cargo Long medium roof,Ford E-Transit Cargo Long medium roof,TED:Service network,9.0,0-10,9.0,https://www.kbb.com/ford/e-transit-350-cargo-van/2025/specs/,2026-10-03,INFERENCE,
ev,Ford E-Transit Cargo Long medium roof,Ford E-Transit Cargo Long medium roof,TED:Longevity (warranty remaining),not confirmed,0-10,,https://www.kbb.com/ford/e-transit-350-cargo-van/2025/specs/,2026-10-03,not scored: not confirmed,
ev,Ford E-Transit Cargo Long medium roof,Ford E-Transit Cargo Long medium roof,TED:Energy cents per mile,not confirmed,0-10,,https://www.kbb.com/ford/e-transit-350-cargo-van/2025/specs/,2026-10-03,not scored: not confirmed,
ev,Ford E-Transit Cargo Long medium roof,Ford E-Transit Cargo Long medium roof,TED:Maintenance cents per mile,8.1,0-10,8.1,https://www.kbb.com/ford/e-transit-350-cargo-van/2025/specs/,2026-10-03,INFERENCE,
gas_candidate,Ford Transit Cargo Medium Roof LWB T-250,Ford E-Transit Cargo Long medium roof,TED:Range fit,not confirmed,0-10,,not confirmed,2026-10-03,not scored: not confirmed,
gas_candidate,Ford Transit Cargo Medium Roof LWB T-250,Ford E-Transit Cargo Long medium roof,TED:Payload/cargo fit,10.0,0-10,10.0,not confirmed,2026-10-03,INFERENCE,
gas_candidate,Ford Transit Cargo Medium Roof LWB T-250,Ford E-Transit Cargo Long medium roof,TED:Cab/crew fit,10.0,0-10,10.0,not confirmed,2026-10-03,INFERENCE,
gas_candidate,Ford Transit Cargo Medium Roof LWB T-250,Ford E-Transit Cargo Long medium roof,TED:Tow fit,7.0,0-10,7.0,not confirmed,2026-10-03,INFERENCE,
gas_candidate,Ford Transit Cargo Medium Roof LWB T-250,Ford E-Transit Cargo Long medium roof,TED:Resale (3-yr retained %),not confirmed,0-10,,not confirmed,2026-10-03,not scored: not confirmed,
gas_candidate,Ford Transit Cargo Medium Roof LWB T-250,Ford E-Transit Cargo Long medium roof,TED:Reliability,not confirmed,0-10,,not confirmed,2026-10-03,not scored: not confirmed,
gas_candidate,Ford Transit Cargo Medium Roof LWB T-250,Ford E-Transit Cargo Long medium roof,TED:Service network,10.0,0-10,10.0,not confirmed,2026-10-03,INFERENCE,
gas_candidate,Ford Transit Cargo Medium Roof LWB T-250,Ford E-Transit Cargo Long medium roof,TED:Longevity (warranty remaining),not confirmed,0-10,,not confirmed,2026-10-03,not scored: not confirmed,
gas_candidate,Ford Transit Cargo Medium Roof LWB T-250,Ford E-Transit Cargo Long medium roof,TED:Energy cents per mile,not confirmed,0-10,,not confirmed,2026-10-03,not scored: not confirmed,
gas_candidate,Ford Transit Cargo Medium Roof LWB T-250,Ford E-Transit Cargo Long medium roof,TED:Maintenance cents per mile,4.5,0-10,4.5,not confirmed,2026-10-03,INFERENCE,
gas_candidate,Chevrolet Express 2500 Cargo Extended,Ford E-Transit Cargo Long medium roof,payload,3060,lb,9.8,https://www.kbb.com/chevrolet/express-2500-cargo/2025/extended/,2026-10-03,FACT,yes
gas_candidate,Chevrolet Express 2500 Cargo Extended,Ford E-Transit Cargo Long medium roof,tow,10000,lb,8.0,https://www.kbb.com/chevrolet/express-2500-cargo/2025/extended/,2026-10-03,FACT,yes
gas_candidate,Chevrolet Express 2500 Cargo Extended,Ford E-Transit Cargo Long medium roof,cargo,283.6 cu ft,bed_ft_or_cuft,6.3,https://www.kbb.com/chevrolet/express-2500-cargo/2025/extended/,2026-10-03,FACT,
gas_candidate,Chevrolet Express 2500 Cargo Extended,Ford E-Transit Cargo Long medium roof,cab,2,cab_ordinal_crew3,10.0,https://www.kbb.com/chevrolet/express-2500-cargo/2025/extended/,2026-10-03,FACT,
gas_candidate,Chevrolet Express 2500 Cargo Extended,Ford E-Transit Cargo Long medium roof,range,not confirmed,mi,,not confirmed,2026-10-03,UNKNOWN,no
gas_candidate,Chevrolet Express 2500 Cargo Extended,Ford E-Transit Cargo Long medium roof,tow_range,not confirmed,mi,,https://www.kbb.com/chevrolet/express-2500-cargo/2025/extended/,2026-10-03,UNKNOWN,
gas_candidate,Chevrolet Express 2500 Cargo Extended,Ford E-Transit Cargo Long medium roof,msrp,45695,usd,10.0,https://www.kbb.com/chevrolet/express-2500-cargo/2025/,2026-10-03,FACT,yes
gas_candidate,Chevrolet Express 2500 Cargo Extended,Ford E-Transit Cargo Long medium roof,resale_3yr_retained,not confirmed,percent,,not confirmed,2026-10-03,UNKNOWN,
gas_candidate,Chevrolet Express 2500 Cargo Extended,Ford E-Transit Cargo Long medium roof,mpg_combined,not confirmed,mpg,,not confirmed,2026-10-03,UNKNOWN,
gas_candidate,Chevrolet Express 2500 Cargo Extended,Ford E-Transit Cargo Long medium roof,energy_usd_per_mi,not confirmed,USD/mi,,not confirmed,2026-10-03,UNKNOWN,
gas_candidate,Chevrolet Express 2500 Cargo Extended,Ford E-Transit Cargo Long medium roof,maint_usd_per_mi,0.101,USD/mi,4.5,not confirmed,2026-10-03,FACT class-level AFDC,
gas_candidate,Chevrolet Express 2500 Cargo Extended,Ford E-Transit Cargo Long medium roof,service_network,9,0-10 ordinal,9,https://www.kbb.com/chevrolet/express-2500-cargo/2025/,2026-10-03,INFERENCE,
gas_candidate,Chevrolet Express 2500 Cargo Extended,Ford E-Transit Cargo Long medium roof,class_match,full_van vs full_van,class,10.0,https://www.kbb.com/chevrolet/express-2500-cargo/2025/extended/,2026-10-03,INFERENCE,
gas_candidate,Chevrolet Express 2500 Cargo Extended,Ford E-Transit Cargo Long medium roof,rank_metric,7.7,0-10,7.7,https://www.kbb.com/chevrolet/express-2500-cargo/2025/extended/,2026-10-03,INFERENCE,
ev,Ford E-Transit Cargo Long medium roof,Ford E-Transit Cargo Long medium roof,TED:Range fit,10.0,0-10,10.0,https://www.kbb.com/ford/e-transit-350-cargo-van/2025/specs/,2026-10-03,INFERENCE,
ev,Ford E-Transit Cargo Long medium roof,Ford E-Transit Cargo Long medium roof,TED:Payload/cargo fit,10.0,0-10,10.0,https://www.kbb.com/ford/e-transit-350-cargo-van/2025/specs/,2026-10-03,INFERENCE,
ev,Ford E-Transit Cargo Long medium roof,Ford E-Transit Cargo Long medium roof,TED:Cab/crew fit,10.0,0-10,10.0,https://www.kbb.com/ford/e-transit-350-cargo-van/2025/specs/,2026-10-03,INFERENCE,
ev,Ford E-Transit Cargo Long medium roof,Ford E-Transit Cargo Long medium roof,TED:Tow fit,10.0,0-10,10.0,https://www.kbb.com/ford/e-transit-350-cargo-van/2025/specs/,2026-10-03,INFERENCE,
ev,Ford E-Transit Cargo Long medium roof,Ford E-Transit Cargo Long medium roof,TED:Resale (3-yr retained %),not confirmed,0-10,,https://www.kbb.com/ford/e-transit-350-cargo-van/2025/specs/,2026-10-03,not scored: not confirmed,
ev,Ford E-Transit Cargo Long medium roof,Ford E-Transit Cargo Long medium roof,TED:Reliability,not confirmed,0-10,,https://www.kbb.com/ford/e-transit-350-cargo-van/2025/specs/,2026-10-03,not scored: not confirmed,
ev,Ford E-Transit Cargo Long medium roof,Ford E-Transit Cargo Long medium roof,TED:Service network,9.0,0-10,9.0,https://www.kbb.com/ford/e-transit-350-cargo-van/2025/specs/,2026-10-03,INFERENCE,
ev,Ford E-Transit Cargo Long medium roof,Ford E-Transit Cargo Long medium roof,TED:Longevity (warranty remaining),not confirmed,0-10,,https://www.kbb.com/ford/e-transit-350-cargo-van/2025/specs/,2026-10-03,not scored: not confirmed,
ev,Ford E-Transit Cargo Long medium roof,Ford E-Transit Cargo Long medium roof,TED:Energy cents per mile,not confirmed,0-10,,https://www.kbb.com/ford/e-transit-350-cargo-van/2025/specs/,2026-10-03,not scored: not confirmed,
ev,Ford E-Transit Cargo Long medium roof,Ford E-Transit Cargo Long medium roof,TED:Maintenance cents per mile,8.1,0-10,8.1,https://www.kbb.com/ford/e-transit-350-cargo-van/2025/specs/,2026-10-03,INFERENCE,
gas_candidate,Chevrolet Express 2500 Cargo Extended,Ford E-Transit Cargo Long medium roof,TED:Range fit,not confirmed,0-10,,not confirmed,2026-10-03,not scored: not confirmed,
gas_candidate,Chevrolet Express 2500 Cargo Extended,Ford E-Transit Cargo Long medium roof,TED:Payload/cargo fit,9.8,0-10,9.8,not confirmed,2026-10-03,INFERENCE,
gas_candidate,Chevrolet Express 2500 Cargo Extended,Ford E-Transit Cargo Long medium roof,TED:Cab/crew fit,10.0,0-10,10.0,not confirmed,2026-10-03,INFERENCE,
gas_candidate,Chevrolet Express 2500 Cargo Extended,Ford E-Transit Cargo Long medium roof,TED:Tow fit,7.0,0-10,7.0,not confirmed,2026-10-03,INFERENCE,
gas_candidate,Chevrolet Express 2500 Cargo Extended,Ford E-Transit Cargo Long medium roof,TED:Resale (3-yr retained %),not confirmed,0-10,,not confirmed,2026-10-03,not scored: not confirmed,
gas_candidate,Chevrolet Express 2500 Cargo Extended,Ford E-Transit Cargo Long medium roof,TED:Reliability,not confirmed,0-10,,not confirmed,2026-10-03,not scored: not confirmed,
gas_candidate,Chevrolet Express 2500 Cargo Extended,Ford E-Transit Cargo Long medium roof,TED:Service network,9.0,0-10,9.0,not confirmed,2026-10-03,INFERENCE,
gas_candidate,Chevrolet Express 2500 Cargo Extended,Ford E-Transit Cargo Long medium roof,TED:Longevity (warranty remaining),not confirmed,0-10,,not confirmed,2026-10-03,not scored: not confirmed,
gas_candidate,Chevrolet Express 2500 Cargo Extended,Ford E-Transit Cargo Long medium roof,TED:Energy cents per mile,not confirmed,0-10,,not confirmed,2026-10-03,not scored: not confirmed,
gas_candidate,Chevrolet Express 2500 Cargo Extended,Ford E-Transit Cargo Long medium roof,TED:Maintenance cents per mile,4.5,0-10,4.5,not confirmed,2026-10-03,INFERENCE,
gas_candidate,Ram ProMaster 3500 Cargo Standard Roof 136-inch WB,Ford E-Transit Cargo Long medium roof,payload,4680,lb,10.0,https://www.motortrend.com/cars/ram/promaster/2025,2026-10-03,FACT,yes
gas_candidate,Ram ProMaster 3500 Cargo Standard Roof 136-inch WB,Ford E-Transit Cargo Long medium roof,tow,6700,lb,8.0,"Canadian dealer PDF, US not confirmed — https://www.birchwoodchrysler.ca/wp-content/uploads/2024/10/2025-Ram-Promaster-Payload-Towing.pdf",2026-10-03,FACT,no
gas_candidate,Ram ProMaster 3500 Cargo Standard Roof 136-inch WB,Ford E-Transit Cargo Long medium roof,cargo,307.5 cu ft,bed_ft_or_cuft,7.5,https://www.birchwoodchrysler.ca/wp-content/uploads/2024/10/2025-Ram-Promaster-Payload-Towing.pdf,2026-10-03,FACT,
gas_candidate,Ram ProMaster 3500 Cargo Standard Roof 136-inch WB,Ford E-Transit Cargo Long medium roof,cab,2,cab_ordinal_crew3,10.0,https://www.birchwoodchrysler.ca/wp-content/uploads/2024/10/2025-Ram-Promaster-Payload-Towing.pdf,2026-10-03,FACT,
gas_candidate,Ram ProMaster 3500 Cargo Standard Roof 136-inch WB,Ford E-Transit Cargo Long medium roof,range,not confirmed,mi,,not confirmed,2026-10-03,UNKNOWN,no
gas_candidate,Ram ProMaster 3500 Cargo Standard Roof 136-inch WB,Ford E-Transit Cargo Long medium roof,tow_range,not confirmed,mi,,"Canadian dealer PDF, US not confirmed — https://www.birchwoodchrysler.ca/wp-content/uploads/2024/10/2025-Ram-Promaster-Payload-Towing.pdf",2026-10-03,UNKNOWN,no
gas_candidate,Ram ProMaster 3500 Cargo Standard Roof 136-inch WB,Ford E-Transit Cargo Long medium roof,msrp,not confirmed,usd,,not confirmed,2026-10-03,UNKNOWN,no
gas_candidate,Ram ProMaster 3500 Cargo Standard Roof 136-inch WB,Ford E-Transit Cargo Long medium roof,resale_3yr_retained,not confirmed,percent,,not confirmed,2026-10-03,UNKNOWN,
gas_candidate,Ram ProMaster 3500 Cargo Standard Roof 136-inch WB,Ford E-Transit Cargo Long medium roof,mpg_combined,not confirmed,mpg,,not confirmed,2026-10-03,UNKNOWN,
gas_candidate,Ram ProMaster 3500 Cargo Standard Roof 136-inch WB,Ford E-Transit Cargo Long medium roof,energy_usd_per_mi,not confirmed,USD/mi,,not confirmed,2026-10-03,UNKNOWN,
gas_candidate,Ram ProMaster 3500 Cargo Standard Roof 136-inch WB,Ford E-Transit Cargo Long medium roof,maint_usd_per_mi,0.101,USD/mi,4.5,not confirmed,2026-10-03,FACT class-level AFDC,
gas_candidate,Ram ProMaster 3500 Cargo Standard Roof 136-inch WB,Ford E-Transit Cargo Long medium roof,service_network,8,0-10 ordinal,8,not confirmed,2026-10-03,INFERENCE,
gas_candidate,Ram ProMaster 3500 Cargo Standard Roof 136-inch WB,Ford E-Transit Cargo Long medium roof,class_match,full_van vs full_van,class,10.0,https://www.birchwoodchrysler.ca/wp-content/uploads/2024/10/2025-Ram-Promaster-Payload-Towing.pdf,2026-10-03,INFERENCE,
gas_candidate,Ram ProMaster 3500 Cargo Standard Roof 136-inch WB,Ford E-Transit Cargo Long medium roof,rank_metric,6.2,0-10,6.2,https://www.birchwoodchrysler.ca/wp-content/uploads/2024/10/2025-Ram-Promaster-Payload-Towing.pdf,2026-10-03,INFERENCE,
ev,Ford E-Transit Cargo Long medium roof,Ford E-Transit Cargo Long medium roof,TED:Range fit,10.0,0-10,10.0,https://www.kbb.com/ford/e-transit-350-cargo-van/2025/specs/,2026-10-03,INFERENCE,
ev,Ford E-Transit Cargo Long medium roof,Ford E-Transit Cargo Long medium roof,TED:Payload/cargo fit,10.0,0-10,10.0,https://www.kbb.com/ford/e-transit-350-cargo-van/2025/specs/,2026-10-03,INFERENCE,
ev,Ford E-Transit Cargo Long medium roof,Ford E-Transit Cargo Long medium roof,TED:Cab/crew fit,10.0,0-10,10.0,https://www.kbb.com/ford/e-transit-350-cargo-van/2025/specs/,2026-10-03,INFERENCE,
ev,Ford E-Transit Cargo Long medium roof,Ford E-Transit Cargo Long medium roof,TED:Tow fit,10.0,0-10,10.0,https://www.kbb.com/ford/e-transit-350-cargo-van/2025/specs/,2026-10-03,INFERENCE,
ev,Ford E-Transit Cargo Long medium roof,Ford E-Transit Cargo Long medium roof,TED:Resale (3-yr retained %),not confirmed,0-10,,https://www.kbb.com/ford/e-transit-350-cargo-van/2025/specs/,2026-10-03,not scored: not confirmed,
ev,Ford E-Transit Cargo Long medium roof,Ford E-Transit Cargo Long medium roof,TED:Reliability,not confirmed,0-10,,https://www.kbb.com/ford/e-transit-350-cargo-van/2025/specs/,2026-10-03,not scored: not confirmed,
ev,Ford E-Transit Cargo Long medium roof,Ford E-Transit Cargo Long medium roof,TED:Service network,9.0,0-10,9.0,https://www.kbb.com/ford/e-transit-350-cargo-van/2025/specs/,2026-10-03,INFERENCE,
ev,Ford E-Transit Cargo Long medium roof,Ford E-Transit Cargo Long medium roof,TED:Longevity (warranty remaining),not confirmed,0-10,,https://www.kbb.com/ford/e-transit-350-cargo-van/2025/specs/,2026-10-03,not scored: not confirmed,
ev,Ford E-Transit Cargo Long medium roof,Ford E-Transit Cargo Long medium roof,TED:Energy cents per mile,not confirmed,0-10,,https://www.kbb.com/ford/e-transit-350-cargo-van/2025/specs/,2026-10-03,not scored: not confirmed,
ev,Ford E-Transit Cargo Long medium roof,Ford E-Transit Cargo Long medium roof,TED:Maintenance cents per mile,8.1,0-10,8.1,https://www.kbb.com/ford/e-transit-350-cargo-van/2025/specs/,2026-10-03,INFERENCE,
gas_candidate,Ram ProMaster 3500 Cargo Standard Roof 136-inch WB,Ford E-Transit Cargo Long medium roof,TED:Range fit,not confirmed,0-10,,not confirmed,2026-10-03,not scored: not confirmed,
gas_candidate,Ram ProMaster 3500 Cargo Standard Roof 136-inch WB,Ford E-Transit Cargo Long medium roof,TED:Payload/cargo fit,10.0,0-10,10.0,not confirmed,2026-10-03,INFERENCE,
gas_candidate,Ram ProMaster 3500 Cargo Standard Roof 136-inch WB,Ford E-Transit Cargo Long medium roof,TED:Cab/crew fit,10.0,0-10,10.0,not confirmed,2026-10-03,INFERENCE,
gas_candidate,Ram ProMaster 3500 Cargo Standard Roof 136-inch WB,Ford E-Transit Cargo Long medium roof,TED:Tow fit,7.0,0-10,7.0,not confirmed,2026-10-03,INFERENCE,
gas_candidate,Ram ProMaster 3500 Cargo Standard Roof 136-inch WB,Ford E-Transit Cargo Long medium roof,TED:Resale (3-yr retained %),not confirmed,0-10,,not confirmed,2026-10-03,not scored: not confirmed,
gas_candidate,Ram ProMaster 3500 Cargo Standard Roof 136-inch WB,Ford E-Transit Cargo Long medium roof,TED:Reliability,not confirmed,0-10,,not confirmed,2026-10-03,not scored: not confirmed,
gas_candidate,Ram ProMaster 3500 Cargo Standard Roof 136-inch WB,Ford E-Transit Cargo Long medium roof,TED:Service network,8.0,0-10,8.0,not confirmed,2026-10-03,INFERENCE,
gas_candidate,Ram ProMaster 3500 Cargo Standard Roof 136-inch WB,Ford E-Transit Cargo Long medium roof,TED:Longevity (warranty remaining),not confirmed,0-10,,not confirmed,2026-10-03,not scored: not confirmed,
gas_candidate,Ram ProMaster 3500 Cargo Standard Roof 136-inch WB,Ford E-Transit Cargo Long medium roof,TED:Energy cents per mile,not confirmed,0-10,,not confirmed,2026-10-03,not scored: not confirmed,
gas_candidate,Ram ProMaster 3500 Cargo Standard Roof 136-inch WB,Ford E-Transit Cargo Long medium roof,TED:Maintenance cents per mile,4.5,0-10,4.5,not confirmed,2026-10-03,INFERENCE,
gas_candidate,Mercedes-Benz Sprinter 2500 Cargo diesel,Ford E-Transit Cargo Long medium roof,payload,not confirmed,lb,,not confirmed,2026-10-03,UNKNOWN,no
gas_candidate,Mercedes-Benz Sprinter 2500 Cargo diesel,Ford E-Transit Cargo Long medium roof,tow,5000,lb,8.0,https://www.kbb.com/mercedes-benz/sprinter-2500-cargo/2025/,2026-10-03,FACT,yes
gas_candidate,Mercedes-Benz Sprinter 2500 Cargo diesel,Ford E-Transit Cargo Long medium roof,cargo,488 cu ft,bed_ft_or_cuft,10.0,https://www.kbb.com/mercedes-benz/sprinter-2500-cargo/2025/,2026-10-03,FACT,
gas_candidate,Mercedes-Benz Sprinter 2500 Cargo diesel,Ford E-Transit Cargo Long medium roof,cab,2,cab_ordinal_crew3,10.0,https://www.kbb.com/mercedes-benz/sprinter-2500-cargo/2025/,2026-10-03,FACT,
gas_candidate,Mercedes-Benz Sprinter 2500 Cargo diesel,Ford E-Transit Cargo Long medium roof,range,not confirmed,mi,,not confirmed,2026-10-03,UNKNOWN,no
gas_candidate,Mercedes-Benz Sprinter 2500 Cargo diesel,Ford E-Transit Cargo Long medium roof,tow_range,not confirmed,mi,,https://www.kbb.com/mercedes-benz/sprinter-2500-cargo/2025/,2026-10-03,UNKNOWN,
gas_candidate,Mercedes-Benz Sprinter 2500 Cargo diesel,Ford E-Transit Cargo Long medium roof,msrp,not confirmed,usd,,not confirmed,2026-10-03,UNKNOWN,no
gas_candidate,Mercedes-Benz Sprinter 2500 Cargo diesel,Ford E-Transit Cargo Long medium roof,resale_3yr_retained,not confirmed,percent,,not confirmed,2026-10-03,UNKNOWN,
gas_candidate,Mercedes-Benz Sprinter 2500 Cargo diesel,Ford E-Transit Cargo Long medium roof,mpg_combined,not confirmed,mpg,,not confirmed,2026-10-03,UNKNOWN,
gas_candidate,Mercedes-Benz Sprinter 2500 Cargo diesel,Ford E-Transit Cargo Long medium roof,energy_usd_per_mi,not confirmed,USD/mi,,not confirmed,2026-10-03,UNKNOWN,
gas_candidate,Mercedes-Benz Sprinter 2500 Cargo diesel,Ford E-Transit Cargo Long medium roof,maint_usd_per_mi,0.101,USD/mi,4.5,not confirmed,2026-10-03,FACT class-level AFDC,
gas_candidate,Mercedes-Benz Sprinter 2500 Cargo diesel,Ford E-Transit Cargo Long medium roof,service_network,6,0-10 ordinal,6,not confirmed,2026-10-03,INFERENCE,
gas_candidate,Mercedes-Benz Sprinter 2500 Cargo diesel,Ford E-Transit Cargo Long medium roof,class_match,full_van vs full_van,class,10.0,https://www.kbb.com/mercedes-benz/sprinter-2500-cargo/2025/,2026-10-03,INFERENCE,
gas_candidate,Mercedes-Benz Sprinter 2500 Cargo diesel,Ford E-Transit Cargo Long medium roof,rank_metric,4.8,0-10,4.8,https://www.kbb.com/mercedes-benz/sprinter-2500-cargo/2025/,2026-10-03,INFERENCE,
ev,Ford E-Transit Cargo Long medium roof,Ford E-Transit Cargo Long medium roof,TED:Range fit,10.0,0-10,10.0,https://www.kbb.com/ford/e-transit-350-cargo-van/2025/specs/,2026-10-03,INFERENCE,
ev,Ford E-Transit Cargo Long medium roof,Ford E-Transit Cargo Long medium roof,TED:Payload/cargo fit,10.0,0-10,10.0,https://www.kbb.com/ford/e-transit-350-cargo-van/2025/specs/,2026-10-03,INFERENCE,
ev,Ford E-Transit Cargo Long medium roof,Ford E-Transit Cargo Long medium roof,TED:Cab/crew fit,10.0,0-10,10.0,https://www.kbb.com/ford/e-transit-350-cargo-van/2025/specs/,2026-10-03,INFERENCE,
ev,Ford E-Transit Cargo Long medium roof,Ford E-Transit Cargo Long medium roof,TED:Tow fit,10.0,0-10,10.0,https://www.kbb.com/ford/e-transit-350-cargo-van/2025/specs/,2026-10-03,INFERENCE,
ev,Ford E-Transit Cargo Long medium roof,Ford E-Transit Cargo Long medium roof,TED:Resale (3-yr retained %),not confirmed,0-10,,https://www.kbb.com/ford/e-transit-350-cargo-van/2025/specs/,2026-10-03,not scored: not confirmed,
ev,Ford E-Transit Cargo Long medium roof,Ford E-Transit Cargo Long medium roof,TED:Reliability,not confirmed,0-10,,https://www.kbb.com/ford/e-transit-350-cargo-van/2025/specs/,2026-10-03,not scored: not confirmed,
ev,Ford E-Transit Cargo Long medium roof,Ford E-Transit Cargo Long medium roof,TED:Service network,9.0,0-10,9.0,https://www.kbb.com/ford/e-transit-350-cargo-van/2025/specs/,2026-10-03,INFERENCE,
ev,Ford E-Transit Cargo Long medium roof,Ford E-Transit Cargo Long medium roof,TED:Longevity (warranty remaining),not confirmed,0-10,,https://www.kbb.com/ford/e-transit-350-cargo-van/2025/specs/,2026-10-03,not scored: not confirmed,
ev,Ford E-Transit Cargo Long medium roof,Ford E-Transit Cargo Long medium roof,TED:Energy cents per mile,not confirmed,0-10,,https://www.kbb.com/ford/e-transit-350-cargo-van/2025/specs/,2026-10-03,not scored: not confirmed,
ev,Ford E-Transit Cargo Long medium roof,Ford E-Transit Cargo Long medium roof,TED:Maintenance cents per mile,8.1,0-10,8.1,https://www.kbb.com/ford/e-transit-350-cargo-van/2025/specs/,2026-10-03,INFERENCE,
gas_candidate,Mercedes-Benz Sprinter 2500 Cargo diesel,Ford E-Transit Cargo Long medium roof,TED:Range fit,not confirmed,0-10,,not confirmed,2026-10-03,not scored: not confirmed,
gas_candidate,Mercedes-Benz Sprinter 2500 Cargo diesel,Ford E-Transit Cargo Long medium roof,TED:Payload/cargo fit,not confirmed,0-10,,not confirmed,2026-10-03,not scored: not confirmed,
gas_candidate,Mercedes-Benz Sprinter 2500 Cargo diesel,Ford E-Transit Cargo Long medium roof,TED:Cab/crew fit,10.0,0-10,10.0,not confirmed,2026-10-03,INFERENCE,
gas_candidate,Mercedes-Benz Sprinter 2500 Cargo diesel,Ford E-Transit Cargo Long medium roof,TED:Tow fit,7.0,0-10,7.0,not confirmed,2026-10-03,INFERENCE,
gas_candidate,Mercedes-Benz Sprinter 2500 Cargo diesel,Ford E-Transit Cargo Long medium roof,TED:Resale (3-yr retained %),not confirmed,0-10,,not confirmed,2026-10-03,not scored: not confirmed,
gas_candidate,Mercedes-Benz Sprinter 2500 Cargo diesel,Ford E-Transit Cargo Long medium roof,TED:Reliability,not confirmed,0-10,,not confirmed,2026-10-03,not scored: not confirmed,
gas_candidate,Mercedes-Benz Sprinter 2500 Cargo diesel,Ford E-Transit Cargo Long medium roof,TED:Service network,6.0,0-10,6.0,not confirmed,2026-10-03,INFERENCE,
gas_candidate,Mercedes-Benz Sprinter 2500 Cargo diesel,Ford E-Transit Cargo Long medium roof,TED:Longevity (warranty remaining),not confirmed,0-10,,not confirmed,2026-10-03,not scored: not confirmed,
gas_candidate,Mercedes-Benz Sprinter 2500 Cargo diesel,Ford E-Transit Cargo Long medium roof,TED:Energy cents per mile,not confirmed,0-10,,not confirmed,2026-10-03,not scored: not confirmed,
gas_candidate,Mercedes-Benz Sprinter 2500 Cargo diesel,Ford E-Transit Cargo Long medium roof,TED:Maintenance cents per mile,4.5,0-10,4.5,not confirmed,2026-10-03,INFERENCE,
ev,Ford E-Transit Cargo Long-EL high roof,Ford E-Transit Cargo Long-EL high roof,payload,2799,lb,,https://www.ford.ca/commercial-trucks/e-transit/features/,2026-10-03,FACT,yes
ev,Ford E-Transit Cargo Long-EL high roof,Ford E-Transit Cargo Long-EL high roof,tow,0,lb,,https://www.caranddriver.com/ford/e-transit-2025,2026-10-03,FACT,yes
ev,Ford E-Transit Cargo Long-EL high roof,Ford E-Transit Cargo Long-EL high roof,cargo,487.3 cu ft,bed_ft_or_cuft,,https://www.kbb.com/ford/e-transit-350-cargo-van/2025/specs/,2026-10-03,FACT,
ev,Ford E-Transit Cargo Long-EL high roof,Ford E-Transit Cargo Long-EL high roof,cab,2,cab_ordinal_crew3,,https://www.kbb.com/ford/e-transit-350-cargo-van/2025/,2026-10-03,FACT,
ev,Ford E-Transit Cargo Long-EL high roof,Ford E-Transit Cargo Long-EL high roof,range,142,mi,,https://www.ford.ca/commercial-trucks/e-transit/features/,2026-10-03,FACT,yes
ev,Ford E-Transit Cargo Long-EL high roof,Ford E-Transit Cargo Long-EL high roof,tow_range,not rated US,mi,,https://www.caranddriver.com/ford/e-transit-2025,2026-10-03,UNKNOWN,
ev,Ford E-Transit Cargo Long-EL high roof,Ford E-Transit Cargo Long-EL high roof,msrp,56530,usd,,https://www.kbb.com/ford/e-transit-350-cargo-van/2025/extended-length-high-roof/,2026-10-03,FACT,yes
ev,Ford E-Transit Cargo Long-EL high roof,Ford E-Transit Cargo Long-EL high roof,resale_3yr_retained,not confirmed,percent,,not confirmed,2026-10-03,UNKNOWN,
ev,Ford E-Transit Cargo Long-EL high roof,Ford E-Transit Cargo Long-EL high roof,efficiency_kwh_100mi,not confirmed,kWh/100mi,,not confirmed,2026-10-03,UNKNOWN,
ev,Ford E-Transit Cargo Long-EL high roof,Ford E-Transit Cargo Long-EL high roof,energy_usd_per_mi,not confirmed,USD/mi,,not confirmed,2026-10-03,UNKNOWN,
ev,Ford E-Transit Cargo Long-EL high roof,Ford E-Transit Cargo Long-EL high roof,maint_usd_per_mi,0.061,USD/mi,,not confirmed,2026-10-03,FACT class-level AFDC,
ev,Ford E-Transit Cargo Long-EL high roof,Ford E-Transit Cargo Long-EL high roof,service_network,9,0-10 ordinal,9,https://www.kbb.com/ford/e-transit-350-cargo-van/2025/extended-length-high-roof/,2026-10-03,INFERENCE,
gas_candidate,Chevrolet Express 2500 Cargo Extended,Ford E-Transit Cargo Long-EL high roof,payload,3060,lb,10.0,https://www.kbb.com/chevrolet/express-2500-cargo/2025/extended/,2026-10-03,FACT,yes
gas_candidate,Chevrolet Express 2500 Cargo Extended,Ford E-Transit Cargo Long-EL high roof,tow,10000,lb,8.0,https://www.kbb.com/chevrolet/express-2500-cargo/2025/extended/,2026-10-03,FACT,yes
gas_candidate,Chevrolet Express 2500 Cargo Extended,Ford E-Transit Cargo Long-EL high roof,cargo,283.6 cu ft,bed_ft_or_cuft,0.0,https://www.kbb.com/chevrolet/express-2500-cargo/2025/extended/,2026-10-03,FACT,
gas_candidate,Chevrolet Express 2500 Cargo Extended,Ford E-Transit Cargo Long-EL high roof,cab,2,cab_ordinal_crew3,10.0,https://www.kbb.com/chevrolet/express-2500-cargo/2025/extended/,2026-10-03,FACT,
gas_candidate,Chevrolet Express 2500 Cargo Extended,Ford E-Transit Cargo Long-EL high roof,range,not confirmed,mi,,not confirmed,2026-10-03,UNKNOWN,no
gas_candidate,Chevrolet Express 2500 Cargo Extended,Ford E-Transit Cargo Long-EL high roof,tow_range,not confirmed,mi,,https://www.kbb.com/chevrolet/express-2500-cargo/2025/extended/,2026-10-03,UNKNOWN,
gas_candidate,Chevrolet Express 2500 Cargo Extended,Ford E-Transit Cargo Long-EL high roof,msrp,45695,usd,10.0,https://www.kbb.com/chevrolet/express-2500-cargo/2025/,2026-10-03,FACT,yes
gas_candidate,Chevrolet Express 2500 Cargo Extended,Ford E-Transit Cargo Long-EL high roof,resale_3yr_retained,not confirmed,percent,,not confirmed,2026-10-03,UNKNOWN,
gas_candidate,Chevrolet Express 2500 Cargo Extended,Ford E-Transit Cargo Long-EL high roof,mpg_combined,not confirmed,mpg,,not confirmed,2026-10-03,UNKNOWN,
gas_candidate,Chevrolet Express 2500 Cargo Extended,Ford E-Transit Cargo Long-EL high roof,energy_usd_per_mi,not confirmed,USD/mi,,not confirmed,2026-10-03,UNKNOWN,
gas_candidate,Chevrolet Express 2500 Cargo Extended,Ford E-Transit Cargo Long-EL high roof,maint_usd_per_mi,0.101,USD/mi,4.5,not confirmed,2026-10-03,FACT class-level AFDC,
gas_candidate,Chevrolet Express 2500 Cargo Extended,Ford E-Transit Cargo Long-EL high roof,service_network,9,0-10 ordinal,9,https://www.kbb.com/chevrolet/express-2500-cargo/2025/,2026-10-03,INFERENCE,
gas_candidate,Chevrolet Express 2500 Cargo Extended,Ford E-Transit Cargo Long-EL high roof,class_match,full_van vs full_van,class,10.0,https://www.kbb.com/chevrolet/express-2500-cargo/2025/extended/,2026-10-03,INFERENCE,
gas_candidate,Chevrolet Express 2500 Cargo Extended,Ford E-Transit Cargo Long-EL high roof,rank_metric,7.0,0-10,7.0,https://www.kbb.com/chevrolet/express-2500-cargo/2025/extended/,2026-10-03,INFERENCE,
ev,Ford E-Transit Cargo Long-EL high roof,Ford E-Transit Cargo Long-EL high roof,TED:Range fit,10.0,0-10,10.0,https://www.ford.ca/commercial-trucks/e-transit/features/,2026-10-03,INFERENCE,
ev,Ford E-Transit Cargo Long-EL high roof,Ford E-Transit Cargo Long-EL high roof,TED:Payload/cargo fit,10.0,0-10,10.0,https://www.ford.ca/commercial-trucks/e-transit/features/,2026-10-03,INFERENCE,
ev,Ford E-Transit Cargo Long-EL high roof,Ford E-Transit Cargo Long-EL high roof,TED:Cab/crew fit,10.0,0-10,10.0,https://www.ford.ca/commercial-trucks/e-transit/features/,2026-10-03,INFERENCE,
ev,Ford E-Transit Cargo Long-EL high roof,Ford E-Transit Cargo Long-EL high roof,TED:Tow fit,10.0,0-10,10.0,https://www.ford.ca/commercial-trucks/e-transit/features/,2026-10-03,INFERENCE,
ev,Ford E-Transit Cargo Long-EL high roof,Ford E-Transit Cargo Long-EL high roof,TED:Resale (3-yr retained %),not confirmed,0-10,,https://www.ford.ca/commercial-trucks/e-transit/features/,2026-10-03,not scored: not confirmed,
ev,Ford E-Transit Cargo Long-EL high roof,Ford E-Transit Cargo Long-EL high roof,TED:Reliability,not confirmed,0-10,,https://www.ford.ca/commercial-trucks/e-transit/features/,2026-10-03,not scored: not confirmed,
ev,Ford E-Transit Cargo Long-EL high roof,Ford E-Transit Cargo Long-EL high roof,TED:Service network,9.0,0-10,9.0,https://www.ford.ca/commercial-trucks/e-transit/features/,2026-10-03,INFERENCE,
ev,Ford E-Transit Cargo Long-EL high roof,Ford E-Transit Cargo Long-EL high roof,TED:Longevity (warranty remaining),not confirmed,0-10,,https://www.ford.ca/commercial-trucks/e-transit/features/,2026-10-03,not scored: not confirmed,
ev,Ford E-Transit Cargo Long-EL high roof,Ford E-Transit Cargo Long-EL high roof,TED:Energy cents per mile,not confirmed,0-10,,https://www.ford.ca/commercial-trucks/e-transit/features/,2026-10-03,not scored: not confirmed,
ev,Ford E-Transit Cargo Long-EL high roof,Ford E-Transit Cargo Long-EL high roof,TED:Maintenance cents per mile,8.1,0-10,8.1,https://www.ford.ca/commercial-trucks/e-transit/features/,2026-10-03,INFERENCE,
gas_candidate,Chevrolet Express 2500 Cargo Extended,Ford E-Transit Cargo Long-EL high roof,TED:Range fit,not confirmed,0-10,,not confirmed,2026-10-03,not scored: not confirmed,
gas_candidate,Chevrolet Express 2500 Cargo Extended,Ford E-Transit Cargo Long-EL high roof,TED:Payload/cargo fit,10.0,0-10,10.0,not confirmed,2026-10-03,INFERENCE,
gas_candidate,Chevrolet Express 2500 Cargo Extended,Ford E-Transit Cargo Long-EL high roof,TED:Cab/crew fit,10.0,0-10,10.0,not confirmed,2026-10-03,INFERENCE,
gas_candidate,Chevrolet Express 2500 Cargo Extended,Ford E-Transit Cargo Long-EL high roof,TED:Tow fit,7.0,0-10,7.0,not confirmed,2026-10-03,INFERENCE,
gas_candidate,Chevrolet Express 2500 Cargo Extended,Ford E-Transit Cargo Long-EL high roof,TED:Resale (3-yr retained %),not confirmed,0-10,,not confirmed,2026-10-03,not scored: not confirmed,
gas_candidate,Chevrolet Express 2500 Cargo Extended,Ford E-Transit Cargo Long-EL high roof,TED:Reliability,not confirmed,0-10,,not confirmed,2026-10-03,not scored: not confirmed,
gas_candidate,Chevrolet Express 2500 Cargo Extended,Ford E-Transit Cargo Long-EL high roof,TED:Service network,9.0,0-10,9.0,not confirmed,2026-10-03,INFERENCE,
gas_candidate,Chevrolet Express 2500 Cargo Extended,Ford E-Transit Cargo Long-EL high roof,TED:Longevity (warranty remaining),not confirmed,0-10,,not confirmed,2026-10-03,not scored: not confirmed,
gas_candidate,Chevrolet Express 2500 Cargo Extended,Ford E-Transit Cargo Long-EL high roof,TED:Energy cents per mile,not confirmed,0-10,,not confirmed,2026-10-03,not scored: not confirmed,
gas_candidate,Chevrolet Express 2500 Cargo Extended,Ford E-Transit Cargo Long-EL high roof,TED:Maintenance cents per mile,4.5,0-10,4.5,not confirmed,2026-10-03,INFERENCE,
gas_candidate,Ford Transit Cargo Long-EL high roof T-250,Ford E-Transit Cargo Long-EL high roof,payload,not confirmed,lb,,not confirmed,2026-10-03,UNKNOWN,no
gas_candidate,Ford Transit Cargo Long-EL high roof T-250,Ford E-Transit Cargo Long-EL high roof,tow,not confirmed,lb,9.0,not confirmed,2026-10-03,UNKNOWN,no
gas_candidate,Ford Transit Cargo Long-EL high roof T-250,Ford E-Transit Cargo Long-EL high roof,cargo,487.3 cu ft,bed_ft_or_cuft,10.0,https://www.kbb.com/ford/transit-250-cargo-van/2025/specs/,2026-10-03,FACT,
gas_candidate,Ford Transit Cargo Long-EL high roof T-250,Ford E-Transit Cargo Long-EL high roof,cab,2,cab_ordinal_crew3,10.0,https://www.kbb.com/ford/transit-250-cargo-van/2025/high-roof-extended-length/,2026-10-03,FACT,
gas_candidate,Ford Transit Cargo Long-EL high roof T-250,Ford E-Transit Cargo Long-EL high roof,range,not confirmed,mi,,not confirmed,2026-10-03,UNKNOWN,no
gas_candidate,Ford Transit Cargo Long-EL high roof T-250,Ford E-Transit Cargo Long-EL high roof,tow_range,not confirmed,mi,,not confirmed,2026-10-03,UNKNOWN,
gas_candidate,Ford Transit Cargo Long-EL high roof T-250,Ford E-Transit Cargo Long-EL high roof,msrp,55095,usd,10.0,https://www.kbb.com/ford/transit-250-cargo-van/2025/,2026-10-03,FACT,yes
gas_candidate,Ford Transit Cargo Long-EL high roof T-250,Ford E-Transit Cargo Long-EL high roof,resale_3yr_retained,not confirmed,percent,,not confirmed,2026-10-03,UNKNOWN,
gas_candidate,Ford Transit Cargo Long-EL high roof T-250,Ford E-Transit Cargo Long-EL high roof,mpg_combined,not confirmed,mpg,,not confirmed,2026-10-03,UNKNOWN,
gas_candidate,Ford Transit Cargo Long-EL high roof T-250,Ford E-Transit Cargo Long-EL high roof,energy_usd_per_mi,not confirmed,USD/mi,,not confirmed,2026-10-03,UNKNOWN,
gas_candidate,Ford Transit Cargo Long-EL high roof T-250,Ford E-Transit Cargo Long-EL high roof,maint_usd_per_mi,0.101,USD/mi,4.5,not confirmed,2026-10-03,FACT class-level AFDC,
gas_candidate,Ford Transit Cargo Long-EL high roof T-250,Ford E-Transit Cargo Long-EL high roof,service_network,10,0-10 ordinal,10,https://www.kbb.com/ford/transit-250-cargo-van/2025/,2026-10-03,INFERENCE,
gas_candidate,Ford Transit Cargo Long-EL high roof T-250,Ford E-Transit Cargo Long-EL high roof,class_match,full_van vs full_van,class,10.0,https://www.kbb.com/ford/transit-250-cargo-van/2025/specs/,2026-10-03,INFERENCE,
gas_candidate,Ford Transit Cargo Long-EL high roof T-250,Ford E-Transit Cargo Long-EL high roof,rank_metric,6.6,0-10,6.6,https://www.kbb.com/ford/transit-250-cargo-van/2025/specs/,2026-10-03,INFERENCE,
ev,Ford E-Transit Cargo Long-EL high roof,Ford E-Transit Cargo Long-EL high roof,TED:Range fit,10.0,0-10,10.0,https://www.ford.ca/commercial-trucks/e-transit/features/,2026-10-03,INFERENCE,
ev,Ford E-Transit Cargo Long-EL high roof,Ford E-Transit Cargo Long-EL high roof,TED:Payload/cargo fit,10.0,0-10,10.0,https://www.ford.ca/commercial-trucks/e-transit/features/,2026-10-03,INFERENCE,
ev,Ford E-Transit Cargo Long-EL high roof,Ford E-Transit Cargo Long-EL high roof,TED:Cab/crew fit,10.0,0-10,10.0,https://www.ford.ca/commercial-trucks/e-transit/features/,2026-10-03,INFERENCE,
ev,Ford E-Transit Cargo Long-EL high roof,Ford E-Transit Cargo Long-EL high roof,TED:Tow fit,10.0,0-10,10.0,https://www.ford.ca/commercial-trucks/e-transit/features/,2026-10-03,INFERENCE,
ev,Ford E-Transit Cargo Long-EL high roof,Ford E-Transit Cargo Long-EL high roof,TED:Resale (3-yr retained %),not confirmed,0-10,,https://www.ford.ca/commercial-trucks/e-transit/features/,2026-10-03,not scored: not confirmed,
ev,Ford E-Transit Cargo Long-EL high roof,Ford E-Transit Cargo Long-EL high roof,TED:Reliability,not confirmed,0-10,,https://www.ford.ca/commercial-trucks/e-transit/features/,2026-10-03,not scored: not confirmed,
ev,Ford E-Transit Cargo Long-EL high roof,Ford E-Transit Cargo Long-EL high roof,TED:Service network,9.0,0-10,9.0,https://www.ford.ca/commercial-trucks/e-transit/features/,2026-10-03,INFERENCE,
ev,Ford E-Transit Cargo Long-EL high roof,Ford E-Transit Cargo Long-EL high roof,TED:Longevity (warranty remaining),not confirmed,0-10,,https://www.ford.ca/commercial-trucks/e-transit/features/,2026-10-03,not scored: not confirmed,
ev,Ford E-Transit Cargo Long-EL high roof,Ford E-Transit Cargo Long-EL high roof,TED:Energy cents per mile,not confirmed,0-10,,https://www.ford.ca/commercial-trucks/e-transit/features/,2026-10-03,not scored: not confirmed,
ev,Ford E-Transit Cargo Long-EL high roof,Ford E-Transit Cargo Long-EL high roof,TED:Maintenance cents per mile,8.1,0-10,8.1,https://www.ford.ca/commercial-trucks/e-transit/features/,2026-10-03,INFERENCE,
gas_candidate,Ford Transit Cargo Long-EL high roof T-250,Ford E-Transit Cargo Long-EL high roof,TED:Range fit,not confirmed,0-10,,not confirmed,2026-10-03,not scored: not confirmed,
gas_candidate,Ford Transit Cargo Long-EL high roof T-250,Ford E-Transit Cargo Long-EL high roof,TED:Payload/cargo fit,not confirmed,0-10,,not confirmed,2026-10-03,not scored: not confirmed,
gas_candidate,Ford Transit Cargo Long-EL high roof T-250,Ford E-Transit Cargo Long-EL high roof,TED:Cab/crew fit,10.0,0-10,10.0,not confirmed,2026-10-03,INFERENCE,
gas_candidate,Ford Transit Cargo Long-EL high roof T-250,Ford E-Transit Cargo Long-EL high roof,TED:Tow fit,10.0,0-10,10.0,not confirmed,2026-10-03,INFERENCE,
gas_candidate,Ford Transit Cargo Long-EL high roof T-250,Ford E-Transit Cargo Long-EL high roof,TED:Resale (3-yr retained %),not confirmed,0-10,,not confirmed,2026-10-03,not scored: not confirmed,
gas_candidate,Ford Transit Cargo Long-EL high roof T-250,Ford E-Transit Cargo Long-EL high roof,TED:Reliability,not confirmed,0-10,,not confirmed,2026-10-03,not scored: not confirmed,
gas_candidate,Ford Transit Cargo Long-EL high roof T-250,Ford E-Transit Cargo Long-EL high roof,TED:Service network,10.0,0-10,10.0,not confirmed,2026-10-03,INFERENCE,
gas_candidate,Ford Transit Cargo Long-EL high roof T-250,Ford E-Transit Cargo Long-EL high roof,TED:Longevity (warranty remaining),not confirmed,0-10,,not confirmed,2026-10-03,not scored: not confirmed,
gas_candidate,Ford Transit Cargo Long-EL high roof T-250,Ford E-Transit Cargo Long-EL high roof,TED:Energy cents per mile,not confirmed,0-10,,not confirmed,2026-10-03,not scored: not confirmed,
gas_candidate,Ford Transit Cargo Long-EL high roof T-250,Ford E-Transit Cargo Long-EL high roof,TED:Maintenance cents per mile,4.5,0-10,4.5,not confirmed,2026-10-03,INFERENCE,
gas_candidate,Ram ProMaster 3500 Cargo Standard Roof 136-inch WB,Ford E-Transit Cargo Long-EL high roof,payload,4680,lb,10.0,https://www.motortrend.com/cars/ram/promaster/2025,2026-10-03,FACT,yes
gas_candidate,Ram ProMaster 3500 Cargo Standard Roof 136-inch WB,Ford E-Transit Cargo Long-EL high roof,tow,6700,lb,8.0,"Canadian dealer PDF, US not confirmed — https://www.birchwoodchrysler.ca/wp-content/uploads/2024/10/2025-Ram-Promaster-Payload-Towing.pdf",2026-10-03,FACT,no
gas_candidate,Ram ProMaster 3500 Cargo Standard Roof 136-inch WB,Ford E-Transit Cargo Long-EL high roof,cargo,307.5 cu ft,bed_ft_or_cuft,1.0,https://www.birchwoodchrysler.ca/wp-content/uploads/2024/10/2025-Ram-Promaster-Payload-Towing.pdf,2026-10-03,FACT,
gas_candidate,Ram ProMaster 3500 Cargo Standard Roof 136-inch WB,Ford E-Transit Cargo Long-EL high roof,cab,2,cab_ordinal_crew3,10.0,https://www.birchwoodchrysler.ca/wp-content/uploads/2024/10/2025-Ram-Promaster-Payload-Towing.pdf,2026-10-03,FACT,
gas_candidate,Ram ProMaster 3500 Cargo Standard Roof 136-inch WB,Ford E-Transit Cargo Long-EL high roof,range,not confirmed,mi,,not confirmed,2026-10-03,UNKNOWN,no
gas_candidate,Ram ProMaster 3500 Cargo Standard Roof 136-inch WB,Ford E-Transit Cargo Long-EL high roof,tow_range,not confirmed,mi,,"Canadian dealer PDF, US not confirmed — https://www.birchwoodchrysler.ca/wp-content/uploads/2024/10/2025-Ram-Promaster-Payload-Towing.pdf",2026-10-03,UNKNOWN,no
gas_candidate,Ram ProMaster 3500 Cargo Standard Roof 136-inch WB,Ford E-Transit Cargo Long-EL high roof,msrp,not confirmed,usd,,not confirmed,2026-10-03,UNKNOWN,no
gas_candidate,Ram ProMaster 3500 Cargo Standard Roof 136-inch WB,Ford E-Transit Cargo Long-EL high roof,resale_3yr_retained,not confirmed,percent,,not confirmed,2026-10-03,UNKNOWN,
gas_candidate,Ram ProMaster 3500 Cargo Standard Roof 136-inch WB,Ford E-Transit Cargo Long-EL high roof,mpg_combined,not confirmed,mpg,,not confirmed,2026-10-03,UNKNOWN,
gas_candidate,Ram ProMaster 3500 Cargo Standard Roof 136-inch WB,Ford E-Transit Cargo Long-EL high roof,energy_usd_per_mi,not confirmed,USD/mi,,not confirmed,2026-10-03,UNKNOWN,
gas_candidate,Ram ProMaster 3500 Cargo Standard Roof 136-inch WB,Ford E-Transit Cargo Long-EL high roof,maint_usd_per_mi,0.101,USD/mi,4.5,not confirmed,2026-10-03,FACT class-level AFDC,
gas_candidate,Ram ProMaster 3500 Cargo Standard Roof 136-inch WB,Ford E-Transit Cargo Long-EL high roof,service_network,8,0-10 ordinal,8,not confirmed,2026-10-03,INFERENCE,
gas_candidate,Ram ProMaster 3500 Cargo Standard Roof 136-inch WB,Ford E-Transit Cargo Long-EL high roof,class_match,full_van vs full_van,class,10.0,https://www.birchwoodchrysler.ca/wp-content/uploads/2024/10/2025-Ram-Promaster-Payload-Towing.pdf,2026-10-03,INFERENCE,
gas_candidate,Ram ProMaster 3500 Cargo Standard Roof 136-inch WB,Ford E-Transit Cargo Long-EL high roof,rank_metric,5.5,0-10,5.5,https://www.birchwoodchrysler.ca/wp-content/uploads/2024/10/2025-Ram-Promaster-Payload-Towing.pdf,2026-10-03,INFERENCE,
ev,Ford E-Transit Cargo Long-EL high roof,Ford E-Transit Cargo Long-EL high roof,TED:Range fit,10.0,0-10,10.0,https://www.ford.ca/commercial-trucks/e-transit/features/,2026-10-03,INFERENCE,
ev,Ford E-Transit Cargo Long-EL high roof,Ford E-Transit Cargo Long-EL high roof,TED:Payload/cargo fit,10.0,0-10,10.0,https://www.ford.ca/commercial-trucks/e-transit/features/,2026-10-03,INFERENCE,
ev,Ford E-Transit Cargo Long-EL high roof,Ford E-Transit Cargo Long-EL high roof,TED:Cab/crew fit,10.0,0-10,10.0,https://www.ford.ca/commercial-trucks/e-transit/features/,2026-10-03,INFERENCE,
ev,Ford E-Transit Cargo Long-EL high roof,Ford E-Transit Cargo Long-EL high roof,TED:Tow fit,10.0,0-10,10.0,https://www.ford.ca/commercial-trucks/e-transit/features/,2026-10-03,INFERENCE,
ev,Ford E-Transit Cargo Long-EL high roof,Ford E-Transit Cargo Long-EL high roof,TED:Resale (3-yr retained %),not confirmed,0-10,,https://www.ford.ca/commercial-trucks/e-transit/features/,2026-10-03,not scored: not confirmed,
ev,Ford E-Transit Cargo Long-EL high roof,Ford E-Transit Cargo Long-EL high roof,TED:Reliability,not confirmed,0-10,,https://www.ford.ca/commercial-trucks/e-transit/features/,2026-10-03,not scored: not confirmed,
ev,Ford E-Transit Cargo Long-EL high roof,Ford E-Transit Cargo Long-EL high roof,TED:Service network,9.0,0-10,9.0,https://www.ford.ca/commercial-trucks/e-transit/features/,2026-10-03,INFERENCE,
ev,Ford E-Transit Cargo Long-EL high roof,Ford E-Transit Cargo Long-EL high roof,TED:Longevity (warranty remaining),not confirmed,0-10,,https://www.ford.ca/commercial-trucks/e-transit/features/,2026-10-03,not scored: not confirmed,
ev,Ford E-Transit Cargo Long-EL high roof,Ford E-Transit Cargo Long-EL high roof,TED:Energy cents per mile,not confirmed,0-10,,https://www.ford.ca/commercial-trucks/e-transit/features/,2026-10-03,not scored: not confirmed,
ev,Ford E-Transit Cargo Long-EL high roof,Ford E-Transit Cargo Long-EL high roof,TED:Maintenance cents per mile,8.1,0-10,8.1,https://www.ford.ca/commercial-trucks/e-transit/features/,2026-10-03,INFERENCE,
gas_candidate,Ram ProMaster 3500 Cargo Standard Roof 136-inch WB,Ford E-Transit Cargo Long-EL high roof,TED:Range fit,not confirmed,0-10,,not confirmed,2026-10-03,not scored: not confirmed,
gas_candidate,Ram ProMaster 3500 Cargo Standard Roof 136-inch WB,Ford E-Transit Cargo Long-EL high roof,TED:Payload/cargo fit,10.0,0-10,10.0,not confirmed,2026-10-03,INFERENCE,
gas_candidate,Ram ProMaster 3500 Cargo Standard Roof 136-inch WB,Ford E-Transit Cargo Long-EL high roof,TED:Cab/crew fit,10.0,0-10,10.0,not confirmed,2026-10-03,INFERENCE,
gas_candidate,Ram ProMaster 3500 Cargo Standard Roof 136-inch WB,Ford E-Transit Cargo Long-EL high roof,TED:Tow fit,7.0,0-10,7.0,not confirmed,2026-10-03,INFERENCE,
gas_candidate,Ram ProMaster 3500 Cargo Standard Roof 136-inch WB,Ford E-Transit Cargo Long-EL high roof,TED:Resale (3-yr retained %),not confirmed,0-10,,not confirmed,2026-10-03,not scored: not confirmed,
gas_candidate,Ram ProMaster 3500 Cargo Standard Roof 136-inch WB,Ford E-Transit Cargo Long-EL high roof,TED:Reliability,not confirmed,0-10,,not confirmed,2026-10-03,not scored: not confirmed,
gas_candidate,Ram ProMaster 3500 Cargo Standard Roof 136-inch WB,Ford E-Transit Cargo Long-EL high roof,TED:Service network,8.0,0-10,8.0,not confirmed,2026-10-03,INFERENCE,
gas_candidate,Ram ProMaster 3500 Cargo Standard Roof 136-inch WB,Ford E-Transit Cargo Long-EL high roof,TED:Longevity (warranty remaining),not confirmed,0-10,,not confirmed,2026-10-03,not scored: not confirmed,
gas_candidate,Ram ProMaster 3500 Cargo Standard Roof 136-inch WB,Ford E-Transit Cargo Long-EL high roof,TED:Energy cents per mile,not confirmed,0-10,,not confirmed,2026-10-03,not scored: not confirmed,
gas_candidate,Ram ProMaster 3500 Cargo Standard Roof 136-inch WB,Ford E-Transit Cargo Long-EL high roof,TED:Maintenance cents per mile,4.5,0-10,4.5,not confirmed,2026-10-03,INFERENCE,
gas_candidate,Mercedes-Benz Sprinter 2500 Cargo diesel,Ford E-Transit Cargo Long-EL high roof,payload,not confirmed,lb,,not confirmed,2026-10-03,UNKNOWN,no
gas_candidate,Mercedes-Benz Sprinter 2500 Cargo diesel,Ford E-Transit Cargo Long-EL high roof,tow,5000,lb,8.0,https://www.kbb.com/mercedes-benz/sprinter-2500-cargo/2025/,2026-10-03,FACT,yes
gas_candidate,Mercedes-Benz Sprinter 2500 Cargo diesel,Ford E-Transit Cargo Long-EL high roof,cargo,488 cu ft,bed_ft_or_cuft,10.0,https://www.kbb.com/mercedes-benz/sprinter-2500-cargo/2025/,2026-10-03,FACT,
gas_candidate,Mercedes-Benz Sprinter 2500 Cargo diesel,Ford E-Transit Cargo Long-EL high roof,cab,2,cab_ordinal_crew3,10.0,https://www.kbb.com/mercedes-benz/sprinter-2500-cargo/2025/,2026-10-03,FACT,
gas_candidate,Mercedes-Benz Sprinter 2500 Cargo diesel,Ford E-Transit Cargo Long-EL high roof,range,not confirmed,mi,,not confirmed,2026-10-03,UNKNOWN,no
gas_candidate,Mercedes-Benz Sprinter 2500 Cargo diesel,Ford E-Transit Cargo Long-EL high roof,tow_range,not confirmed,mi,,https://www.kbb.com/mercedes-benz/sprinter-2500-cargo/2025/,2026-10-03,UNKNOWN,
gas_candidate,Mercedes-Benz Sprinter 2500 Cargo diesel,Ford E-Transit Cargo Long-EL high roof,msrp,not confirmed,usd,,not confirmed,2026-10-03,UNKNOWN,no
gas_candidate,Mercedes-Benz Sprinter 2500 Cargo diesel,Ford E-Transit Cargo Long-EL high roof,resale_3yr_retained,not confirmed,percent,,not confirmed,2026-10-03,UNKNOWN,
gas_candidate,Mercedes-Benz Sprinter 2500 Cargo diesel,Ford E-Transit Cargo Long-EL high roof,mpg_combined,not confirmed,mpg,,not confirmed,2026-10-03,UNKNOWN,
gas_candidate,Mercedes-Benz Sprinter 2500 Cargo diesel,Ford E-Transit Cargo Long-EL high roof,energy_usd_per_mi,not confirmed,USD/mi,,not confirmed,2026-10-03,UNKNOWN,
gas_candidate,Mercedes-Benz Sprinter 2500 Cargo diesel,Ford E-Transit Cargo Long-EL high roof,maint_usd_per_mi,0.101,USD/mi,4.5,not confirmed,2026-10-03,FACT class-level AFDC,
gas_candidate,Mercedes-Benz Sprinter 2500 Cargo diesel,Ford E-Transit Cargo Long-EL high roof,service_network,6,0-10 ordinal,6,not confirmed,2026-10-03,INFERENCE,
gas_candidate,Mercedes-Benz Sprinter 2500 Cargo diesel,Ford E-Transit Cargo Long-EL high roof,class_match,full_van vs full_van,class,10.0,https://www.kbb.com/mercedes-benz/sprinter-2500-cargo/2025/,2026-10-03,INFERENCE,
gas_candidate,Mercedes-Benz Sprinter 2500 Cargo diesel,Ford E-Transit Cargo Long-EL high roof,rank_metric,4.8,0-10,4.8,https://www.kbb.com/mercedes-benz/sprinter-2500-cargo/2025/,2026-10-03,INFERENCE,
ev,Ford E-Transit Cargo Long-EL high roof,Ford E-Transit Cargo Long-EL high roof,TED:Range fit,10.0,0-10,10.0,https://www.ford.ca/commercial-trucks/e-transit/features/,2026-10-03,INFERENCE,
ev,Ford E-Transit Cargo Long-EL high roof,Ford E-Transit Cargo Long-EL high roof,TED:Payload/cargo fit,10.0,0-10,10.0,https://www.ford.ca/commercial-trucks/e-transit/features/,2026-10-03,INFERENCE,
ev,Ford E-Transit Cargo Long-EL high roof,Ford E-Transit Cargo Long-EL high roof,TED:Cab/crew fit,10.0,0-10,10.0,https://www.ford.ca/commercial-trucks/e-transit/features/,2026-10-03,INFERENCE,
ev,Ford E-Transit Cargo Long-EL high roof,Ford E-Transit Cargo Long-EL high roof,TED:Tow fit,10.0,0-10,10.0,https://www.ford.ca/commercial-trucks/e-transit/features/,2026-10-03,INFERENCE,
ev,Ford E-Transit Cargo Long-EL high roof,Ford E-Transit Cargo Long-EL high roof,TED:Resale (3-yr retained %),not confirmed,0-10,,https://www.ford.ca/commercial-trucks/e-transit/features/,2026-10-03,not scored: not confirmed,
ev,Ford E-Transit Cargo Long-EL high roof,Ford E-Transit Cargo Long-EL high roof,TED:Reliability,not confirmed,0-10,,https://www.ford.ca/commercial-trucks/e-transit/features/,2026-10-03,not scored: not confirmed,
ev,Ford E-Transit Cargo Long-EL high roof,Ford E-Transit Cargo Long-EL high roof,TED:Service network,9.0,0-10,9.0,https://www.ford.ca/commercial-trucks/e-transit/features/,2026-10-03,INFERENCE,
ev,Ford E-Transit Cargo Long-EL high roof,Ford E-Transit Cargo Long-EL high roof,TED:Longevity (warranty remaining),not confirmed,0-10,,https://www.ford.ca/commercial-trucks/e-transit/features/,2026-10-03,not scored: not confirmed,
ev,Ford E-Transit Cargo Long-EL high roof,Ford E-Transit Cargo Long-EL high roof,TED:Energy cents per mile,not confirmed,0-10,,https://www.ford.ca/commercial-trucks/e-transit/features/,2026-10-03,not scored: not confirmed,
ev,Ford E-Transit Cargo Long-EL high roof,Ford E-Transit Cargo Long-EL high roof,TED:Maintenance cents per mile,8.1,0-10,8.1,https://www.ford.ca/commercial-trucks/e-transit/features/,2026-10-03,INFERENCE,
gas_candidate,Mercedes-Benz Sprinter 2500 Cargo diesel,Ford E-Transit Cargo Long-EL high roof,TED:Range fit,not confirmed,0-10,,not confirmed,2026-10-03,not scored: not confirmed,
gas_candidate,Mercedes-Benz Sprinter 2500 Cargo diesel,Ford E-Transit Cargo Long-EL high roof,TED:Payload/cargo fit,not confirmed,0-10,,not confirmed,2026-10-03,not scored: not confirmed,
gas_candidate,Mercedes-Benz Sprinter 2500 Cargo diesel,Ford E-Transit Cargo Long-EL high roof,TED:Cab/crew fit,10.0,0-10,10.0,not confirmed,2026-10-03,INFERENCE,
gas_candidate,Mercedes-Benz Sprinter 2500 Cargo diesel,Ford E-Transit Cargo Long-EL high roof,TED:Tow fit,7.0,0-10,7.0,not confirmed,2026-10-03,INFERENCE,
gas_candidate,Mercedes-Benz Sprinter 2500 Cargo diesel,Ford E-Transit Cargo Long-EL high roof,TED:Resale (3-yr retained %),not confirmed,0-10,,not confirmed,2026-10-03,not scored: not confirmed,
gas_candidate,Mercedes-Benz Sprinter 2500 Cargo diesel,Ford E-Transit Cargo Long-EL high roof,TED:Reliability,not confirmed,0-10,,not confirmed,2026-10-03,not scored: not confirmed,
gas_candidate,Mercedes-Benz Sprinter 2500 Cargo diesel,Ford E-Transit Cargo Long-EL high roof,TED:Service network,6.0,0-10,6.0,not confirmed,2026-10-03,INFERENCE,
gas_candidate,Mercedes-Benz Sprinter 2500 Cargo diesel,Ford E-Transit Cargo Long-EL high roof,TED:Longevity (warranty remaining),not confirmed,0-10,,not confirmed,2026-10-03,not scored: not confirmed,
gas_candidate,Mercedes-Benz Sprinter 2500 Cargo diesel,Ford E-Transit Cargo Long-EL high roof,TED:Energy cents per mile,not confirmed,0-10,,not confirmed,2026-10-03,not scored: not confirmed,
gas_candidate,Mercedes-Benz Sprinter 2500 Cargo diesel,Ford E-Transit Cargo Long-EL high roof,TED:Maintenance cents per mile,4.5,0-10,4.5,not confirmed,2026-10-03,INFERENCE,
ev,Chevrolet BrightDrop 400 Base FWD,Chevrolet BrightDrop 400 Base FWD,payload,3580,lb,,https://www.motortrend.com/cars/chevrolet/brightdrop/2025,2026-10-03,FACT,yes
ev,Chevrolet BrightDrop 400 Base FWD,Chevrolet BrightDrop 400 Base FWD,tow,not confirmed,lb,,not confirmed,2026-10-03,UNKNOWN,no
ev,Chevrolet BrightDrop 400 Base FWD,Chevrolet BrightDrop 400 Base FWD,cargo,412.1 cu ft,bed_ft_or_cuft,,https://www.motortrend.com/cars/chevrolet/brightdrop/2025,2026-10-03,FACT,
ev,Chevrolet BrightDrop 400 Base FWD,Chevrolet BrightDrop 400 Base FWD,cab,2,cab_ordinal_crew3,,https://www.motortrend.com/cars/chevrolet/brightdrop/2025,2026-10-03,FACT,
ev,Chevrolet BrightDrop 400 Base FWD,Chevrolet BrightDrop 400 Base FWD,range,177,mi,,https://www.motortrend.com/cars/chevrolet/brightdrop/2025,2026-10-03,FACT,yes
ev,Chevrolet BrightDrop 400 Base FWD,Chevrolet BrightDrop 400 Base FWD,tow_range,not confirmed,mi,,not confirmed,2026-10-03,UNKNOWN,
ev,Chevrolet BrightDrop 400 Base FWD,Chevrolet BrightDrop 400 Base FWD,msrp,64600,usd,,https://www.carsdirect.com/compare/2025-chevrolet-brightdrop-trims,2026-10-03,FACT,yes
ev,Chevrolet BrightDrop 400 Base FWD,Chevrolet BrightDrop 400 Base FWD,resale_3yr_retained,not confirmed,percent,,not confirmed,2026-10-03,UNKNOWN,
ev,Chevrolet BrightDrop 400 Base FWD,Chevrolet BrightDrop 400 Base FWD,efficiency_kwh_100mi,not confirmed,kWh/100mi,,not confirmed,2026-10-03,UNKNOWN,
ev,Chevrolet BrightDrop 400 Base FWD,Chevrolet BrightDrop 400 Base FWD,energy_usd_per_mi,not confirmed,USD/mi,,not confirmed,2026-10-03,UNKNOWN,
ev,Chevrolet BrightDrop 400 Base FWD,Chevrolet BrightDrop 400 Base FWD,maint_usd_per_mi,0.061,USD/mi,,not confirmed,2026-10-03,FACT class-level AFDC,
ev,Chevrolet BrightDrop 400 Base FWD,Chevrolet BrightDrop 400 Base FWD,service_network,8,0-10 ordinal,8,https://www.carsdirect.com/compare/2025-chevrolet-brightdrop-trims,2026-10-03,INFERENCE,
gas_candidate,Chevrolet Express 2500 Cargo Extended,Chevrolet BrightDrop 400 Base FWD,payload,3060,lb,7.4,https://www.kbb.com/chevrolet/express-2500-cargo/2025/extended/,2026-10-03,FACT,yes
gas_candidate,Chevrolet Express 2500 Cargo Extended,Chevrolet BrightDrop 400 Base FWD,tow,10000,lb,,https://www.kbb.com/chevrolet/express-2500-cargo/2025/extended/,2026-10-03,FACT,yes
gas_candidate,Chevrolet Express 2500 Cargo Extended,Chevrolet BrightDrop 400 Base FWD,cargo,283.6 cu ft,bed_ft_or_cuft,3.6,https://www.kbb.com/chevrolet/express-2500-cargo/2025/extended/,2026-10-03,FACT,
gas_candidate,Chevrolet Express 2500 Cargo Extended,Chevrolet BrightDrop 400 Base FWD,cab,2,cab_ordinal_crew3,10.0,https://www.kbb.com/chevrolet/express-2500-cargo/2025/extended/,2026-10-03,FACT,
gas_candidate,Chevrolet Express 2500 Cargo Extended,Chevrolet BrightDrop 400 Base FWD,range,not confirmed,mi,,not confirmed,2026-10-03,UNKNOWN,no
gas_candidate,Chevrolet Express 2500 Cargo Extended,Chevrolet BrightDrop 400 Base FWD,tow_range,not confirmed,mi,,https://www.kbb.com/chevrolet/express-2500-cargo/2025/extended/,2026-10-03,UNKNOWN,
gas_candidate,Chevrolet Express 2500 Cargo Extended,Chevrolet BrightDrop 400 Base FWD,msrp,45695,usd,10.0,https://www.kbb.com/chevrolet/express-2500-cargo/2025/,2026-10-03,FACT,yes
gas_candidate,Chevrolet Express 2500 Cargo Extended,Chevrolet BrightDrop 400 Base FWD,resale_3yr_retained,not confirmed,percent,,not confirmed,2026-10-03,UNKNOWN,
gas_candidate,Chevrolet Express 2500 Cargo Extended,Chevrolet BrightDrop 400 Base FWD,mpg_combined,not confirmed,mpg,,not confirmed,2026-10-03,UNKNOWN,
gas_candidate,Chevrolet Express 2500 Cargo Extended,Chevrolet BrightDrop 400 Base FWD,energy_usd_per_mi,not confirmed,USD/mi,,not confirmed,2026-10-03,UNKNOWN,
gas_candidate,Chevrolet Express 2500 Cargo Extended,Chevrolet BrightDrop 400 Base FWD,maint_usd_per_mi,0.101,USD/mi,4.5,not confirmed,2026-10-03,FACT class-level AFDC,
gas_candidate,Chevrolet Express 2500 Cargo Extended,Chevrolet BrightDrop 400 Base FWD,service_network,9,0-10 ordinal,9,https://www.kbb.com/chevrolet/express-2500-cargo/2025/,2026-10-03,INFERENCE,
gas_candidate,Chevrolet Express 2500 Cargo Extended,Chevrolet BrightDrop 400 Base FWD,class_match,step_van vs full_van,class,6.0,https://www.kbb.com/chevrolet/express-2500-cargo/2025/extended/,2026-10-03,INFERENCE,
gas_candidate,Chevrolet Express 2500 Cargo Extended,Chevrolet BrightDrop 400 Base FWD,rank_metric,4.8,0-10,4.8,https://www.kbb.com/chevrolet/express-2500-cargo/2025/extended/,2026-10-03,INFERENCE,
ev,Chevrolet BrightDrop 400 Base FWD,Chevrolet BrightDrop 400 Base FWD,TED:Range fit,10.0,0-10,10.0,https://www.motortrend.com/cars/chevrolet/brightdrop/2025,2026-10-03,INFERENCE,
ev,Chevrolet BrightDrop 400 Base FWD,Chevrolet BrightDrop 400 Base FWD,TED:Payload/cargo fit,10.0,0-10,10.0,https://www.motortrend.com/cars/chevrolet/brightdrop/2025,2026-10-03,INFERENCE,
ev,Chevrolet BrightDrop 400 Base FWD,Chevrolet BrightDrop 400 Base FWD,TED:Cab/crew fit,10.0,0-10,10.0,https://www.motortrend.com/cars/chevrolet/brightdrop/2025,2026-10-03,INFERENCE,
ev,Chevrolet BrightDrop 400 Base FWD,Chevrolet BrightDrop 400 Base FWD,TED:Tow fit,not confirmed,0-10,,https://www.motortrend.com/cars/chevrolet/brightdrop/2025,2026-10-03,not scored: not confirmed,
ev,Chevrolet BrightDrop 400 Base FWD,Chevrolet BrightDrop 400 Base FWD,TED:Resale (3-yr retained %),not confirmed,0-10,,https://www.motortrend.com/cars/chevrolet/brightdrop/2025,2026-10-03,not scored: not confirmed,
ev,Chevrolet BrightDrop 400 Base FWD,Chevrolet BrightDrop 400 Base FWD,TED:Reliability,not confirmed,0-10,,https://www.motortrend.com/cars/chevrolet/brightdrop/2025,2026-10-03,not scored: not confirmed,
ev,Chevrolet BrightDrop 400 Base FWD,Chevrolet BrightDrop 400 Base FWD,TED:Service network,8.0,0-10,8.0,https://www.motortrend.com/cars/chevrolet/brightdrop/2025,2026-10-03,INFERENCE,
ev,Chevrolet BrightDrop 400 Base FWD,Chevrolet BrightDrop 400 Base FWD,TED:Longevity (warranty remaining),not confirmed,0-10,,https://www.motortrend.com/cars/chevrolet/brightdrop/2025,2026-10-03,not scored: not confirmed,
ev,Chevrolet BrightDrop 400 Base FWD,Chevrolet BrightDrop 400 Base FWD,TED:Energy cents per mile,not confirmed,0-10,,https://www.motortrend.com/cars/chevrolet/brightdrop/2025,2026-10-03,not scored: not confirmed,
ev,Chevrolet BrightDrop 400 Base FWD,Chevrolet BrightDrop 400 Base FWD,TED:Maintenance cents per mile,8.1,0-10,8.1,https://www.motortrend.com/cars/chevrolet/brightdrop/2025,2026-10-03,INFERENCE,
gas_candidate,Chevrolet Express 2500 Cargo Extended,Chevrolet BrightDrop 400 Base FWD,TED:Range fit,not confirmed,0-10,,not confirmed,2026-10-03,not scored: not confirmed,
gas_candidate,Chevrolet Express 2500 Cargo Extended,Chevrolet BrightDrop 400 Base FWD,TED:Payload/cargo fit,7.4,0-10,7.4,not confirmed,2026-10-03,INFERENCE,
gas_candidate,Chevrolet Express 2500 Cargo Extended,Chevrolet BrightDrop 400 Base FWD,TED:Cab/crew fit,10.0,0-10,10.0,not confirmed,2026-10-03,INFERENCE,
gas_candidate,Chevrolet Express 2500 Cargo Extended,Chevrolet BrightDrop 400 Base FWD,TED:Tow fit,not confirmed,0-10,,not confirmed,2026-10-03,not scored: not confirmed,
gas_candidate,Chevrolet Express 2500 Cargo Extended,Chevrolet BrightDrop 400 Base FWD,TED:Resale (3-yr retained %),not confirmed,0-10,,not confirmed,2026-10-03,not scored: not confirmed,
gas_candidate,Chevrolet Express 2500 Cargo Extended,Chevrolet BrightDrop 400 Base FWD,TED:Reliability,not confirmed,0-10,,not confirmed,2026-10-03,not scored: not confirmed,
gas_candidate,Chevrolet Express 2500 Cargo Extended,Chevrolet BrightDrop 400 Base FWD,TED:Service network,9.0,0-10,9.0,not confirmed,2026-10-03,INFERENCE,
gas_candidate,Chevrolet Express 2500 Cargo Extended,Chevrolet BrightDrop 400 Base FWD,TED:Longevity (warranty remaining),not confirmed,0-10,,not confirmed,2026-10-03,not scored: not confirmed,
gas_candidate,Chevrolet Express 2500 Cargo Extended,Chevrolet BrightDrop 400 Base FWD,TED:Energy cents per mile,not confirmed,0-10,,not confirmed,2026-10-03,not scored: not confirmed,
gas_candidate,Chevrolet Express 2500 Cargo Extended,Chevrolet BrightDrop 400 Base FWD,TED:Maintenance cents per mile,4.5,0-10,4.5,not confirmed,2026-10-03,INFERENCE,
gas_candidate,Ford Transit Cargo Long-EL high roof T-250,Chevrolet BrightDrop 400 Base FWD,payload,not confirmed,lb,,not confirmed,2026-10-03,UNKNOWN,no
gas_candidate,Ford Transit Cargo Long-EL high roof T-250,Chevrolet BrightDrop 400 Base FWD,tow,not confirmed,lb,,not confirmed,2026-10-03,UNKNOWN,no
gas_candidate,Ford Transit Cargo Long-EL high roof T-250,Chevrolet BrightDrop 400 Base FWD,cargo,487.3 cu ft,bed_ft_or_cuft,10.0,https://www.kbb.com/ford/transit-250-cargo-van/2025/specs/,2026-10-03,FACT,
gas_candidate,Ford Transit Cargo Long-EL high roof T-250,Chevrolet BrightDrop 400 Base FWD,cab,2,cab_ordinal_crew3,10.0,https://www.kbb.com/ford/transit-250-cargo-van/2025/high-roof-extended-length/,2026-10-03,FACT,
gas_candidate,Ford Transit Cargo Long-EL high roof T-250,Chevrolet BrightDrop 400 Base FWD,range,not confirmed,mi,,not confirmed,2026-10-03,UNKNOWN,no
gas_candidate,Ford Transit Cargo Long-EL high roof T-250,Chevrolet BrightDrop 400 Base FWD,tow_range,not confirmed,mi,,not confirmed,2026-10-03,UNKNOWN,
gas_candidate,Ford Transit Cargo Long-EL high roof T-250,Chevrolet BrightDrop 400 Base FWD,msrp,55095,usd,10.0,https://www.kbb.com/ford/transit-250-cargo-van/2025/,2026-10-03,FACT,yes
gas_candidate,Ford Transit Cargo Long-EL high roof T-250,Chevrolet BrightDrop 400 Base FWD,resale_3yr_retained,not confirmed,percent,,not confirmed,2026-10-03,UNKNOWN,
gas_candidate,Ford Transit Cargo Long-EL high roof T-250,Chevrolet BrightDrop 400 Base FWD,mpg_combined,not confirmed,mpg,,not confirmed,2026-10-03,UNKNOWN,
gas_candidate,Ford Transit Cargo Long-EL high roof T-250,Chevrolet BrightDrop 400 Base FWD,energy_usd_per_mi,not confirmed,USD/mi,,not confirmed,2026-10-03,UNKNOWN,
gas_candidate,Ford Transit Cargo Long-EL high roof T-250,Chevrolet BrightDrop 400 Base FWD,maint_usd_per_mi,0.101,USD/mi,4.5,not confirmed,2026-10-03,FACT class-level AFDC,
gas_candidate,Ford Transit Cargo Long-EL high roof T-250,Chevrolet BrightDrop 400 Base FWD,service_network,10,0-10 ordinal,10,https://www.kbb.com/ford/transit-250-cargo-van/2025/,2026-10-03,INFERENCE,
gas_candidate,Ford Transit Cargo Long-EL high roof T-250,Chevrolet BrightDrop 400 Base FWD,class_match,step_van vs full_van,class,6.0,https://www.kbb.com/ford/transit-250-cargo-van/2025/specs/,2026-10-03,INFERENCE,
gas_candidate,Ford Transit Cargo Long-EL high roof T-250,Chevrolet BrightDrop 400 Base FWD,rank_metric,4.3,0-10,4.3,https://www.kbb.com/ford/transit-250-cargo-van/2025/specs/,2026-10-03,INFERENCE,
ev,Chevrolet BrightDrop 400 Base FWD,Chevrolet BrightDrop 400 Base FWD,TED:Range fit,10.0,0-10,10.0,https://www.motortrend.com/cars/chevrolet/brightdrop/2025,2026-10-03,INFERENCE,
ev,Chevrolet BrightDrop 400 Base FWD,Chevrolet BrightDrop 400 Base FWD,TED:Payload/cargo fit,10.0,0-10,10.0,https://www.motortrend.com/cars/chevrolet/brightdrop/2025,2026-10-03,INFERENCE,
ev,Chevrolet BrightDrop 400 Base FWD,Chevrolet BrightDrop 400 Base FWD,TED:Cab/crew fit,10.0,0-10,10.0,https://www.motortrend.com/cars/chevrolet/brightdrop/2025,2026-10-03,INFERENCE,
ev,Chevrolet BrightDrop 400 Base FWD,Chevrolet BrightDrop 400 Base FWD,TED:Tow fit,not confirmed,0-10,,https://www.motortrend.com/cars/chevrolet/brightdrop/2025,2026-10-03,not scored: not confirmed,
ev,Chevrolet BrightDrop 400 Base FWD,Chevrolet BrightDrop 400 Base FWD,TED:Resale (3-yr retained %),not confirmed,0-10,,https://www.motortrend.com/cars/chevrolet/brightdrop/2025,2026-10-03,not scored: not confirmed,
ev,Chevrolet BrightDrop 400 Base FWD,Chevrolet BrightDrop 400 Base FWD,TED:Reliability,not confirmed,0-10,,https://www.motortrend.com/cars/chevrolet/brightdrop/2025,2026-10-03,not scored: not confirmed,
ev,Chevrolet BrightDrop 400 Base FWD,Chevrolet BrightDrop 400 Base FWD,TED:Service network,8.0,0-10,8.0,https://www.motortrend.com/cars/chevrolet/brightdrop/2025,2026-10-03,INFERENCE,
ev,Chevrolet BrightDrop 400 Base FWD,Chevrolet BrightDrop 400 Base FWD,TED:Longevity (warranty remaining),not confirmed,0-10,,https://www.motortrend.com/cars/chevrolet/brightdrop/2025,2026-10-03,not scored: not confirmed,
ev,Chevrolet BrightDrop 400 Base FWD,Chevrolet BrightDrop 400 Base FWD,TED:Energy cents per mile,not confirmed,0-10,,https://www.motortrend.com/cars/chevrolet/brightdrop/2025,2026-10-03,not scored: not confirmed,
ev,Chevrolet BrightDrop 400 Base FWD,Chevrolet BrightDrop 400 Base FWD,TED:Maintenance cents per mile,8.1,0-10,8.1,https://www.motortrend.com/cars/chevrolet/brightdrop/2025,2026-10-03,INFERENCE,
gas_candidate,Ford Transit Cargo Long-EL high roof T-250,Chevrolet BrightDrop 400 Base FWD,TED:Range fit,not confirmed,0-10,,not confirmed,2026-10-03,not scored: not confirmed,
gas_candidate,Ford Transit Cargo Long-EL high roof T-250,Chevrolet BrightDrop 400 Base FWD,TED:Payload/cargo fit,not confirmed,0-10,,not confirmed,2026-10-03,not scored: not confirmed,
gas_candidate,Ford Transit Cargo Long-EL high roof T-250,Chevrolet BrightDrop 400 Base FWD,TED:Cab/crew fit,10.0,0-10,10.0,not confirmed,2026-10-03,INFERENCE,
gas_candidate,Ford Transit Cargo Long-EL high roof T-250,Chevrolet BrightDrop 400 Base FWD,TED:Tow fit,not confirmed,0-10,,not confirmed,2026-10-03,not scored: not confirmed,
gas_candidate,Ford Transit Cargo Long-EL high roof T-250,Chevrolet BrightDrop 400 Base FWD,TED:Resale (3-yr retained %),not confirmed,0-10,,not confirmed,2026-10-03,not scored: not confirmed,
gas_candidate,Ford Transit Cargo Long-EL high roof T-250,Chevrolet BrightDrop 400 Base FWD,TED:Reliability,not confirmed,0-10,,not confirmed,2026-10-03,not scored: not confirmed,
gas_candidate,Ford Transit Cargo Long-EL high roof T-250,Chevrolet BrightDrop 400 Base FWD,TED:Service network,10.0,0-10,10.0,not confirmed,2026-10-03,INFERENCE,
gas_candidate,Ford Transit Cargo Long-EL high roof T-250,Chevrolet BrightDrop 400 Base FWD,TED:Longevity (warranty remaining),not confirmed,0-10,,not confirmed,2026-10-03,not scored: not confirmed,
gas_candidate,Ford Transit Cargo Long-EL high roof T-250,Chevrolet BrightDrop 400 Base FWD,TED:Energy cents per mile,not confirmed,0-10,,not confirmed,2026-10-03,not scored: not confirmed,
gas_candidate,Ford Transit Cargo Long-EL high roof T-250,Chevrolet BrightDrop 400 Base FWD,TED:Maintenance cents per mile,4.5,0-10,4.5,not confirmed,2026-10-03,INFERENCE,
gas_candidate,Ram ProMaster 3500 Cargo Standard Roof 136-inch WB,Chevrolet BrightDrop 400 Base FWD,payload,4680,lb,10.0,https://www.motortrend.com/cars/ram/promaster/2025,2026-10-03,FACT,yes
gas_candidate,Ram ProMaster 3500 Cargo Standard Roof 136-inch WB,Chevrolet BrightDrop 400 Base FWD,tow,6700,lb,,"Canadian dealer PDF, US not confirmed — https://www.birchwoodchrysler.ca/wp-content/uploads/2024/10/2025-Ram-Promaster-Payload-Towing.pdf",2026-10-03,FACT,no
gas_candidate,Ram ProMaster 3500 Cargo Standard Roof 136-inch WB,Chevrolet BrightDrop 400 Base FWD,cargo,307.5 cu ft,bed_ft_or_cuft,4.8,https://www.birchwoodchrysler.ca/wp-content/uploads/2024/10/2025-Ram-Promaster-Payload-Towing.pdf,2026-10-03,FACT,
gas_candidate,Ram ProMaster 3500 Cargo Standard Roof 136-inch WB,Chevrolet BrightDrop 400 Base FWD,cab,2,cab_ordinal_crew3,10.0,https://www.birchwoodchrysler.ca/wp-content/uploads/2024/10/2025-Ram-Promaster-Payload-Towing.pdf,2026-10-03,FACT,
gas_candidate,Ram ProMaster 3500 Cargo Standard Roof 136-inch WB,Chevrolet BrightDrop 400 Base FWD,range,not confirmed,mi,,not confirmed,2026-10-03,UNKNOWN,no
gas_candidate,Ram ProMaster 3500 Cargo Standard Roof 136-inch WB,Chevrolet BrightDrop 400 Base FWD,tow_range,not confirmed,mi,,"Canadian dealer PDF, US not confirmed — https://www.birchwoodchrysler.ca/wp-content/uploads/2024/10/2025-Ram-Promaster-Payload-Towing.pdf",2026-10-03,UNKNOWN,no
gas_candidate,Ram ProMaster 3500 Cargo Standard Roof 136-inch WB,Chevrolet BrightDrop 400 Base FWD,msrp,not confirmed,usd,,not confirmed,2026-10-03,UNKNOWN,no
gas_candidate,Ram ProMaster 3500 Cargo Standard Roof 136-inch WB,Chevrolet BrightDrop 400 Base FWD,resale_3yr_retained,not confirmed,percent,,not confirmed,2026-10-03,UNKNOWN,
gas_candidate,Ram ProMaster 3500 Cargo Standard Roof 136-inch WB,Chevrolet BrightDrop 400 Base FWD,mpg_combined,not confirmed,mpg,,not confirmed,2026-10-03,UNKNOWN,
gas_candidate,Ram ProMaster 3500 Cargo Standard Roof 136-inch WB,Chevrolet BrightDrop 400 Base FWD,energy_usd_per_mi,not confirmed,USD/mi,,not confirmed,2026-10-03,UNKNOWN,
gas_candidate,Ram ProMaster 3500 Cargo Standard Roof 136-inch WB,Chevrolet BrightDrop 400 Base FWD,maint_usd_per_mi,0.101,USD/mi,4.5,not confirmed,2026-10-03,FACT class-level AFDC,
gas_candidate,Ram ProMaster 3500 Cargo Standard Roof 136-inch WB,Chevrolet BrightDrop 400 Base FWD,service_network,8,0-10 ordinal,8,not confirmed,2026-10-03,INFERENCE,
gas_candidate,Ram ProMaster 3500 Cargo Standard Roof 136-inch WB,Chevrolet BrightDrop 400 Base FWD,class_match,step_van vs full_van,class,6.0,https://www.birchwoodchrysler.ca/wp-content/uploads/2024/10/2025-Ram-Promaster-Payload-Towing.pdf,2026-10-03,INFERENCE,
gas_candidate,Ram ProMaster 3500 Cargo Standard Roof 136-inch WB,Chevrolet BrightDrop 400 Base FWD,rank_metric,3.7,0-10,3.7,https://www.birchwoodchrysler.ca/wp-content/uploads/2024/10/2025-Ram-Promaster-Payload-Towing.pdf,2026-10-03,INFERENCE,
ev,Chevrolet BrightDrop 400 Base FWD,Chevrolet BrightDrop 400 Base FWD,TED:Range fit,10.0,0-10,10.0,https://www.motortrend.com/cars/chevrolet/brightdrop/2025,2026-10-03,INFERENCE,
ev,Chevrolet BrightDrop 400 Base FWD,Chevrolet BrightDrop 400 Base FWD,TED:Payload/cargo fit,10.0,0-10,10.0,https://www.motortrend.com/cars/chevrolet/brightdrop/2025,2026-10-03,INFERENCE,
ev,Chevrolet BrightDrop 400 Base FWD,Chevrolet BrightDrop 400 Base FWD,TED:Cab/crew fit,10.0,0-10,10.0,https://www.motortrend.com/cars/chevrolet/brightdrop/2025,2026-10-03,INFERENCE,
ev,Chevrolet BrightDrop 400 Base FWD,Chevrolet BrightDrop 400 Base FWD,TED:Tow fit,not confirmed,0-10,,https://www.motortrend.com/cars/chevrolet/brightdrop/2025,2026-10-03,not scored: not confirmed,
ev,Chevrolet BrightDrop 400 Base FWD,Chevrolet BrightDrop 400 Base FWD,TED:Resale (3-yr retained %),not confirmed,0-10,,https://www.motortrend.com/cars/chevrolet/brightdrop/2025,2026-10-03,not scored: not confirmed,
ev,Chevrolet BrightDrop 400 Base FWD,Chevrolet BrightDrop 400 Base FWD,TED:Reliability,not confirmed,0-10,,https://www.motortrend.com/cars/chevrolet/brightdrop/2025,2026-10-03,not scored: not confirmed,
ev,Chevrolet BrightDrop 400 Base FWD,Chevrolet BrightDrop 400 Base FWD,TED:Service network,8.0,0-10,8.0,https://www.motortrend.com/cars/chevrolet/brightdrop/2025,2026-10-03,INFERENCE,
ev,Chevrolet BrightDrop 400 Base FWD,Chevrolet BrightDrop 400 Base FWD,TED:Longevity (warranty remaining),not confirmed,0-10,,https://www.motortrend.com/cars/chevrolet/brightdrop/2025,2026-10-03,not scored: not confirmed,
ev,Chevrolet BrightDrop 400 Base FWD,Chevrolet BrightDrop 400 Base FWD,TED:Energy cents per mile,not confirmed,0-10,,https://www.motortrend.com/cars/chevrolet/brightdrop/2025,2026-10-03,not scored: not confirmed,
ev,Chevrolet BrightDrop 400 Base FWD,Chevrolet BrightDrop 400 Base FWD,TED:Maintenance cents per mile,8.1,0-10,8.1,https://www.motortrend.com/cars/chevrolet/brightdrop/2025,2026-10-03,INFERENCE,
gas_candidate,Ram ProMaster 3500 Cargo Standard Roof 136-inch WB,Chevrolet BrightDrop 400 Base FWD,TED:Range fit,not confirmed,0-10,,not confirmed,2026-10-03,not scored: not confirmed,
gas_candidate,Ram ProMaster 3500 Cargo Standard Roof 136-inch WB,Chevrolet BrightDrop 400 Base FWD,TED:Payload/cargo fit,10.0,0-10,10.0,not confirmed,2026-10-03,INFERENCE,
gas_candidate,Ram ProMaster 3500 Cargo Standard Roof 136-inch WB,Chevrolet BrightDrop 400 Base FWD,TED:Cab/crew fit,10.0,0-10,10.0,not confirmed,2026-10-03,INFERENCE,
gas_candidate,Ram ProMaster 3500 Cargo Standard Roof 136-inch WB,Chevrolet BrightDrop 400 Base FWD,TED:Tow fit,not confirmed,0-10,,not confirmed,2026-10-03,not scored: not confirmed,
gas_candidate,Ram ProMaster 3500 Cargo Standard Roof 136-inch WB,Chevrolet BrightDrop 400 Base FWD,TED:Resale (3-yr retained %),not confirmed,0-10,,not confirmed,2026-10-03,not scored: not confirmed,
gas_candidate,Ram ProMaster 3500 Cargo Standard Roof 136-inch WB,Chevrolet BrightDrop 400 Base FWD,TED:Reliability,not confirmed,0-10,,not confirmed,2026-10-03,not scored: not confirmed,
gas_candidate,Ram ProMaster 3500 Cargo Standard Roof 136-inch WB,Chevrolet BrightDrop 400 Base FWD,TED:Service network,8.0,0-10,8.0,not confirmed,2026-10-03,INFERENCE,
gas_candidate,Ram ProMaster 3500 Cargo Standard Roof 136-inch WB,Chevrolet BrightDrop 400 Base FWD,TED:Longevity (warranty remaining),not confirmed,0-10,,not confirmed,2026-10-03,not scored: not confirmed,
gas_candidate,Ram ProMaster 3500 Cargo Standard Roof 136-inch WB,Chevrolet BrightDrop 400 Base FWD,TED:Energy cents per mile,not confirmed,0-10,,not confirmed,2026-10-03,not scored: not confirmed,
gas_candidate,Ram ProMaster 3500 Cargo Standard Roof 136-inch WB,Chevrolet BrightDrop 400 Base FWD,TED:Maintenance cents per mile,4.5,0-10,4.5,not confirmed,2026-10-03,INFERENCE,
gas_candidate,Mercedes-Benz Sprinter 2500 Cargo diesel,Chevrolet BrightDrop 400 Base FWD,payload,not confirmed,lb,,not confirmed,2026-10-03,UNKNOWN,no
gas_candidate,Mercedes-Benz Sprinter 2500 Cargo diesel,Chevrolet BrightDrop 400 Base FWD,tow,5000,lb,,https://www.kbb.com/mercedes-benz/sprinter-2500-cargo/2025/,2026-10-03,FACT,yes
gas_candidate,Mercedes-Benz Sprinter 2500 Cargo diesel,Chevrolet BrightDrop 400 Base FWD,cargo,488 cu ft,bed_ft_or_cuft,10.0,https://www.kbb.com/mercedes-benz/sprinter-2500-cargo/2025/,2026-10-03,FACT,
gas_candidate,Mercedes-Benz Sprinter 2500 Cargo diesel,Chevrolet BrightDrop 400 Base FWD,cab,2,cab_ordinal_crew3,10.0,https://www.kbb.com/mercedes-benz/sprinter-2500-cargo/2025/,2026-10-03,FACT,
gas_candidate,Mercedes-Benz Sprinter 2500 Cargo diesel,Chevrolet BrightDrop 400 Base FWD,range,not confirmed,mi,,not confirmed,2026-10-03,UNKNOWN,no
gas_candidate,Mercedes-Benz Sprinter 2500 Cargo diesel,Chevrolet BrightDrop 400 Base FWD,tow_range,not confirmed,mi,,https://www.kbb.com/mercedes-benz/sprinter-2500-cargo/2025/,2026-10-03,UNKNOWN,
gas_candidate,Mercedes-Benz Sprinter 2500 Cargo diesel,Chevrolet BrightDrop 400 Base FWD,msrp,not confirmed,usd,,not confirmed,2026-10-03,UNKNOWN,no
gas_candidate,Mercedes-Benz Sprinter 2500 Cargo diesel,Chevrolet BrightDrop 400 Base FWD,resale_3yr_retained,not confirmed,percent,,not confirmed,2026-10-03,UNKNOWN,
gas_candidate,Mercedes-Benz Sprinter 2500 Cargo diesel,Chevrolet BrightDrop 400 Base FWD,mpg_combined,not confirmed,mpg,,not confirmed,2026-10-03,UNKNOWN,
gas_candidate,Mercedes-Benz Sprinter 2500 Cargo diesel,Chevrolet BrightDrop 400 Base FWD,energy_usd_per_mi,not confirmed,USD/mi,,not confirmed,2026-10-03,UNKNOWN,
gas_candidate,Mercedes-Benz Sprinter 2500 Cargo diesel,Chevrolet BrightDrop 400 Base FWD,maint_usd_per_mi,0.101,USD/mi,4.5,not confirmed,2026-10-03,FACT class-level AFDC,
gas_candidate,Mercedes-Benz Sprinter 2500 Cargo diesel,Chevrolet BrightDrop 400 Base FWD,service_network,6,0-10 ordinal,6,not confirmed,2026-10-03,INFERENCE,
gas_candidate,Mercedes-Benz Sprinter 2500 Cargo diesel,Chevrolet BrightDrop 400 Base FWD,class_match,step_van vs full_van,class,6.0,https://www.kbb.com/mercedes-benz/sprinter-2500-cargo/2025/,2026-10-03,INFERENCE,
gas_candidate,Mercedes-Benz Sprinter 2500 Cargo diesel,Chevrolet BrightDrop 400 Base FWD,rank_metric,2.9,0-10,2.9,https://www.kbb.com/mercedes-benz/sprinter-2500-cargo/2025/,2026-10-03,INFERENCE,
ev,Chevrolet BrightDrop 400 Base FWD,Chevrolet BrightDrop 400 Base FWD,TED:Range fit,10.0,0-10,10.0,https://www.motortrend.com/cars/chevrolet/brightdrop/2025,2026-10-03,INFERENCE,
ev,Chevrolet BrightDrop 400 Base FWD,Chevrolet BrightDrop 400 Base FWD,TED:Payload/cargo fit,10.0,0-10,10.0,https://www.motortrend.com/cars/chevrolet/brightdrop/2025,2026-10-03,INFERENCE,
ev,Chevrolet BrightDrop 400 Base FWD,Chevrolet BrightDrop 400 Base FWD,TED:Cab/crew fit,10.0,0-10,10.0,https://www.motortrend.com/cars/chevrolet/brightdrop/2025,2026-10-03,INFERENCE,
ev,Chevrolet BrightDrop 400 Base FWD,Chevrolet BrightDrop 400 Base FWD,TED:Tow fit,not confirmed,0-10,,https://www.motortrend.com/cars/chevrolet/brightdrop/2025,2026-10-03,not scored: not confirmed,
ev,Chevrolet BrightDrop 400 Base FWD,Chevrolet BrightDrop 400 Base FWD,TED:Resale (3-yr retained %),not confirmed,0-10,,https://www.motortrend.com/cars/chevrolet/brightdrop/2025,2026-10-03,not scored: not confirmed,
ev,Chevrolet BrightDrop 400 Base FWD,Chevrolet BrightDrop 400 Base FWD,TED:Reliability,not confirmed,0-10,,https://www.motortrend.com/cars/chevrolet/brightdrop/2025,2026-10-03,not scored: not confirmed,
ev,Chevrolet BrightDrop 400 Base FWD,Chevrolet BrightDrop 400 Base FWD,TED:Service network,8.0,0-10,8.0,https://www.motortrend.com/cars/chevrolet/brightdrop/2025,2026-10-03,INFERENCE,
ev,Chevrolet BrightDrop 400 Base FWD,Chevrolet BrightDrop 400 Base FWD,TED:Longevity (warranty remaining),not confirmed,0-10,,https://www.motortrend.com/cars/chevrolet/brightdrop/2025,2026-10-03,not scored: not confirmed,
ev,Chevrolet BrightDrop 400 Base FWD,Chevrolet BrightDrop 400 Base FWD,TED:Energy cents per mile,not confirmed,0-10,,https://www.motortrend.com/cars/chevrolet/brightdrop/2025,2026-10-03,not scored: not confirmed,
ev,Chevrolet BrightDrop 400 Base FWD,Chevrolet BrightDrop 400 Base FWD,TED:Maintenance cents per mile,8.1,0-10,8.1,https://www.motortrend.com/cars/chevrolet/brightdrop/2025,2026-10-03,INFERENCE,
gas_candidate,Mercedes-Benz Sprinter 2500 Cargo diesel,Chevrolet BrightDrop 400 Base FWD,TED:Range fit,not confirmed,0-10,,not confirmed,2026-10-03,not scored: not confirmed,
gas_candidate,Mercedes-Benz Sprinter 2500 Cargo diesel,Chevrolet BrightDrop 400 Base FWD,TED:Payload/cargo fit,not confirmed,0-10,,not confirmed,2026-10-03,not scored: not confirmed,
gas_candidate,Mercedes-Benz Sprinter 2500 Cargo diesel,Chevrolet BrightDrop 400 Base FWD,TED:Cab/crew fit,10.0,0-10,10.0,not confirmed,2026-10-03,INFERENCE,
gas_candidate,Mercedes-Benz Sprinter 2500 Cargo diesel,Chevrolet BrightDrop 400 Base FWD,TED:Tow fit,not confirmed,0-10,,not confirmed,2026-10-03,not scored: not confirmed,
gas_candidate,Mercedes-Benz Sprinter 2500 Cargo diesel,Chevrolet BrightDrop 400 Base FWD,TED:Resale (3-yr retained %),not confirmed,0-10,,not confirmed,2026-10-03,not scored: not confirmed,
gas_candidate,Mercedes-Benz Sprinter 2500 Cargo diesel,Chevrolet BrightDrop 400 Base FWD,TED:Reliability,not confirmed,0-10,,not confirmed,2026-10-03,not scored: not confirmed,
gas_candidate,Mercedes-Benz Sprinter 2500 Cargo diesel,Chevrolet BrightDrop 400 Base FWD,TED:Service network,6.0,0-10,6.0,not confirmed,2026-10-03,INFERENCE,
gas_candidate,Mercedes-Benz Sprinter 2500 Cargo diesel,Chevrolet BrightDrop 400 Base FWD,TED:Longevity (warranty remaining),not confirmed,0-10,,not confirmed,2026-10-03,not scored: not confirmed,
gas_candidate,Mercedes-Benz Sprinter 2500 Cargo diesel,Chevrolet BrightDrop 400 Base FWD,TED:Energy cents per mile,not confirmed,0-10,,not confirmed,2026-10-03,not scored: not confirmed,
gas_candidate,Mercedes-Benz Sprinter 2500 Cargo diesel,Chevrolet BrightDrop 400 Base FWD,TED:Maintenance cents per mile,4.5,0-10,4.5,not confirmed,2026-10-03,INFERENCE,
ev,Chevrolet BrightDrop 600 Base FWD,Chevrolet BrightDrop 600 Base FWD,payload,3180,lb,,https://www.motortrend.com/cars/chevrolet/brightdrop/2025,2026-10-03,FACT,yes
ev,Chevrolet BrightDrop 600 Base FWD,Chevrolet BrightDrop 600 Base FWD,tow,not confirmed,lb,,not confirmed,2026-10-03,UNKNOWN,no
ev,Chevrolet BrightDrop 600 Base FWD,Chevrolet BrightDrop 600 Base FWD,cargo,614.7 cu ft,bed_ft_or_cuft,,https://www.motortrend.com/cars/chevrolet/brightdrop/2025,2026-10-03,FACT,
ev,Chevrolet BrightDrop 600 Base FWD,Chevrolet BrightDrop 600 Base FWD,cab,2,cab_ordinal_crew3,,https://www.motortrend.com/cars/chevrolet/brightdrop/2025,2026-10-03,FACT,
ev,Chevrolet BrightDrop 600 Base FWD,Chevrolet BrightDrop 600 Base FWD,range,174,mi,,https://www.motortrend.com/cars/chevrolet/brightdrop/2025,2026-10-03,FACT,yes
ev,Chevrolet BrightDrop 600 Base FWD,Chevrolet BrightDrop 600 Base FWD,tow_range,not confirmed,mi,,not confirmed,2026-10-03,UNKNOWN,
ev,Chevrolet BrightDrop 600 Base FWD,Chevrolet BrightDrop 600 Base FWD,msrp,66100,usd,,https://www.carsdirect.com/compare/2025-chevrolet-brightdrop-trims,2026-10-03,FACT,yes
ev,Chevrolet BrightDrop 600 Base FWD,Chevrolet BrightDrop 600 Base FWD,resale_3yr_retained,not confirmed,percent,,not confirmed,2026-10-03,UNKNOWN,
ev,Chevrolet BrightDrop 600 Base FWD,Chevrolet BrightDrop 600 Base FWD,efficiency_kwh_100mi,not confirmed,kWh/100mi,,not confirmed,2026-10-03,UNKNOWN,
ev,Chevrolet BrightDrop 600 Base FWD,Chevrolet BrightDrop 600 Base FWD,energy_usd_per_mi,not confirmed,USD/mi,,not confirmed,2026-10-03,UNKNOWN,
ev,Chevrolet BrightDrop 600 Base FWD,Chevrolet BrightDrop 600 Base FWD,maint_usd_per_mi,0.061,USD/mi,,not confirmed,2026-10-03,FACT class-level AFDC,
ev,Chevrolet BrightDrop 600 Base FWD,Chevrolet BrightDrop 600 Base FWD,service_network,8,0-10 ordinal,8,https://www.carsdirect.com/compare/2025-chevrolet-brightdrop-trims,2026-10-03,INFERENCE,
gas_candidate,Chevrolet Express 3500 Cargo Extended,Chevrolet BrightDrop 600 Base FWD,payload,4060,lb,10.0,https://www.kbb.com/chevrolet/express-3500-cargo/2025/specs/,2026-10-03,FACT,yes
gas_candidate,Chevrolet Express 3500 Cargo Extended,Chevrolet BrightDrop 600 Base FWD,tow,10000,lb,,https://www.kbb.com/chevrolet/express-3500-cargo/2025/specs/,2026-10-03,FACT,yes
gas_candidate,Chevrolet Express 3500 Cargo Extended,Chevrolet BrightDrop 600 Base FWD,cargo,283.6 cu ft,bed_ft_or_cuft,0.0,https://www.kbb.com/chevrolet/express-3500-cargo/2025/specs/,2026-10-03,FACT,
gas_candidate,Chevrolet Express 3500 Cargo Extended,Chevrolet BrightDrop 600 Base FWD,cab,2,cab_ordinal_crew3,10.0,https://www.kbb.com/chevrolet/express-3500-cargo/2025/specs/,2026-10-03,FACT,
gas_candidate,Chevrolet Express 3500 Cargo Extended,Chevrolet BrightDrop 600 Base FWD,range,not confirmed,mi,,not confirmed,2026-10-03,UNKNOWN,no
gas_candidate,Chevrolet Express 3500 Cargo Extended,Chevrolet BrightDrop 600 Base FWD,tow_range,not confirmed,mi,,https://www.kbb.com/chevrolet/express-3500-cargo/2025/specs/,2026-10-03,UNKNOWN,
gas_candidate,Chevrolet Express 3500 Cargo Extended,Chevrolet BrightDrop 600 Base FWD,msrp,48545,usd,10.0,https://www.kbb.com/chevrolet/express-3500-cargo/2025/specs/,2026-10-03,FACT,yes
gas_candidate,Chevrolet Express 3500 Cargo Extended,Chevrolet BrightDrop 600 Base FWD,resale_3yr_retained,not confirmed,percent,,not confirmed,2026-10-03,UNKNOWN,
gas_candidate,Chevrolet Express 3500 Cargo Extended,Chevrolet BrightDrop 600 Base FWD,mpg_combined,not confirmed,mpg,,not confirmed,2026-10-03,UNKNOWN,
gas_candidate,Chevrolet Express 3500 Cargo Extended,Chevrolet BrightDrop 600 Base FWD,energy_usd_per_mi,not confirmed,USD/mi,,not confirmed,2026-10-03,UNKNOWN,
gas_candidate,Chevrolet Express 3500 Cargo Extended,Chevrolet BrightDrop 600 Base FWD,maint_usd_per_mi,0.101,USD/mi,4.5,not confirmed,2026-10-03,FACT class-level AFDC,
gas_candidate,Chevrolet Express 3500 Cargo Extended,Chevrolet BrightDrop 600 Base FWD,service_network,9,0-10 ordinal,9,https://www.kbb.com/chevrolet/express-3500-cargo/2025/specs/,2026-10-03,INFERENCE,
gas_candidate,Chevrolet Express 3500 Cargo Extended,Chevrolet BrightDrop 600 Base FWD,class_match,step_van vs full_van,class,6.0,https://www.kbb.com/chevrolet/express-3500-cargo/2025/specs/,2026-10-03,INFERENCE,
gas_candidate,Chevrolet Express 3500 Cargo Extended,Chevrolet BrightDrop 600 Base FWD,rank_metric,4.6,0-10,4.6,https://www.kbb.com/chevrolet/express-3500-cargo/2025/specs/,2026-10-03,INFERENCE,
ev,Chevrolet BrightDrop 600 Base FWD,Chevrolet BrightDrop 600 Base FWD,TED:Range fit,10.0,0-10,10.0,https://www.motortrend.com/cars/chevrolet/brightdrop/2025,2026-10-03,INFERENCE,
ev,Chevrolet BrightDrop 600 Base FWD,Chevrolet BrightDrop 600 Base FWD,TED:Payload/cargo fit,10.0,0-10,10.0,https://www.motortrend.com/cars/chevrolet/brightdrop/2025,2026-10-03,INFERENCE,
ev,Chevrolet BrightDrop 600 Base FWD,Chevrolet BrightDrop 600 Base FWD,TED:Cab/crew fit,10.0,0-10,10.0,https://www.motortrend.com/cars/chevrolet/brightdrop/2025,2026-10-03,INFERENCE,
ev,Chevrolet BrightDrop 600 Base FWD,Chevrolet BrightDrop 600 Base FWD,TED:Tow fit,not confirmed,0-10,,https://www.motortrend.com/cars/chevrolet/brightdrop/2025,2026-10-03,not scored: not confirmed,
ev,Chevrolet BrightDrop 600 Base FWD,Chevrolet BrightDrop 600 Base FWD,TED:Resale (3-yr retained %),not confirmed,0-10,,https://www.motortrend.com/cars/chevrolet/brightdrop/2025,2026-10-03,not scored: not confirmed,
ev,Chevrolet BrightDrop 600 Base FWD,Chevrolet BrightDrop 600 Base FWD,TED:Reliability,not confirmed,0-10,,https://www.motortrend.com/cars/chevrolet/brightdrop/2025,2026-10-03,not scored: not confirmed,
ev,Chevrolet BrightDrop 600 Base FWD,Chevrolet BrightDrop 600 Base FWD,TED:Service network,8.0,0-10,8.0,https://www.motortrend.com/cars/chevrolet/brightdrop/2025,2026-10-03,INFERENCE,
ev,Chevrolet BrightDrop 600 Base FWD,Chevrolet BrightDrop 600 Base FWD,TED:Longevity (warranty remaining),not confirmed,0-10,,https://www.motortrend.com/cars/chevrolet/brightdrop/2025,2026-10-03,not scored: not confirmed,
ev,Chevrolet BrightDrop 600 Base FWD,Chevrolet BrightDrop 600 Base FWD,TED:Energy cents per mile,not confirmed,0-10,,https://www.motortrend.com/cars/chevrolet/brightdrop/2025,2026-10-03,not scored: not confirmed,
ev,Chevrolet BrightDrop 600 Base FWD,Chevrolet BrightDrop 600 Base FWD,TED:Maintenance cents per mile,8.1,0-10,8.1,https://www.motortrend.com/cars/chevrolet/brightdrop/2025,2026-10-03,INFERENCE,
gas_candidate,Chevrolet Express 3500 Cargo Extended,Chevrolet BrightDrop 600 Base FWD,TED:Range fit,not confirmed,0-10,,not confirmed,2026-10-03,not scored: not confirmed,
gas_candidate,Chevrolet Express 3500 Cargo Extended,Chevrolet BrightDrop 600 Base FWD,TED:Payload/cargo fit,10.0,0-10,10.0,not confirmed,2026-10-03,INFERENCE,
gas_candidate,Chevrolet Express 3500 Cargo Extended,Chevrolet BrightDrop 600 Base FWD,TED:Cab/crew fit,10.0,0-10,10.0,not confirmed,2026-10-03,INFERENCE,
gas_candidate,Chevrolet Express 3500 Cargo Extended,Chevrolet BrightDrop 600 Base FWD,TED:Tow fit,not confirmed,0-10,,not confirmed,2026-10-03,not scored: not confirmed,
gas_candidate,Chevrolet Express 3500 Cargo Extended,Chevrolet BrightDrop 600 Base FWD,TED:Resale (3-yr retained %),not confirmed,0-10,,not confirmed,2026-10-03,not scored: not confirmed,
gas_candidate,Chevrolet Express 3500 Cargo Extended,Chevrolet BrightDrop 600 Base FWD,TED:Reliability,not confirmed,0-10,,not confirmed,2026-10-03,not scored: not confirmed,
gas_candidate,Chevrolet Express 3500 Cargo Extended,Chevrolet BrightDrop 600 Base FWD,TED:Service network,9.0,0-10,9.0,not confirmed,2026-10-03,INFERENCE,
gas_candidate,Chevrolet Express 3500 Cargo Extended,Chevrolet BrightDrop 600 Base FWD,TED:Longevity (warranty remaining),not confirmed,0-10,,not confirmed,2026-10-03,not scored: not confirmed,
gas_candidate,Chevrolet Express 3500 Cargo Extended,Chevrolet BrightDrop 600 Base FWD,TED:Energy cents per mile,not confirmed,0-10,,not confirmed,2026-10-03,not scored: not confirmed,
gas_candidate,Chevrolet Express 3500 Cargo Extended,Chevrolet BrightDrop 600 Base FWD,TED:Maintenance cents per mile,4.5,0-10,4.5,not confirmed,2026-10-03,INFERENCE,
gas_candidate,Ford Transit Cargo Long-EL high roof T-250,Chevrolet BrightDrop 600 Base FWD,payload,not confirmed,lb,,not confirmed,2026-10-03,UNKNOWN,no
gas_candidate,Ford Transit Cargo Long-EL high roof T-250,Chevrolet BrightDrop 600 Base FWD,tow,not confirmed,lb,,not confirmed,2026-10-03,UNKNOWN,no
gas_candidate,Ford Transit Cargo Long-EL high roof T-250,Chevrolet BrightDrop 600 Base FWD,cargo,487.3 cu ft,bed_ft_or_cuft,3.6,https://www.kbb.com/ford/transit-250-cargo-van/2025/specs/,2026-10-03,FACT,
gas_candidate,Ford Transit Cargo Long-EL high roof T-250,Chevrolet BrightDrop 600 Base FWD,cab,2,cab_ordinal_crew3,10.0,https://www.kbb.com/ford/transit-250-cargo-van/2025/high-roof-extended-length/,2026-10-03,FACT,
gas_candidate,Ford Transit Cargo Long-EL high roof T-250,Chevrolet BrightDrop 600 Base FWD,range,not confirmed,mi,,not confirmed,2026-10-03,UNKNOWN,no
gas_candidate,Ford Transit Cargo Long-EL high roof T-250,Chevrolet BrightDrop 600 Base FWD,tow_range,not confirmed,mi,,not confirmed,2026-10-03,UNKNOWN,
gas_candidate,Ford Transit Cargo Long-EL high roof T-250,Chevrolet BrightDrop 600 Base FWD,msrp,55095,usd,10.0,https://www.kbb.com/ford/transit-250-cargo-van/2025/,2026-10-03,FACT,yes
gas_candidate,Ford Transit Cargo Long-EL high roof T-250,Chevrolet BrightDrop 600 Base FWD,resale_3yr_retained,not confirmed,percent,,not confirmed,2026-10-03,UNKNOWN,
gas_candidate,Ford Transit Cargo Long-EL high roof T-250,Chevrolet BrightDrop 600 Base FWD,mpg_combined,not confirmed,mpg,,not confirmed,2026-10-03,UNKNOWN,
gas_candidate,Ford Transit Cargo Long-EL high roof T-250,Chevrolet BrightDrop 600 Base FWD,energy_usd_per_mi,not confirmed,USD/mi,,not confirmed,2026-10-03,UNKNOWN,
gas_candidate,Ford Transit Cargo Long-EL high roof T-250,Chevrolet BrightDrop 600 Base FWD,maint_usd_per_mi,0.101,USD/mi,4.5,not confirmed,2026-10-03,FACT class-level AFDC,
gas_candidate,Ford Transit Cargo Long-EL high roof T-250,Chevrolet BrightDrop 600 Base FWD,service_network,10,0-10 ordinal,10,https://www.kbb.com/ford/transit-250-cargo-van/2025/,2026-10-03,INFERENCE,
gas_candidate,Ford Transit Cargo Long-EL high roof T-250,Chevrolet BrightDrop 600 Base FWD,class_match,step_van vs full_van,class,6.0,https://www.kbb.com/ford/transit-250-cargo-van/2025/specs/,2026-10-03,INFERENCE,
gas_candidate,Ford Transit Cargo Long-EL high roof T-250,Chevrolet BrightDrop 600 Base FWD,rank_metric,3.6,0-10,3.6,https://www.kbb.com/ford/transit-250-cargo-van/2025/specs/,2026-10-03,INFERENCE,
ev,Chevrolet BrightDrop 600 Base FWD,Chevrolet BrightDrop 600 Base FWD,TED:Range fit,10.0,0-10,10.0,https://www.motortrend.com/cars/chevrolet/brightdrop/2025,2026-10-03,INFERENCE,
ev,Chevrolet BrightDrop 600 Base FWD,Chevrolet BrightDrop 600 Base FWD,TED:Payload/cargo fit,10.0,0-10,10.0,https://www.motortrend.com/cars/chevrolet/brightdrop/2025,2026-10-03,INFERENCE,
ev,Chevrolet BrightDrop 600 Base FWD,Chevrolet BrightDrop 600 Base FWD,TED:Cab/crew fit,10.0,0-10,10.0,https://www.motortrend.com/cars/chevrolet/brightdrop/2025,2026-10-03,INFERENCE,
ev,Chevrolet BrightDrop 600 Base FWD,Chevrolet BrightDrop 600 Base FWD,TED:Tow fit,not confirmed,0-10,,https://www.motortrend.com/cars/chevrolet/brightdrop/2025,2026-10-03,not scored: not confirmed,
ev,Chevrolet BrightDrop 600 Base FWD,Chevrolet BrightDrop 600 Base FWD,TED:Resale (3-yr retained %),not confirmed,0-10,,https://www.motortrend.com/cars/chevrolet/brightdrop/2025,2026-10-03,not scored: not confirmed,
ev,Chevrolet BrightDrop 600 Base FWD,Chevrolet BrightDrop 600 Base FWD,TED:Reliability,not confirmed,0-10,,https://www.motortrend.com/cars/chevrolet/brightdrop/2025,2026-10-03,not scored: not confirmed,
ev,Chevrolet BrightDrop 600 Base FWD,Chevrolet BrightDrop 600 Base FWD,TED:Service network,8.0,0-10,8.0,https://www.motortrend.com/cars/chevrolet/brightdrop/2025,2026-10-03,INFERENCE,
ev,Chevrolet BrightDrop 600 Base FWD,Chevrolet BrightDrop 600 Base FWD,TED:Longevity (warranty remaining),not confirmed,0-10,,https://www.motortrend.com/cars/chevrolet/brightdrop/2025,2026-10-03,not scored: not confirmed,
ev,Chevrolet BrightDrop 600 Base FWD,Chevrolet BrightDrop 600 Base FWD,TED:Energy cents per mile,not confirmed,0-10,,https://www.motortrend.com/cars/chevrolet/brightdrop/2025,2026-10-03,not scored: not confirmed,
ev,Chevrolet BrightDrop 600 Base FWD,Chevrolet BrightDrop 600 Base FWD,TED:Maintenance cents per mile,8.1,0-10,8.1,https://www.motortrend.com/cars/chevrolet/brightdrop/2025,2026-10-03,INFERENCE,
gas_candidate,Ford Transit Cargo Long-EL high roof T-250,Chevrolet BrightDrop 600 Base FWD,TED:Range fit,not confirmed,0-10,,not confirmed,2026-10-03,not scored: not confirmed,
gas_candidate,Ford Transit Cargo Long-EL high roof T-250,Chevrolet BrightDrop 600 Base FWD,TED:Payload/cargo fit,not confirmed,0-10,,not confirmed,2026-10-03,not scored: not confirmed,
gas_candidate,Ford Transit Cargo Long-EL high roof T-250,Chevrolet BrightDrop 600 Base FWD,TED:Cab/crew fit,10.0,0-10,10.0,not confirmed,2026-10-03,INFERENCE,
gas_candidate,Ford Transit Cargo Long-EL high roof T-250,Chevrolet BrightDrop 600 Base FWD,TED:Tow fit,not confirmed,0-10,,not confirmed,2026-10-03,not scored: not confirmed,
gas_candidate,Ford Transit Cargo Long-EL high roof T-250,Chevrolet BrightDrop 600 Base FWD,TED:Resale (3-yr retained %),not confirmed,0-10,,not confirmed,2026-10-03,not scored: not confirmed,
gas_candidate,Ford Transit Cargo Long-EL high roof T-250,Chevrolet BrightDrop 600 Base FWD,TED:Reliability,not confirmed,0-10,,not confirmed,2026-10-03,not scored: not confirmed,
gas_candidate,Ford Transit Cargo Long-EL high roof T-250,Chevrolet BrightDrop 600 Base FWD,TED:Service network,10.0,0-10,10.0,not confirmed,2026-10-03,INFERENCE,
gas_candidate,Ford Transit Cargo Long-EL high roof T-250,Chevrolet BrightDrop 600 Base FWD,TED:Longevity (warranty remaining),not confirmed,0-10,,not confirmed,2026-10-03,not scored: not confirmed,
gas_candidate,Ford Transit Cargo Long-EL high roof T-250,Chevrolet BrightDrop 600 Base FWD,TED:Energy cents per mile,not confirmed,0-10,,not confirmed,2026-10-03,not scored: not confirmed,
gas_candidate,Ford Transit Cargo Long-EL high roof T-250,Chevrolet BrightDrop 600 Base FWD,TED:Maintenance cents per mile,4.5,0-10,4.5,not confirmed,2026-10-03,INFERENCE,
gas_candidate,Ram ProMaster 3500 Cargo Standard Roof 136-inch WB,Chevrolet BrightDrop 600 Base FWD,payload,4680,lb,10.0,https://www.motortrend.com/cars/ram/promaster/2025,2026-10-03,FACT,yes
gas_candidate,Ram ProMaster 3500 Cargo Standard Roof 136-inch WB,Chevrolet BrightDrop 600 Base FWD,tow,6700,lb,,"Canadian dealer PDF, US not confirmed — https://www.birchwoodchrysler.ca/wp-content/uploads/2024/10/2025-Ram-Promaster-Payload-Towing.pdf",2026-10-03,FACT,no
gas_candidate,Ram ProMaster 3500 Cargo Standard Roof 136-inch WB,Chevrolet BrightDrop 600 Base FWD,cargo,307.5 cu ft,bed_ft_or_cuft,0.0,https://www.birchwoodchrysler.ca/wp-content/uploads/2024/10/2025-Ram-Promaster-Payload-Towing.pdf,2026-10-03,FACT,
gas_candidate,Ram ProMaster 3500 Cargo Standard Roof 136-inch WB,Chevrolet BrightDrop 600 Base FWD,cab,2,cab_ordinal_crew3,10.0,https://www.birchwoodchrysler.ca/wp-content/uploads/2024/10/2025-Ram-Promaster-Payload-Towing.pdf,2026-10-03,FACT,
gas_candidate,Ram ProMaster 3500 Cargo Standard Roof 136-inch WB,Chevrolet BrightDrop 600 Base FWD,range,not confirmed,mi,,not confirmed,2026-10-03,UNKNOWN,no
gas_candidate,Ram ProMaster 3500 Cargo Standard Roof 136-inch WB,Chevrolet BrightDrop 600 Base FWD,tow_range,not confirmed,mi,,"Canadian dealer PDF, US not confirmed — https://www.birchwoodchrysler.ca/wp-content/uploads/2024/10/2025-Ram-Promaster-Payload-Towing.pdf",2026-10-03,UNKNOWN,no
gas_candidate,Ram ProMaster 3500 Cargo Standard Roof 136-inch WB,Chevrolet BrightDrop 600 Base FWD,msrp,not confirmed,usd,,not confirmed,2026-10-03,UNKNOWN,no
gas_candidate,Ram ProMaster 3500 Cargo Standard Roof 136-inch WB,Chevrolet BrightDrop 600 Base FWD,resale_3yr_retained,not confirmed,percent,,not confirmed,2026-10-03,UNKNOWN,
gas_candidate,Ram ProMaster 3500 Cargo Standard Roof 136-inch WB,Chevrolet BrightDrop 600 Base FWD,mpg_combined,not confirmed,mpg,,not confirmed,2026-10-03,UNKNOWN,
gas_candidate,Ram ProMaster 3500 Cargo Standard Roof 136-inch WB,Chevrolet BrightDrop 600 Base FWD,energy_usd_per_mi,not confirmed,USD/mi,,not confirmed,2026-10-03,UNKNOWN,
gas_candidate,Ram ProMaster 3500 Cargo Standard Roof 136-inch WB,Chevrolet BrightDrop 600 Base FWD,maint_usd_per_mi,0.101,USD/mi,4.5,not confirmed,2026-10-03,FACT class-level AFDC,
gas_candidate,Ram ProMaster 3500 Cargo Standard Roof 136-inch WB,Chevrolet BrightDrop 600 Base FWD,service_network,8,0-10 ordinal,8,not confirmed,2026-10-03,INFERENCE,
gas_candidate,Ram ProMaster 3500 Cargo Standard Roof 136-inch WB,Chevrolet BrightDrop 600 Base FWD,class_match,step_van vs full_van,class,6.0,https://www.birchwoodchrysler.ca/wp-content/uploads/2024/10/2025-Ram-Promaster-Payload-Towing.pdf,2026-10-03,INFERENCE,
gas_candidate,Ram ProMaster 3500 Cargo Standard Roof 136-inch WB,Chevrolet BrightDrop 600 Base FWD,rank_metric,3.2,0-10,3.2,https://www.birchwoodchrysler.ca/wp-content/uploads/2024/10/2025-Ram-Promaster-Payload-Towing.pdf,2026-10-03,INFERENCE,
ev,Chevrolet BrightDrop 600 Base FWD,Chevrolet BrightDrop 600 Base FWD,TED:Range fit,10.0,0-10,10.0,https://www.motortrend.com/cars/chevrolet/brightdrop/2025,2026-10-03,INFERENCE,
ev,Chevrolet BrightDrop 600 Base FWD,Chevrolet BrightDrop 600 Base FWD,TED:Payload/cargo fit,10.0,0-10,10.0,https://www.motortrend.com/cars/chevrolet/brightdrop/2025,2026-10-03,INFERENCE,
ev,Chevrolet BrightDrop 600 Base FWD,Chevrolet BrightDrop 600 Base FWD,TED:Cab/crew fit,10.0,0-10,10.0,https://www.motortrend.com/cars/chevrolet/brightdrop/2025,2026-10-03,INFERENCE,
ev,Chevrolet BrightDrop 600 Base FWD,Chevrolet BrightDrop 600 Base FWD,TED:Tow fit,not confirmed,0-10,,https://www.motortrend.com/cars/chevrolet/brightdrop/2025,2026-10-03,not scored: not confirmed,
ev,Chevrolet BrightDrop 600 Base FWD,Chevrolet BrightDrop 600 Base FWD,TED:Resale (3-yr retained %),not confirmed,0-10,,https://www.motortrend.com/cars/chevrolet/brightdrop/2025,2026-10-03,not scored: not confirmed,
ev,Chevrolet BrightDrop 600 Base FWD,Chevrolet BrightDrop 600 Base FWD,TED:Reliability,not confirmed,0-10,,https://www.motortrend.com/cars/chevrolet/brightdrop/2025,2026-10-03,not scored: not confirmed,
ev,Chevrolet BrightDrop 600 Base FWD,Chevrolet BrightDrop 600 Base FWD,TED:Service network,8.0,0-10,8.0,https://www.motortrend.com/cars/chevrolet/brightdrop/2025,2026-10-03,INFERENCE,
ev,Chevrolet BrightDrop 600 Base FWD,Chevrolet BrightDrop 600 Base FWD,TED:Longevity (warranty remaining),not confirmed,0-10,,https://www.motortrend.com/cars/chevrolet/brightdrop/2025,2026-10-03,not scored: not confirmed,
ev,Chevrolet BrightDrop 600 Base FWD,Chevrolet BrightDrop 600 Base FWD,TED:Energy cents per mile,not confirmed,0-10,,https://www.motortrend.com/cars/chevrolet/brightdrop/2025,2026-10-03,not scored: not confirmed,
ev,Chevrolet BrightDrop 600 Base FWD,Chevrolet BrightDrop 600 Base FWD,TED:Maintenance cents per mile,8.1,0-10,8.1,https://www.motortrend.com/cars/chevrolet/brightdrop/2025,2026-10-03,INFERENCE,
gas_candidate,Ram ProMaster 3500 Cargo Standard Roof 136-inch WB,Chevrolet BrightDrop 600 Base FWD,TED:Range fit,not confirmed,0-10,,not confirmed,2026-10-03,not scored: not confirmed,
gas_candidate,Ram ProMaster 3500 Cargo Standard Roof 136-inch WB,Chevrolet BrightDrop 600 Base FWD,TED:Payload/cargo fit,10.0,0-10,10.0,not confirmed,2026-10-03,INFERENCE,
gas_candidate,Ram ProMaster 3500 Cargo Standard Roof 136-inch WB,Chevrolet BrightDrop 600 Base FWD,TED:Cab/crew fit,10.0,0-10,10.0,not confirmed,2026-10-03,INFERENCE,
gas_candidate,Ram ProMaster 3500 Cargo Standard Roof 136-inch WB,Chevrolet BrightDrop 600 Base FWD,TED:Tow fit,not confirmed,0-10,,not confirmed,2026-10-03,not scored: not confirmed,
gas_candidate,Ram ProMaster 3500 Cargo Standard Roof 136-inch WB,Chevrolet BrightDrop 600 Base FWD,TED:Resale (3-yr retained %),not confirmed,0-10,,not confirmed,2026-10-03,not scored: not confirmed,
gas_candidate,Ram ProMaster 3500 Cargo Standard Roof 136-inch WB,Chevrolet BrightDrop 600 Base FWD,TED:Reliability,not confirmed,0-10,,not confirmed,2026-10-03,not scored: not confirmed,
gas_candidate,Ram ProMaster 3500 Cargo Standard Roof 136-inch WB,Chevrolet BrightDrop 600 Base FWD,TED:Service network,8.0,0-10,8.0,not confirmed,2026-10-03,INFERENCE,
gas_candidate,Ram ProMaster 3500 Cargo Standard Roof 136-inch WB,Chevrolet BrightDrop 600 Base FWD,TED:Longevity (warranty remaining),not confirmed,0-10,,not confirmed,2026-10-03,not scored: not confirmed,
gas_candidate,Ram ProMaster 3500 Cargo Standard Roof 136-inch WB,Chevrolet BrightDrop 600 Base FWD,TED:Energy cents per mile,not confirmed,0-10,,not confirmed,2026-10-03,not scored: not confirmed,
gas_candidate,Ram ProMaster 3500 Cargo Standard Roof 136-inch WB,Chevrolet BrightDrop 600 Base FWD,TED:Maintenance cents per mile,4.5,0-10,4.5,not confirmed,2026-10-03,INFERENCE,
gas_candidate,Mercedes-Benz Sprinter 2500 Cargo diesel,Chevrolet BrightDrop 600 Base FWD,payload,not confirmed,lb,,not confirmed,2026-10-03,UNKNOWN,no
gas_candidate,Mercedes-Benz Sprinter 2500 Cargo diesel,Chevrolet BrightDrop 600 Base FWD,tow,5000,lb,,https://www.kbb.com/mercedes-benz/sprinter-2500-cargo/2025/,2026-10-03,FACT,yes
gas_candidate,Mercedes-Benz Sprinter 2500 Cargo diesel,Chevrolet BrightDrop 600 Base FWD,cargo,488 cu ft,bed_ft_or_cuft,3.7,https://www.kbb.com/mercedes-benz/sprinter-2500-cargo/2025/,2026-10-03,FACT,
gas_candidate,Mercedes-Benz Sprinter 2500 Cargo diesel,Chevrolet BrightDrop 600 Base FWD,cab,2,cab_ordinal_crew3,10.0,https://www.kbb.com/mercedes-benz/sprinter-2500-cargo/2025/,2026-10-03,FACT,
gas_candidate,Mercedes-Benz Sprinter 2500 Cargo diesel,Chevrolet BrightDrop 600 Base FWD,range,not confirmed,mi,,not confirmed,2026-10-03,UNKNOWN,no
gas_candidate,Mercedes-Benz Sprinter 2500 Cargo diesel,Chevrolet BrightDrop 600 Base FWD,tow_range,not confirmed,mi,,https://www.kbb.com/mercedes-benz/sprinter-2500-cargo/2025/,2026-10-03,UNKNOWN,
gas_candidate,Mercedes-Benz Sprinter 2500 Cargo diesel,Chevrolet BrightDrop 600 Base FWD,msrp,not confirmed,usd,,not confirmed,2026-10-03,UNKNOWN,no
gas_candidate,Mercedes-Benz Sprinter 2500 Cargo diesel,Chevrolet BrightDrop 600 Base FWD,resale_3yr_retained,not confirmed,percent,,not confirmed,2026-10-03,UNKNOWN,
gas_candidate,Mercedes-Benz Sprinter 2500 Cargo diesel,Chevrolet BrightDrop 600 Base FWD,mpg_combined,not confirmed,mpg,,not confirmed,2026-10-03,UNKNOWN,
gas_candidate,Mercedes-Benz Sprinter 2500 Cargo diesel,Chevrolet BrightDrop 600 Base FWD,energy_usd_per_mi,not confirmed,USD/mi,,not confirmed,2026-10-03,UNKNOWN,
gas_candidate,Mercedes-Benz Sprinter 2500 Cargo diesel,Chevrolet BrightDrop 600 Base FWD,maint_usd_per_mi,0.101,USD/mi,4.5,not confirmed,2026-10-03,FACT class-level AFDC,
gas_candidate,Mercedes-Benz Sprinter 2500 Cargo diesel,Chevrolet BrightDrop 600 Base FWD,service_network,6,0-10 ordinal,6,not confirmed,2026-10-03,INFERENCE,
gas_candidate,Mercedes-Benz Sprinter 2500 Cargo diesel,Chevrolet BrightDrop 600 Base FWD,class_match,step_van vs full_van,class,6.0,https://www.kbb.com/mercedes-benz/sprinter-2500-cargo/2025/,2026-10-03,INFERENCE,
gas_candidate,Mercedes-Benz Sprinter 2500 Cargo diesel,Chevrolet BrightDrop 600 Base FWD,rank_metric,2.2,0-10,2.2,https://www.kbb.com/mercedes-benz/sprinter-2500-cargo/2025/,2026-10-03,INFERENCE,
ev,Chevrolet BrightDrop 600 Base FWD,Chevrolet BrightDrop 600 Base FWD,TED:Range fit,10.0,0-10,10.0,https://www.motortrend.com/cars/chevrolet/brightdrop/2025,2026-10-03,INFERENCE,
ev,Chevrolet BrightDrop 600 Base FWD,Chevrolet BrightDrop 600 Base FWD,TED:Payload/cargo fit,10.0,0-10,10.0,https://www.motortrend.com/cars/chevrolet/brightdrop/2025,2026-10-03,INFERENCE,
ev,Chevrolet BrightDrop 600 Base FWD,Chevrolet BrightDrop 600 Base FWD,TED:Cab/crew fit,10.0,0-10,10.0,https://www.motortrend.com/cars/chevrolet/brightdrop/2025,2026-10-03,INFERENCE,
ev,Chevrolet BrightDrop 600 Base FWD,Chevrolet BrightDrop 600 Base FWD,TED:Tow fit,not confirmed,0-10,,https://www.motortrend.com/cars/chevrolet/brightdrop/2025,2026-10-03,not scored: not confirmed,
ev,Chevrolet BrightDrop 600 Base FWD,Chevrolet BrightDrop 600 Base FWD,TED:Resale (3-yr retained %),not confirmed,0-10,,https://www.motortrend.com/cars/chevrolet/brightdrop/2025,2026-10-03,not scored: not confirmed,
ev,Chevrolet BrightDrop 600 Base FWD,Chevrolet BrightDrop 600 Base FWD,TED:Reliability,not confirmed,0-10,,https://www.motortrend.com/cars/chevrolet/brightdrop/2025,2026-10-03,not scored: not confirmed,
ev,Chevrolet BrightDrop 600 Base FWD,Chevrolet BrightDrop 600 Base FWD,TED:Service network,8.0,0-10,8.0,https://www.motortrend.com/cars/chevrolet/brightdrop/2025,2026-10-03,INFERENCE,
ev,Chevrolet BrightDrop 600 Base FWD,Chevrolet BrightDrop 600 Base FWD,TED:Longevity (warranty remaining),not confirmed,0-10,,https://www.motortrend.com/cars/chevrolet/brightdrop/2025,2026-10-03,not scored: not confirmed,
ev,Chevrolet BrightDrop 600 Base FWD,Chevrolet BrightDrop 600 Base FWD,TED:Energy cents per mile,not confirmed,0-10,,https://www.motortrend.com/cars/chevrolet/brightdrop/2025,2026-10-03,not scored: not confirmed,
ev,Chevrolet BrightDrop 600 Base FWD,Chevrolet BrightDrop 600 Base FWD,TED:Maintenance cents per mile,8.1,0-10,8.1,https://www.motortrend.com/cars/chevrolet/brightdrop/2025,2026-10-03,INFERENCE,
gas_candidate,Mercedes-Benz Sprinter 2500 Cargo diesel,Chevrolet BrightDrop 600 Base FWD,TED:Range fit,not confirmed,0-10,,not confirmed,2026-10-03,not scored: not confirmed,
gas_candidate,Mercedes-Benz Sprinter 2500 Cargo diesel,Chevrolet BrightDrop 600 Base FWD,TED:Payload/cargo fit,not confirmed,0-10,,not confirmed,2026-10-03,not scored: not confirmed,
gas_candidate,Mercedes-Benz Sprinter 2500 Cargo diesel,Chevrolet BrightDrop 600 Base FWD,TED:Cab/crew fit,10.0,0-10,10.0,not confirmed,2026-10-03,INFERENCE,
gas_candidate,Mercedes-Benz Sprinter 2500 Cargo diesel,Chevrolet BrightDrop 600 Base FWD,TED:Tow fit,not confirmed,0-10,,not confirmed,2026-10-03,not scored: not confirmed,
gas_candidate,Mercedes-Benz Sprinter 2500 Cargo diesel,Chevrolet BrightDrop 600 Base FWD,TED:Resale (3-yr retained %),not confirmed,0-10,,not confirmed,2026-10-03,not scored: not confirmed,
gas_candidate,Mercedes-Benz Sprinter 2500 Cargo diesel,Chevrolet BrightDrop 600 Base FWD,TED:Reliability,not confirmed,0-10,,not confirmed,2026-10-03,not scored: not confirmed,
gas_candidate,Mercedes-Benz Sprinter 2500 Cargo diesel,Chevrolet BrightDrop 600 Base FWD,TED:Service network,6.0,0-10,6.0,not confirmed,2026-10-03,INFERENCE,
gas_candidate,Mercedes-Benz Sprinter 2500 Cargo diesel,Chevrolet BrightDrop 600 Base FWD,TED:Longevity (warranty remaining),not confirmed,0-10,,not confirmed,2026-10-03,not scored: not confirmed,
gas_candidate,Mercedes-Benz Sprinter 2500 Cargo diesel,Chevrolet BrightDrop 600 Base FWD,TED:Energy cents per mile,not confirmed,0-10,,not confirmed,2026-10-03,not scored: not confirmed,
gas_candidate,Mercedes-Benz Sprinter 2500 Cargo diesel,Chevrolet BrightDrop 600 Base FWD,TED:Maintenance cents per mile,4.5,0-10,4.5,not confirmed,2026-10-03,INFERENCE,
ev,Ram ProMaster EV Cargo listed configs,Ram ProMaster EV Cargo listed configs,payload,not confirmed,lb,,not confirmed,2026-10-03,UNKNOWN,no
ev,Ram ProMaster EV Cargo listed configs,Ram ProMaster EV Cargo listed configs,tow,not confirmed,lb,,not confirmed,2026-10-03,UNKNOWN,no
ev,Ram ProMaster EV Cargo listed configs,Ram ProMaster EV Cargo listed configs,cargo,463 cu ft,bed_ft_or_cuft,,https://www.kbb.com/ram/promaster-cargo-van/2025/,2026-10-03,FACT,
ev,Ram ProMaster EV Cargo listed configs,Ram ProMaster EV Cargo listed configs,cab,2,cab_ordinal_crew3,,https://www.kbb.com/ram/promaster-cargo-van/2025/,2026-10-03,FACT,
ev,Ram ProMaster EV Cargo listed configs,Ram ProMaster EV Cargo listed configs,range,not confirmed,mi,,not confirmed,2026-10-03,UNKNOWN,no
ev,Ram ProMaster EV Cargo listed configs,Ram ProMaster EV Cargo listed configs,tow_range,not confirmed,mi,,not confirmed,2026-10-03,UNKNOWN,
ev,Ram ProMaster EV Cargo listed configs,Ram ProMaster EV Cargo listed configs,msrp,not confirmed,usd,,not confirmed,2026-10-03,UNKNOWN,no
ev,Ram ProMaster EV Cargo listed configs,Ram ProMaster EV Cargo listed configs,resale_3yr_retained,not confirmed,percent,,not confirmed,2026-10-03,UNKNOWN,
ev,Ram ProMaster EV Cargo listed configs,Ram ProMaster EV Cargo listed configs,efficiency_kwh_100mi,not confirmed,kWh/100mi,,not confirmed,2026-10-03,UNKNOWN,
ev,Ram ProMaster EV Cargo listed configs,Ram ProMaster EV Cargo listed configs,energy_usd_per_mi,not confirmed,USD/mi,,not confirmed,2026-10-03,UNKNOWN,
ev,Ram ProMaster EV Cargo listed configs,Ram ProMaster EV Cargo listed configs,maint_usd_per_mi,0.061,USD/mi,,not confirmed,2026-10-03,FACT class-level AFDC,
ev,Ram ProMaster EV Cargo listed configs,Ram ProMaster EV Cargo listed configs,service_network,8,0-10 ordinal,8,not confirmed,2026-10-03,INFERENCE,
gas_candidate,Mercedes-Benz Sprinter 2500 Cargo diesel,Ram ProMaster EV Cargo listed configs,payload,not confirmed,lb,,not confirmed,2026-10-03,UNKNOWN,no
gas_candidate,Mercedes-Benz Sprinter 2500 Cargo diesel,Ram ProMaster EV Cargo listed configs,tow,5000,lb,,https://www.kbb.com/mercedes-benz/sprinter-2500-cargo/2025/,2026-10-03,FACT,yes
gas_candidate,Mercedes-Benz Sprinter 2500 Cargo diesel,Ram ProMaster EV Cargo listed configs,cargo,488 cu ft,bed_ft_or_cuft,10.0,https://www.kbb.com/mercedes-benz/sprinter-2500-cargo/2025/,2026-10-03,FACT,
gas_candidate,Mercedes-Benz Sprinter 2500 Cargo diesel,Ram ProMaster EV Cargo listed configs,cab,2,cab_ordinal_crew3,10.0,https://www.kbb.com/mercedes-benz/sprinter-2500-cargo/2025/,2026-10-03,FACT,
gas_candidate,Mercedes-Benz Sprinter 2500 Cargo diesel,Ram ProMaster EV Cargo listed configs,range,not confirmed,mi,,not confirmed,2026-10-03,UNKNOWN,no
gas_candidate,Mercedes-Benz Sprinter 2500 Cargo diesel,Ram ProMaster EV Cargo listed configs,tow_range,not confirmed,mi,,https://www.kbb.com/mercedes-benz/sprinter-2500-cargo/2025/,2026-10-03,UNKNOWN,
gas_candidate,Mercedes-Benz Sprinter 2500 Cargo diesel,Ram ProMaster EV Cargo listed configs,msrp,not confirmed,usd,,not confirmed,2026-10-03,UNKNOWN,no
gas_candidate,Mercedes-Benz Sprinter 2500 Cargo diesel,Ram ProMaster EV Cargo listed configs,resale_3yr_retained,not confirmed,percent,,not confirmed,2026-10-03,UNKNOWN,
gas_candidate,Mercedes-Benz Sprinter 2500 Cargo diesel,Ram ProMaster EV Cargo listed configs,mpg_combined,not confirmed,mpg,,not confirmed,2026-10-03,UNKNOWN,
gas_candidate,Mercedes-Benz Sprinter 2500 Cargo diesel,Ram ProMaster EV Cargo listed configs,energy_usd_per_mi,not confirmed,USD/mi,,not confirmed,2026-10-03,UNKNOWN,
gas_candidate,Mercedes-Benz Sprinter 2500 Cargo diesel,Ram ProMaster EV Cargo listed configs,maint_usd_per_mi,0.101,USD/mi,4.5,not confirmed,2026-10-03,FACT class-level AFDC,
gas_candidate,Mercedes-Benz Sprinter 2500 Cargo diesel,Ram ProMaster EV Cargo listed configs,service_network,6,0-10 ordinal,6,not confirmed,2026-10-03,INFERENCE,
gas_candidate,Mercedes-Benz Sprinter 2500 Cargo diesel,Ram ProMaster EV Cargo listed configs,class_match,full_van vs full_van,class,10.0,https://www.kbb.com/mercedes-benz/sprinter-2500-cargo/2025/,2026-10-03,INFERENCE,
gas_candidate,Mercedes-Benz Sprinter 2500 Cargo diesel,Ram ProMaster EV Cargo listed configs,rank_metric,3.3,0-10,3.3,https://www.kbb.com/mercedes-benz/sprinter-2500-cargo/2025/,2026-10-03,INFERENCE,
ev,Ram ProMaster EV Cargo listed configs,Ram ProMaster EV Cargo listed configs,TED:Range fit,not confirmed,0-10,,not confirmed,2026-10-03,not scored: not confirmed,
ev,Ram ProMaster EV Cargo listed configs,Ram ProMaster EV Cargo listed configs,TED:Payload/cargo fit,not confirmed,0-10,,not confirmed,2026-10-03,not scored: not confirmed,
ev,Ram ProMaster EV Cargo listed configs,Ram ProMaster EV Cargo listed configs,TED:Cab/crew fit,10.0,0-10,10.0,not confirmed,2026-10-03,INFERENCE,
ev,Ram ProMaster EV Cargo listed configs,Ram ProMaster EV Cargo listed configs,TED:Tow fit,not confirmed,0-10,,not confirmed,2026-10-03,not scored: not confirmed,
ev,Ram ProMaster EV Cargo listed configs,Ram ProMaster EV Cargo listed configs,TED:Resale (3-yr retained %),not confirmed,0-10,,not confirmed,2026-10-03,not scored: not confirmed,
ev,Ram ProMaster EV Cargo listed configs,Ram ProMaster EV Cargo listed configs,TED:Reliability,not confirmed,0-10,,not confirmed,2026-10-03,not scored: not confirmed,
ev,Ram ProMaster EV Cargo listed configs,Ram ProMaster EV Cargo listed configs,TED:Service network,8.0,0-10,8.0,not confirmed,2026-10-03,INFERENCE,
ev,Ram ProMaster EV Cargo listed configs,Ram ProMaster EV Cargo listed configs,TED:Longevity (warranty remaining),not confirmed,0-10,,not confirmed,2026-10-03,not scored: not confirmed,
ev,Ram ProMaster EV Cargo listed configs,Ram ProMaster EV Cargo listed configs,TED:Energy cents per mile,not confirmed,0-10,,not confirmed,2026-10-03,not scored: not confirmed,
ev,Ram ProMaster EV Cargo listed configs,Ram ProMaster EV Cargo listed configs,TED:Maintenance cents per mile,8.1,0-10,8.1,not confirmed,2026-10-03,INFERENCE,
gas_candidate,Mercedes-Benz Sprinter 2500 Cargo diesel,Ram ProMaster EV Cargo listed configs,TED:Range fit,not confirmed,0-10,,not confirmed,2026-10-03,not scored: not confirmed,
gas_candidate,Mercedes-Benz Sprinter 2500 Cargo diesel,Ram ProMaster EV Cargo listed configs,TED:Payload/cargo fit,not confirmed,0-10,,not confirmed,2026-10-03,not scored: not confirmed,
gas_candidate,Mercedes-Benz Sprinter 2500 Cargo diesel,Ram ProMaster EV Cargo listed configs,TED:Cab/crew fit,10.0,0-10,10.0,not confirmed,2026-10-03,INFERENCE,
gas_candidate,Mercedes-Benz Sprinter 2500 Cargo diesel,Ram ProMaster EV Cargo listed configs,TED:Tow fit,not confirmed,0-10,,not confirmed,2026-10-03,not scored: not confirmed,
gas_candidate,Mercedes-Benz Sprinter 2500 Cargo diesel,Ram ProMaster EV Cargo listed configs,TED:Resale (3-yr retained %),not confirmed,0-10,,not confirmed,2026-10-03,not scored: not confirmed,
gas_candidate,Mercedes-Benz Sprinter 2500 Cargo diesel,Ram ProMaster EV Cargo listed configs,TED:Reliability,not confirmed,0-10,,not confirmed,2026-10-03,not scored: not confirmed,
gas_candidate,Mercedes-Benz Sprinter 2500 Cargo diesel,Ram ProMaster EV Cargo listed configs,TED:Service network,6.0,0-10,6.0,not confirmed,2026-10-03,INFERENCE,
gas_candidate,Mercedes-Benz Sprinter 2500 Cargo diesel,Ram ProMaster EV Cargo listed configs,TED:Longevity (warranty remaining),not confirmed,0-10,,not confirmed,2026-10-03,not scored: not confirmed,
gas_candidate,Mercedes-Benz Sprinter 2500 Cargo diesel,Ram ProMaster EV Cargo listed configs,TED:Energy cents per mile,not confirmed,0-10,,not confirmed,2026-10-03,not scored: not confirmed,
gas_candidate,Mercedes-Benz Sprinter 2500 Cargo diesel,Ram ProMaster EV Cargo listed configs,TED:Maintenance cents per mile,4.5,0-10,4.5,not confirmed,2026-10-03,INFERENCE,
gas_candidate,Ford Transit Cargo Long-EL high roof T-250,Ram ProMaster EV Cargo listed configs,payload,not confirmed,lb,,not confirmed,2026-10-03,UNKNOWN,no
gas_candidate,Ford Transit Cargo Long-EL high roof T-250,Ram ProMaster EV Cargo listed configs,tow,not confirmed,lb,,not confirmed,2026-10-03,UNKNOWN,no
gas_candidate,Ford Transit Cargo Long-EL high roof T-250,Ram ProMaster EV Cargo listed configs,cargo,487.3 cu ft,bed_ft_or_cuft,10.0,https://www.kbb.com/ford/transit-250-cargo-van/2025/specs/,2026-10-03,FACT,
gas_candidate,Ford Transit Cargo Long-EL high roof T-250,Ram ProMaster EV Cargo listed configs,cab,2,cab_ordinal_crew3,10.0,https://www.kbb.com/ford/transit-250-cargo-van/2025/high-roof-extended-length/,2026-10-03,FACT,
gas_candidate,Ford Transit Cargo Long-EL high roof T-250,Ram ProMaster EV Cargo listed configs,range,not confirmed,mi,,not confirmed,2026-10-03,UNKNOWN,no
gas_candidate,Ford Transit Cargo Long-EL high roof T-250,Ram ProMaster EV Cargo listed configs,tow_range,not confirmed,mi,,not confirmed,2026-10-03,UNKNOWN,
gas_candidate,Ford Transit Cargo Long-EL high roof T-250,Ram ProMaster EV Cargo listed configs,msrp,55095,usd,,https://www.kbb.com/ford/transit-250-cargo-van/2025/,2026-10-03,FACT,yes
gas_candidate,Ford Transit Cargo Long-EL high roof T-250,Ram ProMaster EV Cargo listed configs,resale_3yr_retained,not confirmed,percent,,not confirmed,2026-10-03,UNKNOWN,
gas_candidate,Ford Transit Cargo Long-EL high roof T-250,Ram ProMaster EV Cargo listed configs,mpg_combined,not confirmed,mpg,,not confirmed,2026-10-03,UNKNOWN,
gas_candidate,Ford Transit Cargo Long-EL high roof T-250,Ram ProMaster EV Cargo listed configs,energy_usd_per_mi,not confirmed,USD/mi,,not confirmed,2026-10-03,UNKNOWN,
gas_candidate,Ford Transit Cargo Long-EL high roof T-250,Ram ProMaster EV Cargo listed configs,maint_usd_per_mi,0.101,USD/mi,4.5,not confirmed,2026-10-03,FACT class-level AFDC,
gas_candidate,Ford Transit Cargo Long-EL high roof T-250,Ram ProMaster EV Cargo listed configs,service_network,10,0-10 ordinal,10,https://www.kbb.com/ford/transit-250-cargo-van/2025/,2026-10-03,INFERENCE,
gas_candidate,Ford Transit Cargo Long-EL high roof T-250,Ram ProMaster EV Cargo listed configs,class_match,full_van vs full_van,class,10.0,https://www.kbb.com/ford/transit-250-cargo-van/2025/specs/,2026-10-03,INFERENCE,
gas_candidate,Ford Transit Cargo Long-EL high roof T-250,Ram ProMaster EV Cargo listed configs,rank_metric,3.3,0-10,3.3,https://www.kbb.com/ford/transit-250-cargo-van/2025/specs/,2026-10-03,INFERENCE,
ev,Ram ProMaster EV Cargo listed configs,Ram ProMaster EV Cargo listed configs,TED:Range fit,not confirmed,0-10,,not confirmed,2026-10-03,not scored: not confirmed,
ev,Ram ProMaster EV Cargo listed configs,Ram ProMaster EV Cargo listed configs,TED:Payload/cargo fit,not confirmed,0-10,,not confirmed,2026-10-03,not scored: not confirmed,
ev,Ram ProMaster EV Cargo listed configs,Ram ProMaster EV Cargo listed configs,TED:Cab/crew fit,10.0,0-10,10.0,not confirmed,2026-10-03,INFERENCE,
ev,Ram ProMaster EV Cargo listed configs,Ram ProMaster EV Cargo listed configs,TED:Tow fit,not confirmed,0-10,,not confirmed,2026-10-03,not scored: not confirmed,
ev,Ram ProMaster EV Cargo listed configs,Ram ProMaster EV Cargo listed configs,TED:Resale (3-yr retained %),not confirmed,0-10,,not confirmed,2026-10-03,not scored: not confirmed,
ev,Ram ProMaster EV Cargo listed configs,Ram ProMaster EV Cargo listed configs,TED:Reliability,not confirmed,0-10,,not confirmed,2026-10-03,not scored: not confirmed,
ev,Ram ProMaster EV Cargo listed configs,Ram ProMaster EV Cargo listed configs,TED:Service network,8.0,0-10,8.0,not confirmed,2026-10-03,INFERENCE,
ev,Ram ProMaster EV Cargo listed configs,Ram ProMaster EV Cargo listed configs,TED:Longevity (warranty remaining),not confirmed,0-10,,not confirmed,2026-10-03,not scored: not confirmed,
ev,Ram ProMaster EV Cargo listed configs,Ram ProMaster EV Cargo listed configs,TED:Energy cents per mile,not confirmed,0-10,,not confirmed,2026-10-03,not scored: not confirmed,
ev,Ram ProMaster EV Cargo listed configs,Ram ProMaster EV Cargo listed configs,TED:Maintenance cents per mile,8.1,0-10,8.1,not confirmed,2026-10-03,INFERENCE,
gas_candidate,Ford Transit Cargo Long-EL high roof T-250,Ram ProMaster EV Cargo listed configs,TED:Range fit,not confirmed,0-10,,not confirmed,2026-10-03,not scored: not confirmed,
gas_candidate,Ford Transit Cargo Long-EL high roof T-250,Ram ProMaster EV Cargo listed configs,TED:Payload/cargo fit,not confirmed,0-10,,not confirmed,2026-10-03,not scored: not confirmed,
gas_candidate,Ford Transit Cargo Long-EL high roof T-250,Ram ProMaster EV Cargo listed configs,TED:Cab/crew fit,10.0,0-10,10.0,not confirmed,2026-10-03,INFERENCE,
gas_candidate,Ford Transit Cargo Long-EL high roof T-250,Ram ProMaster EV Cargo listed configs,TED:Tow fit,not confirmed,0-10,,not confirmed,2026-10-03,not scored: not confirmed,
gas_candidate,Ford Transit Cargo Long-EL high roof T-250,Ram ProMaster EV Cargo listed configs,TED:Resale (3-yr retained %),not confirmed,0-10,,not confirmed,2026-10-03,not scored: not confirmed,
gas_candidate,Ford Transit Cargo Long-EL high roof T-250,Ram ProMaster EV Cargo listed configs,TED:Reliability,not confirmed,0-10,,not confirmed,2026-10-03,not scored: not confirmed,
gas_candidate,Ford Transit Cargo Long-EL high roof T-250,Ram ProMaster EV Cargo listed configs,TED:Service network,10.0,0-10,10.0,not confirmed,2026-10-03,INFERENCE,
gas_candidate,Ford Transit Cargo Long-EL high roof T-250,Ram ProMaster EV Cargo listed configs,TED:Longevity (warranty remaining),not confirmed,0-10,,not confirmed,2026-10-03,not scored: not confirmed,
gas_candidate,Ford Transit Cargo Long-EL high roof T-250,Ram ProMaster EV Cargo listed configs,TED:Energy cents per mile,not confirmed,0-10,,not confirmed,2026-10-03,not scored: not confirmed,
gas_candidate,Ford Transit Cargo Long-EL high roof T-250,Ram ProMaster EV Cargo listed configs,TED:Maintenance cents per mile,4.5,0-10,4.5,not confirmed,2026-10-03,INFERENCE,
gas_candidate,Ram ProMaster 3500 Cargo Standard Roof 136-inch WB,Ram ProMaster EV Cargo listed configs,payload,4680,lb,,https://www.motortrend.com/cars/ram/promaster/2025,2026-10-03,FACT,yes
gas_candidate,Ram ProMaster 3500 Cargo Standard Roof 136-inch WB,Ram ProMaster EV Cargo listed configs,tow,6700,lb,,"Canadian dealer PDF, US not confirmed — https://www.birchwoodchrysler.ca/wp-content/uploads/2024/10/2025-Ram-Promaster-Payload-Towing.pdf",2026-10-03,FACT,no
gas_candidate,Ram ProMaster 3500 Cargo Standard Roof 136-inch WB,Ram ProMaster EV Cargo listed configs,cargo,307.5 cu ft,bed_ft_or_cuft,2.2,https://www.birchwoodchrysler.ca/wp-content/uploads/2024/10/2025-Ram-Promaster-Payload-Towing.pdf,2026-10-03,FACT,
gas_candidate,Ram ProMaster 3500 Cargo Standard Roof 136-inch WB,Ram ProMaster EV Cargo listed configs,cab,2,cab_ordinal_crew3,10.0,https://www.birchwoodchrysler.ca/wp-content/uploads/2024/10/2025-Ram-Promaster-Payload-Towing.pdf,2026-10-03,FACT,
gas_candidate,Ram ProMaster 3500 Cargo Standard Roof 136-inch WB,Ram ProMaster EV Cargo listed configs,range,not confirmed,mi,,not confirmed,2026-10-03,UNKNOWN,no
gas_candidate,Ram ProMaster 3500 Cargo Standard Roof 136-inch WB,Ram ProMaster EV Cargo listed configs,tow_range,not confirmed,mi,,"Canadian dealer PDF, US not confirmed — https://www.birchwoodchrysler.ca/wp-content/uploads/2024/10/2025-Ram-Promaster-Payload-Towing.pdf",2026-10-03,UNKNOWN,no
gas_candidate,Ram ProMaster 3500 Cargo Standard Roof 136-inch WB,Ram ProMaster EV Cargo listed configs,msrp,not confirmed,usd,,not confirmed,2026-10-03,UNKNOWN,no
gas_candidate,Ram ProMaster 3500 Cargo Standard Roof 136-inch WB,Ram ProMaster EV Cargo listed configs,resale_3yr_retained,not confirmed,percent,,not confirmed,2026-10-03,UNKNOWN,
gas_candidate,Ram ProMaster 3500 Cargo Standard Roof 136-inch WB,Ram ProMaster EV Cargo listed configs,mpg_combined,not confirmed,mpg,,not confirmed,2026-10-03,UNKNOWN,
gas_candidate,Ram ProMaster 3500 Cargo Standard Roof 136-inch WB,Ram ProMaster EV Cargo listed configs,energy_usd_per_mi,not confirmed,USD/mi,,not confirmed,2026-10-03,UNKNOWN,
gas_candidate,Ram ProMaster 3500 Cargo Standard Roof 136-inch WB,Ram ProMaster EV Cargo listed configs,maint_usd_per_mi,0.101,USD/mi,4.5,not confirmed,2026-10-03,FACT class-level AFDC,
gas_candidate,Ram ProMaster 3500 Cargo Standard Roof 136-inch WB,Ram ProMaster EV Cargo listed configs,service_network,8,0-10 ordinal,8,not confirmed,2026-10-03,INFERENCE,
gas_candidate,Ram ProMaster 3500 Cargo Standard Roof 136-inch WB,Ram ProMaster EV Cargo listed configs,class_match,full_van vs full_van,class,10.0,https://www.birchwoodchrysler.ca/wp-content/uploads/2024/10/2025-Ram-Promaster-Payload-Towing.pdf,2026-10-03,INFERENCE,
gas_candidate,Ram ProMaster 3500 Cargo Standard Roof 136-inch WB,Ram ProMaster EV Cargo listed configs,rank_metric,2.5,0-10,2.5,https://www.birchwoodchrysler.ca/wp-content/uploads/2024/10/2025-Ram-Promaster-Payload-Towing.pdf,2026-10-03,INFERENCE,
ev,Ram ProMaster EV Cargo listed configs,Ram ProMaster EV Cargo listed configs,TED:Range fit,not confirmed,0-10,,not confirmed,2026-10-03,not scored: not confirmed,
ev,Ram ProMaster EV Cargo listed configs,Ram ProMaster EV Cargo listed configs,TED:Payload/cargo fit,not confirmed,0-10,,not confirmed,2026-10-03,not scored: not confirmed,
ev,Ram ProMaster EV Cargo listed configs,Ram ProMaster EV Cargo listed configs,TED:Cab/crew fit,10.0,0-10,10.0,not confirmed,2026-10-03,INFERENCE,
ev,Ram ProMaster EV Cargo listed configs,Ram ProMaster EV Cargo listed configs,TED:Tow fit,not confirmed,0-10,,not confirmed,2026-10-03,not scored: not confirmed,
ev,Ram ProMaster EV Cargo listed configs,Ram ProMaster EV Cargo listed configs,TED:Resale (3-yr retained %),not confirmed,0-10,,not confirmed,2026-10-03,not scored: not confirmed,
ev,Ram ProMaster EV Cargo listed configs,Ram ProMaster EV Cargo listed configs,TED:Reliability,not confirmed,0-10,,not confirmed,2026-10-03,not scored: not confirmed,
ev,Ram ProMaster EV Cargo listed configs,Ram ProMaster EV Cargo listed configs,TED:Service network,8.0,0-10,8.0,not confirmed,2026-10-03,INFERENCE,
ev,Ram ProMaster EV Cargo listed configs,Ram ProMaster EV Cargo listed configs,TED:Longevity (warranty remaining),not confirmed,0-10,,not confirmed,2026-10-03,not scored: not confirmed,
ev,Ram ProMaster EV Cargo listed configs,Ram ProMaster EV Cargo listed configs,TED:Energy cents per mile,not confirmed,0-10,,not confirmed,2026-10-03,not scored: not confirmed,
ev,Ram ProMaster EV Cargo listed configs,Ram ProMaster EV Cargo listed configs,TED:Maintenance cents per mile,8.1,0-10,8.1,not confirmed,2026-10-03,INFERENCE,
gas_candidate,Ram ProMaster 3500 Cargo Standard Roof 136-inch WB,Ram ProMaster EV Cargo listed configs,TED:Range fit,not confirmed,0-10,,not confirmed,2026-10-03,not scored: not confirmed,
gas_candidate,Ram ProMaster 3500 Cargo Standard Roof 136-inch WB,Ram ProMaster EV Cargo listed configs,TED:Payload/cargo fit,not confirmed,0-10,,not confirmed,2026-10-03,not scored: not confirmed,
gas_candidate,Ram ProMaster 3500 Cargo Standard Roof 136-inch WB,Ram ProMaster EV Cargo listed configs,TED:Cab/crew fit,10.0,0-10,10.0,not confirmed,2026-10-03,INFERENCE,
gas_candidate,Ram ProMaster 3500 Cargo Standard Roof 136-inch WB,Ram ProMaster EV Cargo listed configs,TED:Tow fit,not confirmed,0-10,,not confirmed,2026-10-03,not scored: not confirmed,
gas_candidate,Ram ProMaster 3500 Cargo Standard Roof 136-inch WB,Ram ProMaster EV Cargo listed configs,TED:Resale (3-yr retained %),not confirmed,0-10,,not confirmed,2026-10-03,not scored: not confirmed,
gas_candidate,Ram ProMaster 3500 Cargo Standard Roof 136-inch WB,Ram ProMaster EV Cargo listed configs,TED:Reliability,not confirmed,0-10,,not confirmed,2026-10-03,not scored: not confirmed,
gas_candidate,Ram ProMaster 3500 Cargo Standard Roof 136-inch WB,Ram ProMaster EV Cargo listed configs,TED:Service network,8.0,0-10,8.0,not confirmed,2026-10-03,INFERENCE,
gas_candidate,Ram ProMaster 3500 Cargo Standard Roof 136-inch WB,Ram ProMaster EV Cargo listed configs,TED:Longevity (warranty remaining),not confirmed,0-10,,not confirmed,2026-10-03,not scored: not confirmed,
gas_candidate,Ram ProMaster 3500 Cargo Standard Roof 136-inch WB,Ram ProMaster EV Cargo listed configs,TED:Energy cents per mile,not confirmed,0-10,,not confirmed,2026-10-03,not scored: not confirmed,
gas_candidate,Ram ProMaster 3500 Cargo Standard Roof 136-inch WB,Ram ProMaster EV Cargo listed configs,TED:Maintenance cents per mile,4.5,0-10,4.5,not confirmed,2026-10-03,INFERENCE,
gas_candidate,Chevrolet Express 2500 Cargo Extended,Ram ProMaster EV Cargo listed configs,payload,3060,lb,,https://www.kbb.com/chevrolet/express-2500-cargo/2025/extended/,2026-10-03,FACT,yes
gas_candidate,Chevrolet Express 2500 Cargo Extended,Ram ProMaster EV Cargo listed configs,tow,10000,lb,,https://www.kbb.com/chevrolet/express-2500-cargo/2025/extended/,2026-10-03,FACT,yes
gas_candidate,Chevrolet Express 2500 Cargo Extended,Ram ProMaster EV Cargo listed configs,cargo,283.6 cu ft,bed_ft_or_cuft,1.0,https://www.kbb.com/chevrolet/express-2500-cargo/2025/extended/,2026-10-03,FACT,
gas_candidate,Chevrolet Express 2500 Cargo Extended,Ram ProMaster EV Cargo listed configs,cab,2,cab_ordinal_crew3,10.0,https://www.kbb.com/chevrolet/express-2500-cargo/2025/extended/,2026-10-03,FACT,
gas_candidate,Chevrolet Express 2500 Cargo Extended,Ram ProMaster EV Cargo listed configs,range,not confirmed,mi,,not confirmed,2026-10-03,UNKNOWN,no
gas_candidate,Chevrolet Express 2500 Cargo Extended,Ram ProMaster EV Cargo listed configs,tow_range,not confirmed,mi,,https://www.kbb.com/chevrolet/express-2500-cargo/2025/extended/,2026-10-03,UNKNOWN,
gas_candidate,Chevrolet Express 2500 Cargo Extended,Ram ProMaster EV Cargo listed configs,msrp,45695,usd,,https://www.kbb.com/chevrolet/express-2500-cargo/2025/,2026-10-03,FACT,yes
gas_candidate,Chevrolet Express 2500 Cargo Extended,Ram ProMaster EV Cargo listed configs,resale_3yr_retained,not confirmed,percent,,not confirmed,2026-10-03,UNKNOWN,
gas_candidate,Chevrolet Express 2500 Cargo Extended,Ram ProMaster EV Cargo listed configs,mpg_combined,not confirmed,mpg,,not confirmed,2026-10-03,UNKNOWN,
gas_candidate,Chevrolet Express 2500 Cargo Extended,Ram ProMaster EV Cargo listed configs,energy_usd_per_mi,not confirmed,USD/mi,,not confirmed,2026-10-03,UNKNOWN,
gas_candidate,Chevrolet Express 2500 Cargo Extended,Ram ProMaster EV Cargo listed configs,maint_usd_per_mi,0.101,USD/mi,4.5,not confirmed,2026-10-03,FACT class-level AFDC,
gas_candidate,Chevrolet Express 2500 Cargo Extended,Ram ProMaster EV Cargo listed configs,service_network,9,0-10 ordinal,9,https://www.kbb.com/chevrolet/express-2500-cargo/2025/,2026-10-03,INFERENCE,
gas_candidate,Chevrolet Express 2500 Cargo Extended,Ram ProMaster EV Cargo listed configs,class_match,full_van vs full_van,class,10.0,https://www.kbb.com/chevrolet/express-2500-cargo/2025/extended/,2026-10-03,INFERENCE,
gas_candidate,Chevrolet Express 2500 Cargo Extended,Ram ProMaster EV Cargo listed configs,rank_metric,2.4,0-10,2.4,https://www.kbb.com/chevrolet/express-2500-cargo/2025/extended/,2026-10-03,INFERENCE,
ev,Ram ProMaster EV Cargo listed configs,Ram ProMaster EV Cargo listed configs,TED:Range fit,not confirmed,0-10,,not confirmed,2026-10-03,not scored: not confirmed,
ev,Ram ProMaster EV Cargo listed configs,Ram ProMaster EV Cargo listed configs,TED:Payload/cargo fit,not confirmed,0-10,,not confirmed,2026-10-03,not scored: not confirmed,
ev,Ram ProMaster EV Cargo listed configs,Ram ProMaster EV Cargo listed configs,TED:Cab/crew fit,10.0,0-10,10.0,not confirmed,2026-10-03,INFERENCE,
ev,Ram ProMaster EV Cargo listed configs,Ram ProMaster EV Cargo listed configs,TED:Tow fit,not confirmed,0-10,,not confirmed,2026-10-03,not scored: not confirmed,
ev,Ram ProMaster EV Cargo listed configs,Ram ProMaster EV Cargo listed configs,TED:Resale (3-yr retained %),not confirmed,0-10,,not confirmed,2026-10-03,not scored: not confirmed,
ev,Ram ProMaster EV Cargo listed configs,Ram ProMaster EV Cargo listed configs,TED:Reliability,not confirmed,0-10,,not confirmed,2026-10-03,not scored: not confirmed,
ev,Ram ProMaster EV Cargo listed configs,Ram ProMaster EV Cargo listed configs,TED:Service network,8.0,0-10,8.0,not confirmed,2026-10-03,INFERENCE,
ev,Ram ProMaster EV Cargo listed configs,Ram ProMaster EV Cargo listed configs,TED:Longevity (warranty remaining),not confirmed,0-10,,not confirmed,2026-10-03,not scored: not confirmed,
ev,Ram ProMaster EV Cargo listed configs,Ram ProMaster EV Cargo listed configs,TED:Energy cents per mile,not confirmed,0-10,,not confirmed,2026-10-03,not scored: not confirmed,
ev,Ram ProMaster EV Cargo listed configs,Ram ProMaster EV Cargo listed configs,TED:Maintenance cents per mile,8.1,0-10,8.1,not confirmed,2026-10-03,INFERENCE,
gas_candidate,Chevrolet Express 2500 Cargo Extended,Ram ProMaster EV Cargo listed configs,TED:Range fit,not confirmed,0-10,,not confirmed,2026-10-03,not scored: not confirmed,
gas_candidate,Chevrolet Express 2500 Cargo Extended,Ram ProMaster EV Cargo listed configs,TED:Payload/cargo fit,not confirmed,0-10,,not confirmed,2026-10-03,not scored: not confirmed,
gas_candidate,Chevrolet Express 2500 Cargo Extended,Ram ProMaster EV Cargo listed configs,TED:Cab/crew fit,10.0,0-10,10.0,not confirmed,2026-10-03,INFERENCE,
gas_candidate,Chevrolet Express 2500 Cargo Extended,Ram ProMaster EV Cargo listed configs,TED:Tow fit,not confirmed,0-10,,not confirmed,2026-10-03,not scored: not confirmed,
gas_candidate,Chevrolet Express 2500 Cargo Extended,Ram ProMaster EV Cargo listed configs,TED:Resale (3-yr retained %),not confirmed,0-10,,not confirmed,2026-10-03,not scored: not confirmed,
gas_candidate,Chevrolet Express 2500 Cargo Extended,Ram ProMaster EV Cargo listed configs,TED:Reliability,not confirmed,0-10,,not confirmed,2026-10-03,not scored: not confirmed,
gas_candidate,Chevrolet Express 2500 Cargo Extended,Ram ProMaster EV Cargo listed configs,TED:Service network,9.0,0-10,9.0,not confirmed,2026-10-03,INFERENCE,
gas_candidate,Chevrolet Express 2500 Cargo Extended,Ram ProMaster EV Cargo listed configs,TED:Longevity (warranty remaining),not confirmed,0-10,,not confirmed,2026-10-03,not scored: not confirmed,
gas_candidate,Chevrolet Express 2500 Cargo Extended,Ram ProMaster EV Cargo listed configs,TED:Energy cents per mile,not confirmed,0-10,,not confirmed,2026-10-03,not scored: not confirmed,
gas_candidate,Chevrolet Express 2500 Cargo Extended,Ram ProMaster EV Cargo listed configs,TED:Maintenance cents per mile,4.5,0-10,4.5,not confirmed,2026-10-03,INFERENCE,
ev,Mercedes-Benz eSprinter 2500 144 WB SR 81kWh,Mercedes-Benz eSprinter 2500 144 WB SR 81kWh,payload,3516,lb,,https://www.caranddriver.com/mercedes-benz/esprinter-2025,2026-10-03,FACT,yes
ev,Mercedes-Benz eSprinter 2500 144 WB SR 81kWh,Mercedes-Benz eSprinter 2500 144 WB SR 81kWh,tow,0,lb,,https://www.kbb.com/mercedes-benz/esprinter/2025/specs/,2026-10-03,FACT,yes
ev,Mercedes-Benz eSprinter 2500 144 WB SR 81kWh,Mercedes-Benz eSprinter 2500 144 WB SR 81kWh,cargo,319 cu ft,bed_ft_or_cuft,,https://www.caranddriver.com/mercedes-benz/esprinter-2025,2026-10-03,FACT,
ev,Mercedes-Benz eSprinter 2500 144 WB SR 81kWh,Mercedes-Benz eSprinter 2500 144 WB SR 81kWh,cab,2,cab_ordinal_crew3,,https://www.caranddriver.com/mercedes-benz/esprinter-2025,2026-10-03,FACT,
ev,Mercedes-Benz eSprinter 2500 144 WB SR 81kWh,Mercedes-Benz eSprinter 2500 144 WB SR 81kWh,range,150,mi,,https://www.mbvans.com/content/dam/mb-vans/us/esprinter/eSprinter_Sell-SheetV2.pdf,2026-10-03,FACT,yes
ev,Mercedes-Benz eSprinter 2500 144 WB SR 81kWh,Mercedes-Benz eSprinter 2500 144 WB SR 81kWh,tow_range,not rated 144,mi,,https://www.kbb.com/mercedes-benz/esprinter/2025/specs/,2026-10-03,UNKNOWN,
ev,Mercedes-Benz eSprinter 2500 144 WB SR 81kWh,Mercedes-Benz eSprinter 2500 144 WB SR 81kWh,msrp,not confirmed,usd,,not confirmed,2026-10-03,UNKNOWN,no
ev,Mercedes-Benz eSprinter 2500 144 WB SR 81kWh,Mercedes-Benz eSprinter 2500 144 WB SR 81kWh,resale_3yr_retained,not confirmed,percent,,not confirmed,2026-10-03,UNKNOWN,
ev,Mercedes-Benz eSprinter 2500 144 WB SR 81kWh,Mercedes-Benz eSprinter 2500 144 WB SR 81kWh,efficiency_kwh_100mi,not confirmed,kWh/100mi,,not confirmed,2026-10-03,UNKNOWN,
ev,Mercedes-Benz eSprinter 2500 144 WB SR 81kWh,Mercedes-Benz eSprinter 2500 144 WB SR 81kWh,energy_usd_per_mi,not confirmed,USD/mi,,not confirmed,2026-10-03,UNKNOWN,
ev,Mercedes-Benz eSprinter 2500 144 WB SR 81kWh,Mercedes-Benz eSprinter 2500 144 WB SR 81kWh,maint_usd_per_mi,0.061,USD/mi,,not confirmed,2026-10-03,FACT class-level AFDC,
ev,Mercedes-Benz eSprinter 2500 144 WB SR 81kWh,Mercedes-Benz eSprinter 2500 144 WB SR 81kWh,service_network,6,0-10 ordinal,6,not confirmed,2026-10-03,INFERENCE,
gas_candidate,Ford Transit Cargo Medium Roof LWB T-250,Mercedes-Benz eSprinter 2500 144 WB SR 81kWh,payload,3834,lb,10.0,https://www.merchantsfleet.com/fleet-vehicles/ford-transit-250-cargo/,2026-10-03,FACT,yes
gas_candidate,Ford Transit Cargo Medium Roof LWB T-250,Mercedes-Benz eSprinter 2500 144 WB SR 81kWh,tow,5000,lb,8.0,https://www.merchantsfleet.com/fleet-vehicles/ford-transit-250-cargo/,2026-10-03,FACT,yes
gas_candidate,Ford Transit Cargo Medium Roof LWB T-250,Mercedes-Benz eSprinter 2500 144 WB SR 81kWh,cargo,357.1 cu ft,bed_ft_or_cuft,10.0,https://www.kbb.com/ford/transit-250-cargo-van/2025/specs/,2026-10-03,FACT,
gas_candidate,Ford Transit Cargo Medium Roof LWB T-250,Mercedes-Benz eSprinter 2500 144 WB SR 81kWh,cab,2,cab_ordinal_crew3,10.0,https://www.kbb.com/ford/transit-250-cargo-van/2025/medium-roof-w-lwb/,2026-10-03,FACT,
gas_candidate,Ford Transit Cargo Medium Roof LWB T-250,Mercedes-Benz eSprinter 2500 144 WB SR 81kWh,range,not confirmed,mi,,not confirmed,2026-10-03,UNKNOWN,no
gas_candidate,Ford Transit Cargo Medium Roof LWB T-250,Mercedes-Benz eSprinter 2500 144 WB SR 81kWh,tow_range,not confirmed,mi,,https://www.merchantsfleet.com/fleet-vehicles/ford-transit-250-cargo/,2026-10-03,UNKNOWN,
gas_candidate,Ford Transit Cargo Medium Roof LWB T-250,Mercedes-Benz eSprinter 2500 144 WB SR 81kWh,msrp,56795,usd,,https://www.kbb.com/ford/transit-250-cargo-van/2025/specs/,2026-10-03,FACT,yes
gas_candidate,Ford Transit Cargo Medium Roof LWB T-250,Mercedes-Benz eSprinter 2500 144 WB SR 81kWh,resale_3yr_retained,not confirmed,percent,,not confirmed,2026-10-03,UNKNOWN,
gas_candidate,Ford Transit Cargo Medium Roof LWB T-250,Mercedes-Benz eSprinter 2500 144 WB SR 81kWh,mpg_combined,not confirmed,mpg,,not confirmed,2026-10-03,UNKNOWN,
gas_candidate,Ford Transit Cargo Medium Roof LWB T-250,Mercedes-Benz eSprinter 2500 144 WB SR 81kWh,energy_usd_per_mi,not confirmed,USD/mi,,not confirmed,2026-10-03,UNKNOWN,
gas_candidate,Ford Transit Cargo Medium Roof LWB T-250,Mercedes-Benz eSprinter 2500 144 WB SR 81kWh,maint_usd_per_mi,0.101,USD/mi,4.5,not confirmed,2026-10-03,FACT class-level AFDC,
gas_candidate,Ford Transit Cargo Medium Roof LWB T-250,Mercedes-Benz eSprinter 2500 144 WB SR 81kWh,service_network,10,0-10 ordinal,10,https://www.kbb.com/ford/transit-250-cargo-van/2025/specs/,2026-10-03,INFERENCE,
gas_candidate,Ford Transit Cargo Medium Roof LWB T-250,Mercedes-Benz eSprinter 2500 144 WB SR 81kWh,class_match,full_van vs full_van,class,10.0,https://www.kbb.com/ford/transit-250-cargo-van/2025/specs/,2026-10-03,INFERENCE,
gas_candidate,Ford Transit Cargo Medium Roof LWB T-250,Mercedes-Benz eSprinter 2500 144 WB SR 81kWh,rank_metric,6.5,0-10,6.5,https://www.kbb.com/ford/transit-250-cargo-van/2025/specs/,2026-10-03,INFERENCE,
ev,Mercedes-Benz eSprinter 2500 144 WB SR 81kWh,Mercedes-Benz eSprinter 2500 144 WB SR 81kWh,TED:Range fit,10.0,0-10,10.0,https://www.mbvans.com/content/dam/mb-vans/us/esprinter/eSprinter_Sell-SheetV2.pdf,2026-10-03,INFERENCE,
ev,Mercedes-Benz eSprinter 2500 144 WB SR 81kWh,Mercedes-Benz eSprinter 2500 144 WB SR 81kWh,TED:Payload/cargo fit,10.0,0-10,10.0,https://www.mbvans.com/content/dam/mb-vans/us/esprinter/eSprinter_Sell-SheetV2.pdf,2026-10-03,INFERENCE,
ev,Mercedes-Benz eSprinter 2500 144 WB SR 81kWh,Mercedes-Benz eSprinter 2500 144 WB SR 81kWh,TED:Cab/crew fit,10.0,0-10,10.0,https://www.mbvans.com/content/dam/mb-vans/us/esprinter/eSprinter_Sell-SheetV2.pdf,2026-10-03,INFERENCE,
ev,Mercedes-Benz eSprinter 2500 144 WB SR 81kWh,Mercedes-Benz eSprinter 2500 144 WB SR 81kWh,TED:Tow fit,10.0,0-10,10.0,https://www.mbvans.com/content/dam/mb-vans/us/esprinter/eSprinter_Sell-SheetV2.pdf,2026-10-03,INFERENCE,
ev,Mercedes-Benz eSprinter 2500 144 WB SR 81kWh,Mercedes-Benz eSprinter 2500 144 WB SR 81kWh,TED:Resale (3-yr retained %),not confirmed,0-10,,https://www.mbvans.com/content/dam/mb-vans/us/esprinter/eSprinter_Sell-SheetV2.pdf,2026-10-03,not scored: not confirmed,
ev,Mercedes-Benz eSprinter 2500 144 WB SR 81kWh,Mercedes-Benz eSprinter 2500 144 WB SR 81kWh,TED:Reliability,not confirmed,0-10,,https://www.mbvans.com/content/dam/mb-vans/us/esprinter/eSprinter_Sell-SheetV2.pdf,2026-10-03,not scored: not confirmed,
ev,Mercedes-Benz eSprinter 2500 144 WB SR 81kWh,Mercedes-Benz eSprinter 2500 144 WB SR 81kWh,TED:Service network,6.0,0-10,6.0,https://www.mbvans.com/content/dam/mb-vans/us/esprinter/eSprinter_Sell-SheetV2.pdf,2026-10-03,INFERENCE,
ev,Mercedes-Benz eSprinter 2500 144 WB SR 81kWh,Mercedes-Benz eSprinter 2500 144 WB SR 81kWh,TED:Longevity (warranty remaining),not confirmed,0-10,,https://www.mbvans.com/content/dam/mb-vans/us/esprinter/eSprinter_Sell-SheetV2.pdf,2026-10-03,not scored: not confirmed,
ev,Mercedes-Benz eSprinter 2500 144 WB SR 81kWh,Mercedes-Benz eSprinter 2500 144 WB SR 81kWh,TED:Energy cents per mile,not confirmed,0-10,,https://www.mbvans.com/content/dam/mb-vans/us/esprinter/eSprinter_Sell-SheetV2.pdf,2026-10-03,not scored: not confirmed,
ev,Mercedes-Benz eSprinter 2500 144 WB SR 81kWh,Mercedes-Benz eSprinter 2500 144 WB SR 81kWh,TED:Maintenance cents per mile,8.1,0-10,8.1,https://www.mbvans.com/content/dam/mb-vans/us/esprinter/eSprinter_Sell-SheetV2.pdf,2026-10-03,INFERENCE,
gas_candidate,Ford Transit Cargo Medium Roof LWB T-250,Mercedes-Benz eSprinter 2500 144 WB SR 81kWh,TED:Range fit,not confirmed,0-10,,not confirmed,2026-10-03,not scored: not confirmed,
gas_candidate,Ford Transit Cargo Medium Roof LWB T-250,Mercedes-Benz eSprinter 2500 144 WB SR 81kWh,TED:Payload/cargo fit,10.0,0-10,10.0,not confirmed,2026-10-03,INFERENCE,
gas_candidate,Ford Transit Cargo Medium Roof LWB T-250,Mercedes-Benz eSprinter 2500 144 WB SR 81kWh,TED:Cab/crew fit,10.0,0-10,10.0,not confirmed,2026-10-03,INFERENCE,
gas_candidate,Ford Transit Cargo Medium Roof LWB T-250,Mercedes-Benz eSprinter 2500 144 WB SR 81kWh,TED:Tow fit,7.0,0-10,7.0,not confirmed,2026-10-03,INFERENCE,
gas_candidate,Ford Transit Cargo Medium Roof LWB T-250,Mercedes-Benz eSprinter 2500 144 WB SR 81kWh,TED:Resale (3-yr retained %),not confirmed,0-10,,not confirmed,2026-10-03,not scored: not confirmed,
gas_candidate,Ford Transit Cargo Medium Roof LWB T-250,Mercedes-Benz eSprinter 2500 144 WB SR 81kWh,TED:Reliability,not confirmed,0-10,,not confirmed,2026-10-03,not scored: not confirmed,
gas_candidate,Ford Transit Cargo Medium Roof LWB T-250,Mercedes-Benz eSprinter 2500 144 WB SR 81kWh,TED:Service network,10.0,0-10,10.0,not confirmed,2026-10-03,INFERENCE,
gas_candidate,Ford Transit Cargo Medium Roof LWB T-250,Mercedes-Benz eSprinter 2500 144 WB SR 81kWh,TED:Longevity (warranty remaining),not confirmed,0-10,,not confirmed,2026-10-03,not scored: not confirmed,
gas_candidate,Ford Transit Cargo Medium Roof LWB T-250,Mercedes-Benz eSprinter 2500 144 WB SR 81kWh,TED:Energy cents per mile,not confirmed,0-10,,not confirmed,2026-10-03,not scored: not confirmed,
gas_candidate,Ford Transit Cargo Medium Roof LWB T-250,Mercedes-Benz eSprinter 2500 144 WB SR 81kWh,TED:Maintenance cents per mile,4.5,0-10,4.5,not confirmed,2026-10-03,INFERENCE,
gas_candidate,Ram ProMaster 3500 Cargo Standard Roof 136-inch WB,Mercedes-Benz eSprinter 2500 144 WB SR 81kWh,payload,4680,lb,10.0,https://www.motortrend.com/cars/ram/promaster/2025,2026-10-03,FACT,yes
gas_candidate,Ram ProMaster 3500 Cargo Standard Roof 136-inch WB,Mercedes-Benz eSprinter 2500 144 WB SR 81kWh,tow,6700,lb,8.0,"Canadian dealer PDF, US not confirmed — https://www.birchwoodchrysler.ca/wp-content/uploads/2024/10/2025-Ram-Promaster-Payload-Towing.pdf",2026-10-03,FACT,no
gas_candidate,Ram ProMaster 3500 Cargo Standard Roof 136-inch WB,Mercedes-Benz eSprinter 2500 144 WB SR 81kWh,cargo,307.5 cu ft,bed_ft_or_cuft,9.4,https://www.birchwoodchrysler.ca/wp-content/uploads/2024/10/2025-Ram-Promaster-Payload-Towing.pdf,2026-10-03,FACT,
gas_candidate,Ram ProMaster 3500 Cargo Standard Roof 136-inch WB,Mercedes-Benz eSprinter 2500 144 WB SR 81kWh,cab,2,cab_ordinal_crew3,10.0,https://www.birchwoodchrysler.ca/wp-content/uploads/2024/10/2025-Ram-Promaster-Payload-Towing.pdf,2026-10-03,FACT,
gas_candidate,Ram ProMaster 3500 Cargo Standard Roof 136-inch WB,Mercedes-Benz eSprinter 2500 144 WB SR 81kWh,range,not confirmed,mi,,not confirmed,2026-10-03,UNKNOWN,no
gas_candidate,Ram ProMaster 3500 Cargo Standard Roof 136-inch WB,Mercedes-Benz eSprinter 2500 144 WB SR 81kWh,tow_range,not confirmed,mi,,"Canadian dealer PDF, US not confirmed — https://www.birchwoodchrysler.ca/wp-content/uploads/2024/10/2025-Ram-Promaster-Payload-Towing.pdf",2026-10-03,UNKNOWN,no
gas_candidate,Ram ProMaster 3500 Cargo Standard Roof 136-inch WB,Mercedes-Benz eSprinter 2500 144 WB SR 81kWh,msrp,not confirmed,usd,,not confirmed,2026-10-03,UNKNOWN,no
gas_candidate,Ram ProMaster 3500 Cargo Standard Roof 136-inch WB,Mercedes-Benz eSprinter 2500 144 WB SR 81kWh,resale_3yr_retained,not confirmed,percent,,not confirmed,2026-10-03,UNKNOWN,
gas_candidate,Ram ProMaster 3500 Cargo Standard Roof 136-inch WB,Mercedes-Benz eSprinter 2500 144 WB SR 81kWh,mpg_combined,not confirmed,mpg,,not confirmed,2026-10-03,UNKNOWN,
gas_candidate,Ram ProMaster 3500 Cargo Standard Roof 136-inch WB,Mercedes-Benz eSprinter 2500 144 WB SR 81kWh,energy_usd_per_mi,not confirmed,USD/mi,,not confirmed,2026-10-03,UNKNOWN,
gas_candidate,Ram ProMaster 3500 Cargo Standard Roof 136-inch WB,Mercedes-Benz eSprinter 2500 144 WB SR 81kWh,maint_usd_per_mi,0.101,USD/mi,4.5,not confirmed,2026-10-03,FACT class-level AFDC,
gas_candidate,Ram ProMaster 3500 Cargo Standard Roof 136-inch WB,Mercedes-Benz eSprinter 2500 144 WB SR 81kWh,service_network,8,0-10 ordinal,8,not confirmed,2026-10-03,INFERENCE,
gas_candidate,Ram ProMaster 3500 Cargo Standard Roof 136-inch WB,Mercedes-Benz eSprinter 2500 144 WB SR 81kWh,class_match,full_van vs full_van,class,10.0,https://www.birchwoodchrysler.ca/wp-content/uploads/2024/10/2025-Ram-Promaster-Payload-Towing.pdf,2026-10-03,INFERENCE,
gas_candidate,Ram ProMaster 3500 Cargo Standard Roof 136-inch WB,Mercedes-Benz eSprinter 2500 144 WB SR 81kWh,rank_metric,6.4,0-10,6.4,https://www.birchwoodchrysler.ca/wp-content/uploads/2024/10/2025-Ram-Promaster-Payload-Towing.pdf,2026-10-03,INFERENCE,
ev,Mercedes-Benz eSprinter 2500 144 WB SR 81kWh,Mercedes-Benz eSprinter 2500 144 WB SR 81kWh,TED:Range fit,10.0,0-10,10.0,https://www.mbvans.com/content/dam/mb-vans/us/esprinter/eSprinter_Sell-SheetV2.pdf,2026-10-03,INFERENCE,
ev,Mercedes-Benz eSprinter 2500 144 WB SR 81kWh,Mercedes-Benz eSprinter 2500 144 WB SR 81kWh,TED:Payload/cargo fit,10.0,0-10,10.0,https://www.mbvans.com/content/dam/mb-vans/us/esprinter/eSprinter_Sell-SheetV2.pdf,2026-10-03,INFERENCE,
ev,Mercedes-Benz eSprinter 2500 144 WB SR 81kWh,Mercedes-Benz eSprinter 2500 144 WB SR 81kWh,TED:Cab/crew fit,10.0,0-10,10.0,https://www.mbvans.com/content/dam/mb-vans/us/esprinter/eSprinter_Sell-SheetV2.pdf,2026-10-03,INFERENCE,
ev,Mercedes-Benz eSprinter 2500 144 WB SR 81kWh,Mercedes-Benz eSprinter 2500 144 WB SR 81kWh,TED:Tow fit,10.0,0-10,10.0,https://www.mbvans.com/content/dam/mb-vans/us/esprinter/eSprinter_Sell-SheetV2.pdf,2026-10-03,INFERENCE,
ev,Mercedes-Benz eSprinter 2500 144 WB SR 81kWh,Mercedes-Benz eSprinter 2500 144 WB SR 81kWh,TED:Resale (3-yr retained %),not confirmed,0-10,,https://www.mbvans.com/content/dam/mb-vans/us/esprinter/eSprinter_Sell-SheetV2.pdf,2026-10-03,not scored: not confirmed,
ev,Mercedes-Benz eSprinter 2500 144 WB SR 81kWh,Mercedes-Benz eSprinter 2500 144 WB SR 81kWh,TED:Reliability,not confirmed,0-10,,https://www.mbvans.com/content/dam/mb-vans/us/esprinter/eSprinter_Sell-SheetV2.pdf,2026-10-03,not scored: not confirmed,
ev,Mercedes-Benz eSprinter 2500 144 WB SR 81kWh,Mercedes-Benz eSprinter 2500 144 WB SR 81kWh,TED:Service network,6.0,0-10,6.0,https://www.mbvans.com/content/dam/mb-vans/us/esprinter/eSprinter_Sell-SheetV2.pdf,2026-10-03,INFERENCE,
ev,Mercedes-Benz eSprinter 2500 144 WB SR 81kWh,Mercedes-Benz eSprinter 2500 144 WB SR 81kWh,TED:Longevity (warranty remaining),not confirmed,0-10,,https://www.mbvans.com/content/dam/mb-vans/us/esprinter/eSprinter_Sell-SheetV2.pdf,2026-10-03,not scored: not confirmed,
ev,Mercedes-Benz eSprinter 2500 144 WB SR 81kWh,Mercedes-Benz eSprinter 2500 144 WB SR 81kWh,TED:Energy cents per mile,not confirmed,0-10,,https://www.mbvans.com/content/dam/mb-vans/us/esprinter/eSprinter_Sell-SheetV2.pdf,2026-10-03,not scored: not confirmed,
ev,Mercedes-Benz eSprinter 2500 144 WB SR 81kWh,Mercedes-Benz eSprinter 2500 144 WB SR 81kWh,TED:Maintenance cents per mile,8.1,0-10,8.1,https://www.mbvans.com/content/dam/mb-vans/us/esprinter/eSprinter_Sell-SheetV2.pdf,2026-10-03,INFERENCE,
gas_candidate,Ram ProMaster 3500 Cargo Standard Roof 136-inch WB,Mercedes-Benz eSprinter 2500 144 WB SR 81kWh,TED:Range fit,not confirmed,0-10,,not confirmed,2026-10-03,not scored: not confirmed,
gas_candidate,Ram ProMaster 3500 Cargo Standard Roof 136-inch WB,Mercedes-Benz eSprinter 2500 144 WB SR 81kWh,TED:Payload/cargo fit,10.0,0-10,10.0,not confirmed,2026-10-03,INFERENCE,
gas_candidate,Ram ProMaster 3500 Cargo Standard Roof 136-inch WB,Mercedes-Benz eSprinter 2500 144 WB SR 81kWh,TED:Cab/crew fit,10.0,0-10,10.0,not confirmed,2026-10-03,INFERENCE,
gas_candidate,Ram ProMaster 3500 Cargo Standard Roof 136-inch WB,Mercedes-Benz eSprinter 2500 144 WB SR 81kWh,TED:Tow fit,7.0,0-10,7.0,not confirmed,2026-10-03,INFERENCE,
gas_candidate,Ram ProMaster 3500 Cargo Standard Roof 136-inch WB,Mercedes-Benz eSprinter 2500 144 WB SR 81kWh,TED:Resale (3-yr retained %),not confirmed,0-10,,not confirmed,2026-10-03,not scored: not confirmed,
gas_candidate,Ram ProMaster 3500 Cargo Standard Roof 136-inch WB,Mercedes-Benz eSprinter 2500 144 WB SR 81kWh,TED:Reliability,not confirmed,0-10,,not confirmed,2026-10-03,not scored: not confirmed,
gas_candidate,Ram ProMaster 3500 Cargo Standard Roof 136-inch WB,Mercedes-Benz eSprinter 2500 144 WB SR 81kWh,TED:Service network,8.0,0-10,8.0,not confirmed,2026-10-03,INFERENCE,
gas_candidate,Ram ProMaster 3500 Cargo Standard Roof 136-inch WB,Mercedes-Benz eSprinter 2500 144 WB SR 81kWh,TED:Longevity (warranty remaining),not confirmed,0-10,,not confirmed,2026-10-03,not scored: not confirmed,
gas_candidate,Ram ProMaster 3500 Cargo Standard Roof 136-inch WB,Mercedes-Benz eSprinter 2500 144 WB SR 81kWh,TED:Energy cents per mile,not confirmed,0-10,,not confirmed,2026-10-03,not scored: not confirmed,
gas_candidate,Ram ProMaster 3500 Cargo Standard Roof 136-inch WB,Mercedes-Benz eSprinter 2500 144 WB SR 81kWh,TED:Maintenance cents per mile,4.5,0-10,4.5,not confirmed,2026-10-03,INFERENCE,
gas_candidate,Chevrolet Express 2500 Cargo Extended,Mercedes-Benz eSprinter 2500 144 WB SR 81kWh,payload,3060,lb,7.7,https://www.kbb.com/chevrolet/express-2500-cargo/2025/extended/,2026-10-03,FACT,yes
gas_candidate,Chevrolet Express 2500 Cargo Extended,Mercedes-Benz eSprinter 2500 144 WB SR 81kWh,tow,10000,lb,8.0,https://www.kbb.com/chevrolet/express-2500-cargo/2025/extended/,2026-10-03,FACT,yes
gas_candidate,Chevrolet Express 2500 Cargo Extended,Mercedes-Benz eSprinter 2500 144 WB SR 81kWh,cargo,283.6 cu ft,bed_ft_or_cuft,8.2,https://www.kbb.com/chevrolet/express-2500-cargo/2025/extended/,2026-10-03,FACT,
gas_candidate,Chevrolet Express 2500 Cargo Extended,Mercedes-Benz eSprinter 2500 144 WB SR 81kWh,cab,2,cab_ordinal_crew3,10.0,https://www.kbb.com/chevrolet/express-2500-cargo/2025/extended/,2026-10-03,FACT,
gas_candidate,Chevrolet Express 2500 Cargo Extended,Mercedes-Benz eSprinter 2500 144 WB SR 81kWh,range,not confirmed,mi,,not confirmed,2026-10-03,UNKNOWN,no
gas_candidate,Chevrolet Express 2500 Cargo Extended,Mercedes-Benz eSprinter 2500 144 WB SR 81kWh,tow_range,not confirmed,mi,,https://www.kbb.com/chevrolet/express-2500-cargo/2025/extended/,2026-10-03,UNKNOWN,
gas_candidate,Chevrolet Express 2500 Cargo Extended,Mercedes-Benz eSprinter 2500 144 WB SR 81kWh,msrp,45695,usd,,https://www.kbb.com/chevrolet/express-2500-cargo/2025/,2026-10-03,FACT,yes
gas_candidate,Chevrolet Express 2500 Cargo Extended,Mercedes-Benz eSprinter 2500 144 WB SR 81kWh,resale_3yr_retained,not confirmed,percent,,not confirmed,2026-10-03,UNKNOWN,
gas_candidate,Chevrolet Express 2500 Cargo Extended,Mercedes-Benz eSprinter 2500 144 WB SR 81kWh,mpg_combined,not confirmed,mpg,,not confirmed,2026-10-03,UNKNOWN,
gas_candidate,Chevrolet Express 2500 Cargo Extended,Mercedes-Benz eSprinter 2500 144 WB SR 81kWh,energy_usd_per_mi,not confirmed,USD/mi,,not confirmed,2026-10-03,UNKNOWN,
gas_candidate,Chevrolet Express 2500 Cargo Extended,Mercedes-Benz eSprinter 2500 144 WB SR 81kWh,maint_usd_per_mi,0.101,USD/mi,4.5,not confirmed,2026-10-03,FACT class-level AFDC,
gas_candidate,Chevrolet Express 2500 Cargo Extended,Mercedes-Benz eSprinter 2500 144 WB SR 81kWh,service_network,9,0-10 ordinal,9,https://www.kbb.com/chevrolet/express-2500-cargo/2025/,2026-10-03,INFERENCE,
gas_candidate,Chevrolet Express 2500 Cargo Extended,Mercedes-Benz eSprinter 2500 144 WB SR 81kWh,class_match,full_van vs full_van,class,10.0,https://www.kbb.com/chevrolet/express-2500-cargo/2025/extended/,2026-10-03,INFERENCE,
gas_candidate,Chevrolet Express 2500 Cargo Extended,Mercedes-Benz eSprinter 2500 144 WB SR 81kWh,rank_metric,6.0,0-10,6.0,https://www.kbb.com/chevrolet/express-2500-cargo/2025/extended/,2026-10-03,INFERENCE,
ev,Mercedes-Benz eSprinter 2500 144 WB SR 81kWh,Mercedes-Benz eSprinter 2500 144 WB SR 81kWh,TED:Range fit,10.0,0-10,10.0,https://www.mbvans.com/content/dam/mb-vans/us/esprinter/eSprinter_Sell-SheetV2.pdf,2026-10-03,INFERENCE,
ev,Mercedes-Benz eSprinter 2500 144 WB SR 81kWh,Mercedes-Benz eSprinter 2500 144 WB SR 81kWh,TED:Payload/cargo fit,10.0,0-10,10.0,https://www.mbvans.com/content/dam/mb-vans/us/esprinter/eSprinter_Sell-SheetV2.pdf,2026-10-03,INFERENCE,
ev,Mercedes-Benz eSprinter 2500 144 WB SR 81kWh,Mercedes-Benz eSprinter 2500 144 WB SR 81kWh,TED:Cab/crew fit,10.0,0-10,10.0,https://www.mbvans.com/content/dam/mb-vans/us/esprinter/eSprinter_Sell-SheetV2.pdf,2026-10-03,INFERENCE,
ev,Mercedes-Benz eSprinter 2500 144 WB SR 81kWh,Mercedes-Benz eSprinter 2500 144 WB SR 81kWh,TED:Tow fit,10.0,0-10,10.0,https://www.mbvans.com/content/dam/mb-vans/us/esprinter/eSprinter_Sell-SheetV2.pdf,2026-10-03,INFERENCE,
ev,Mercedes-Benz eSprinter 2500 144 WB SR 81kWh,Mercedes-Benz eSprinter 2500 144 WB SR 81kWh,TED:Resale (3-yr retained %),not confirmed,0-10,,https://www.mbvans.com/content/dam/mb-vans/us/esprinter/eSprinter_Sell-SheetV2.pdf,2026-10-03,not scored: not confirmed,
ev,Mercedes-Benz eSprinter 2500 144 WB SR 81kWh,Mercedes-Benz eSprinter 2500 144 WB SR 81kWh,TED:Reliability,not confirmed,0-10,,https://www.mbvans.com/content/dam/mb-vans/us/esprinter/eSprinter_Sell-SheetV2.pdf,2026-10-03,not scored: not confirmed,
ev,Mercedes-Benz eSprinter 2500 144 WB SR 81kWh,Mercedes-Benz eSprinter 2500 144 WB SR 81kWh,TED:Service network,6.0,0-10,6.0,https://www.mbvans.com/content/dam/mb-vans/us/esprinter/eSprinter_Sell-SheetV2.pdf,2026-10-03,INFERENCE,
ev,Mercedes-Benz eSprinter 2500 144 WB SR 81kWh,Mercedes-Benz eSprinter 2500 144 WB SR 81kWh,TED:Longevity (warranty remaining),not confirmed,0-10,,https://www.mbvans.com/content/dam/mb-vans/us/esprinter/eSprinter_Sell-SheetV2.pdf,2026-10-03,not scored: not confirmed,
ev,Mercedes-Benz eSprinter 2500 144 WB SR 81kWh,Mercedes-Benz eSprinter 2500 144 WB SR 81kWh,TED:Energy cents per mile,not confirmed,0-10,,https://www.mbvans.com/content/dam/mb-vans/us/esprinter/eSprinter_Sell-SheetV2.pdf,2026-10-03,not scored: not confirmed,
ev,Mercedes-Benz eSprinter 2500 144 WB SR 81kWh,Mercedes-Benz eSprinter 2500 144 WB SR 81kWh,TED:Maintenance cents per mile,8.1,0-10,8.1,https://www.mbvans.com/content/dam/mb-vans/us/esprinter/eSprinter_Sell-SheetV2.pdf,2026-10-03,INFERENCE,
gas_candidate,Chevrolet Express 2500 Cargo Extended,Mercedes-Benz eSprinter 2500 144 WB SR 81kWh,TED:Range fit,not confirmed,0-10,,not confirmed,2026-10-03,not scored: not confirmed,
gas_candidate,Chevrolet Express 2500 Cargo Extended,Mercedes-Benz eSprinter 2500 144 WB SR 81kWh,TED:Payload/cargo fit,7.7,0-10,7.7,not confirmed,2026-10-03,INFERENCE,
gas_candidate,Chevrolet Express 2500 Cargo Extended,Mercedes-Benz eSprinter 2500 144 WB SR 81kWh,TED:Cab/crew fit,10.0,0-10,10.0,not confirmed,2026-10-03,INFERENCE,
gas_candidate,Chevrolet Express 2500 Cargo Extended,Mercedes-Benz eSprinter 2500 144 WB SR 81kWh,TED:Tow fit,7.0,0-10,7.0,not confirmed,2026-10-03,INFERENCE,
gas_candidate,Chevrolet Express 2500 Cargo Extended,Mercedes-Benz eSprinter 2500 144 WB SR 81kWh,TED:Resale (3-yr retained %),not confirmed,0-10,,not confirmed,2026-10-03,not scored: not confirmed,
gas_candidate,Chevrolet Express 2500 Cargo Extended,Mercedes-Benz eSprinter 2500 144 WB SR 81kWh,TED:Reliability,not confirmed,0-10,,not confirmed,2026-10-03,not scored: not confirmed,
gas_candidate,Chevrolet Express 2500 Cargo Extended,Mercedes-Benz eSprinter 2500 144 WB SR 81kWh,TED:Service network,9.0,0-10,9.0,not confirmed,2026-10-03,INFERENCE,
gas_candidate,Chevrolet Express 2500 Cargo Extended,Mercedes-Benz eSprinter 2500 144 WB SR 81kWh,TED:Longevity (warranty remaining),not confirmed,0-10,,not confirmed,2026-10-03,not scored: not confirmed,
gas_candidate,Chevrolet Express 2500 Cargo Extended,Mercedes-Benz eSprinter 2500 144 WB SR 81kWh,TED:Energy cents per mile,not confirmed,0-10,,not confirmed,2026-10-03,not scored: not confirmed,
gas_candidate,Chevrolet Express 2500 Cargo Extended,Mercedes-Benz eSprinter 2500 144 WB SR 81kWh,TED:Maintenance cents per mile,4.5,0-10,4.5,not confirmed,2026-10-03,INFERENCE,
gas_candidate,Mercedes-Benz Sprinter 2500 Cargo diesel,Mercedes-Benz eSprinter 2500 144 WB SR 81kWh,payload,not confirmed,lb,,not confirmed,2026-10-03,UNKNOWN,no
gas_candidate,Mercedes-Benz Sprinter 2500 Cargo diesel,Mercedes-Benz eSprinter 2500 144 WB SR 81kWh,tow,5000,lb,8.0,https://www.kbb.com/mercedes-benz/sprinter-2500-cargo/2025/,2026-10-03,FACT,yes
gas_candidate,Mercedes-Benz Sprinter 2500 Cargo diesel,Mercedes-Benz eSprinter 2500 144 WB SR 81kWh,cargo,488 cu ft,bed_ft_or_cuft,10.0,https://www.kbb.com/mercedes-benz/sprinter-2500-cargo/2025/,2026-10-03,FACT,
gas_candidate,Mercedes-Benz Sprinter 2500 Cargo diesel,Mercedes-Benz eSprinter 2500 144 WB SR 81kWh,cab,2,cab_ordinal_crew3,10.0,https://www.kbb.com/mercedes-benz/sprinter-2500-cargo/2025/,2026-10-03,FACT,
gas_candidate,Mercedes-Benz Sprinter 2500 Cargo diesel,Mercedes-Benz eSprinter 2500 144 WB SR 81kWh,range,not confirmed,mi,,not confirmed,2026-10-03,UNKNOWN,no
gas_candidate,Mercedes-Benz Sprinter 2500 Cargo diesel,Mercedes-Benz eSprinter 2500 144 WB SR 81kWh,tow_range,not confirmed,mi,,https://www.kbb.com/mercedes-benz/sprinter-2500-cargo/2025/,2026-10-03,UNKNOWN,
gas_candidate,Mercedes-Benz Sprinter 2500 Cargo diesel,Mercedes-Benz eSprinter 2500 144 WB SR 81kWh,msrp,not confirmed,usd,,not confirmed,2026-10-03,UNKNOWN,no
gas_candidate,Mercedes-Benz Sprinter 2500 Cargo diesel,Mercedes-Benz eSprinter 2500 144 WB SR 81kWh,resale_3yr_retained,not confirmed,percent,,not confirmed,2026-10-03,UNKNOWN,
gas_candidate,Mercedes-Benz Sprinter 2500 Cargo diesel,Mercedes-Benz eSprinter 2500 144 WB SR 81kWh,mpg_combined,not confirmed,mpg,,not confirmed,2026-10-03,UNKNOWN,
gas_candidate,Mercedes-Benz Sprinter 2500 Cargo diesel,Mercedes-Benz eSprinter 2500 144 WB SR 81kWh,energy_usd_per_mi,not confirmed,USD/mi,,not confirmed,2026-10-03,UNKNOWN,
gas_candidate,Mercedes-Benz Sprinter 2500 Cargo diesel,Mercedes-Benz eSprinter 2500 144 WB SR 81kWh,maint_usd_per_mi,0.101,USD/mi,4.5,not confirmed,2026-10-03,FACT class-level AFDC,
gas_candidate,Mercedes-Benz Sprinter 2500 Cargo diesel,Mercedes-Benz eSprinter 2500 144 WB SR 81kWh,service_network,6,0-10 ordinal,6,not confirmed,2026-10-03,INFERENCE,
gas_candidate,Mercedes-Benz Sprinter 2500 Cargo diesel,Mercedes-Benz eSprinter 2500 144 WB SR 81kWh,class_match,full_van vs full_van,class,10.0,https://www.kbb.com/mercedes-benz/sprinter-2500-cargo/2025/,2026-10-03,INFERENCE,
gas_candidate,Mercedes-Benz Sprinter 2500 Cargo diesel,Mercedes-Benz eSprinter 2500 144 WB SR 81kWh,rank_metric,4.8,0-10,4.8,https://www.kbb.com/mercedes-benz/sprinter-2500-cargo/2025/,2026-10-03,INFERENCE,
ev,Mercedes-Benz eSprinter 2500 144 WB SR 81kWh,Mercedes-Benz eSprinter 2500 144 WB SR 81kWh,TED:Range fit,10.0,0-10,10.0,https://www.mbvans.com/content/dam/mb-vans/us/esprinter/eSprinter_Sell-SheetV2.pdf,2026-10-03,INFERENCE,
ev,Mercedes-Benz eSprinter 2500 144 WB SR 81kWh,Mercedes-Benz eSprinter 2500 144 WB SR 81kWh,TED:Payload/cargo fit,10.0,0-10,10.0,https://www.mbvans.com/content/dam/mb-vans/us/esprinter/eSprinter_Sell-SheetV2.pdf,2026-10-03,INFERENCE,
ev,Mercedes-Benz eSprinter 2500 144 WB SR 81kWh,Mercedes-Benz eSprinter 2500 144 WB SR 81kWh,TED:Cab/crew fit,10.0,0-10,10.0,https://www.mbvans.com/content/dam/mb-vans/us/esprinter/eSprinter_Sell-SheetV2.pdf,2026-10-03,INFERENCE,
ev,Mercedes-Benz eSprinter 2500 144 WB SR 81kWh,Mercedes-Benz eSprinter 2500 144 WB SR 81kWh,TED:Tow fit,10.0,0-10,10.0,https://www.mbvans.com/content/dam/mb-vans/us/esprinter/eSprinter_Sell-SheetV2.pdf,2026-10-03,INFERENCE,
ev,Mercedes-Benz eSprinter 2500 144 WB SR 81kWh,Mercedes-Benz eSprinter 2500 144 WB SR 81kWh,TED:Resale (3-yr retained %),not confirmed,0-10,,https://www.mbvans.com/content/dam/mb-vans/us/esprinter/eSprinter_Sell-SheetV2.pdf,2026-10-03,not scored: not confirmed,
ev,Mercedes-Benz eSprinter 2500 144 WB SR 81kWh,Mercedes-Benz eSprinter 2500 144 WB SR 81kWh,TED:Reliability,not confirmed,0-10,,https://www.mbvans.com/content/dam/mb-vans/us/esprinter/eSprinter_Sell-SheetV2.pdf,2026-10-03,not scored: not confirmed,
ev,Mercedes-Benz eSprinter 2500 144 WB SR 81kWh,Mercedes-Benz eSprinter 2500 144 WB SR 81kWh,TED:Service network,6.0,0-10,6.0,https://www.mbvans.com/content/dam/mb-vans/us/esprinter/eSprinter_Sell-SheetV2.pdf,2026-10-03,INFERENCE,
ev,Mercedes-Benz eSprinter 2500 144 WB SR 81kWh,Mercedes-Benz eSprinter 2500 144 WB SR 81kWh,TED:Longevity (warranty remaining),not confirmed,0-10,,https://www.mbvans.com/content/dam/mb-vans/us/esprinter/eSprinter_Sell-SheetV2.pdf,2026-10-03,not scored: not confirmed,
ev,Mercedes-Benz eSprinter 2500 144 WB SR 81kWh,Mercedes-Benz eSprinter 2500 144 WB SR 81kWh,TED:Energy cents per mile,not confirmed,0-10,,https://www.mbvans.com/content/dam/mb-vans/us/esprinter/eSprinter_Sell-SheetV2.pdf,2026-10-03,not scored: not confirmed,
ev,Mercedes-Benz eSprinter 2500 144 WB SR 81kWh,Mercedes-Benz eSprinter 2500 144 WB SR 81kWh,TED:Maintenance cents per mile,8.1,0-10,8.1,https://www.mbvans.com/content/dam/mb-vans/us/esprinter/eSprinter_Sell-SheetV2.pdf,2026-10-03,INFERENCE,
gas_candidate,Mercedes-Benz Sprinter 2500 Cargo diesel,Mercedes-Benz eSprinter 2500 144 WB SR 81kWh,TED:Range fit,not confirmed,0-10,,not confirmed,2026-10-03,not scored: not confirmed,
gas_candidate,Mercedes-Benz Sprinter 2500 Cargo diesel,Mercedes-Benz eSprinter 2500 144 WB SR 81kWh,TED:Payload/cargo fit,not confirmed,0-10,,not confirmed,2026-10-03,not scored: not confirmed,
gas_candidate,Mercedes-Benz Sprinter 2500 Cargo diesel,Mercedes-Benz eSprinter 2500 144 WB SR 81kWh,TED:Cab/crew fit,10.0,0-10,10.0,not confirmed,2026-10-03,INFERENCE,
gas_candidate,Mercedes-Benz Sprinter 2500 Cargo diesel,Mercedes-Benz eSprinter 2500 144 WB SR 81kWh,TED:Tow fit,7.0,0-10,7.0,not confirmed,2026-10-03,INFERENCE,
gas_candidate,Mercedes-Benz Sprinter 2500 Cargo diesel,Mercedes-Benz eSprinter 2500 144 WB SR 81kWh,TED:Resale (3-yr retained %),not confirmed,0-10,,not confirmed,2026-10-03,not scored: not confirmed,
gas_candidate,Mercedes-Benz Sprinter 2500 Cargo diesel,Mercedes-Benz eSprinter 2500 144 WB SR 81kWh,TED:Reliability,not confirmed,0-10,,not confirmed,2026-10-03,not scored: not confirmed,
gas_candidate,Mercedes-Benz Sprinter 2500 Cargo diesel,Mercedes-Benz eSprinter 2500 144 WB SR 81kWh,TED:Service network,6.0,0-10,6.0,not confirmed,2026-10-03,INFERENCE,
gas_candidate,Mercedes-Benz Sprinter 2500 Cargo diesel,Mercedes-Benz eSprinter 2500 144 WB SR 81kWh,TED:Longevity (warranty remaining),not confirmed,0-10,,not confirmed,2026-10-03,not scored: not confirmed,
gas_candidate,Mercedes-Benz Sprinter 2500 Cargo diesel,Mercedes-Benz eSprinter 2500 144 WB SR 81kWh,TED:Energy cents per mile,not confirmed,0-10,,not confirmed,2026-10-03,not scored: not confirmed,
gas_candidate,Mercedes-Benz Sprinter 2500 Cargo diesel,Mercedes-Benz eSprinter 2500 144 WB SR 81kWh,TED:Maintenance cents per mile,4.5,0-10,4.5,not confirmed,2026-10-03,INFERENCE,
ev,Mercedes-Benz eSprinter 2500 170 WB HR 113kWh,Mercedes-Benz eSprinter 2500 170 WB HR 113kWh,payload,2624,lb,,https://www.caranddriver.com/mercedes-benz/esprinter-2025,2026-10-03,FACT,yes
ev,Mercedes-Benz eSprinter 2500 170 WB HR 113kWh,Mercedes-Benz eSprinter 2500 170 WB HR 113kWh,tow,4100,lb,,https://www.mbvans.com/content/dam/mb-vans/us/esprinter/eSprinter_Sell-SheetV2.pdf,2026-10-03,FACT,yes
ev,Mercedes-Benz eSprinter 2500 170 WB HR 113kWh,Mercedes-Benz eSprinter 2500 170 WB HR 113kWh,cargo,488 cu ft,bed_ft_or_cuft,,https://www.mbvans.com/content/dam/mb-vans/us/esprinter/eSprinter_Sell-SheetV2.pdf,2026-10-03,FACT,
ev,Mercedes-Benz eSprinter 2500 170 WB HR 113kWh,Mercedes-Benz eSprinter 2500 170 WB HR 113kWh,cab,2,cab_ordinal_crew3,,https://www.caranddriver.com/mercedes-benz/esprinter-2025,2026-10-03,FACT,
ev,Mercedes-Benz eSprinter 2500 170 WB HR 113kWh,Mercedes-Benz eSprinter 2500 170 WB HR 113kWh,range,250,mi,,https://www.caranddriver.com/mercedes-benz/esprinter-2025,2026-10-03,FACT,yes
ev,Mercedes-Benz eSprinter 2500 170 WB HR 113kWh,Mercedes-Benz eSprinter 2500 170 WB HR 113kWh,tow_range,not confirmed,mi,,https://www.mbvans.com/content/dam/mb-vans/us/esprinter/eSprinter_Sell-SheetV2.pdf,2026-10-03,UNKNOWN,
ev,Mercedes-Benz eSprinter 2500 170 WB HR 113kWh,Mercedes-Benz eSprinter 2500 170 WB HR 113kWh,msrp,not confirmed,usd,,not confirmed,2026-10-03,UNKNOWN,no
ev,Mercedes-Benz eSprinter 2500 170 WB HR 113kWh,Mercedes-Benz eSprinter 2500 170 WB HR 113kWh,resale_3yr_retained,not confirmed,percent,,not confirmed,2026-10-03,UNKNOWN,
ev,Mercedes-Benz eSprinter 2500 170 WB HR 113kWh,Mercedes-Benz eSprinter 2500 170 WB HR 113kWh,efficiency_kwh_100mi,not confirmed,kWh/100mi,,not confirmed,2026-10-03,UNKNOWN,
ev,Mercedes-Benz eSprinter 2500 170 WB HR 113kWh,Mercedes-Benz eSprinter 2500 170 WB HR 113kWh,energy_usd_per_mi,not confirmed,USD/mi,,not confirmed,2026-10-03,UNKNOWN,
ev,Mercedes-Benz eSprinter 2500 170 WB HR 113kWh,Mercedes-Benz eSprinter 2500 170 WB HR 113kWh,maint_usd_per_mi,0.061,USD/mi,,not confirmed,2026-10-03,FACT class-level AFDC,
ev,Mercedes-Benz eSprinter 2500 170 WB HR 113kWh,Mercedes-Benz eSprinter 2500 170 WB HR 113kWh,service_network,6,0-10 ordinal,6,not confirmed,2026-10-03,INFERENCE,
gas_candidate,Ram ProMaster 3500 Cargo Standard Roof 136-inch WB,Mercedes-Benz eSprinter 2500 170 WB HR 113kWh,payload,4680,lb,10.0,https://www.motortrend.com/cars/ram/promaster/2025,2026-10-03,FACT,yes
gas_candidate,Ram ProMaster 3500 Cargo Standard Roof 136-inch WB,Mercedes-Benz eSprinter 2500 170 WB HR 113kWh,tow,6700,lb,10.0,"Canadian dealer PDF, US not confirmed — https://www.birchwoodchrysler.ca/wp-content/uploads/2024/10/2025-Ram-Promaster-Payload-Towing.pdf",2026-10-03,FACT,no
gas_candidate,Ram ProMaster 3500 Cargo Standard Roof 136-inch WB,Mercedes-Benz eSprinter 2500 170 WB HR 113kWh,cargo,307.5 cu ft,bed_ft_or_cuft,1.0,https://www.birchwoodchrysler.ca/wp-content/uploads/2024/10/2025-Ram-Promaster-Payload-Towing.pdf,2026-10-03,FACT,
gas_candidate,Ram ProMaster 3500 Cargo Standard Roof 136-inch WB,Mercedes-Benz eSprinter 2500 170 WB HR 113kWh,cab,2,cab_ordinal_crew3,10.0,https://www.birchwoodchrysler.ca/wp-content/uploads/2024/10/2025-Ram-Promaster-Payload-Towing.pdf,2026-10-03,FACT,
gas_candidate,Ram ProMaster 3500 Cargo Standard Roof 136-inch WB,Mercedes-Benz eSprinter 2500 170 WB HR 113kWh,range,not confirmed,mi,,not confirmed,2026-10-03,UNKNOWN,no
gas_candidate,Ram ProMaster 3500 Cargo Standard Roof 136-inch WB,Mercedes-Benz eSprinter 2500 170 WB HR 113kWh,tow_range,not confirmed,mi,,"Canadian dealer PDF, US not confirmed — https://www.birchwoodchrysler.ca/wp-content/uploads/2024/10/2025-Ram-Promaster-Payload-Towing.pdf",2026-10-03,UNKNOWN,no
gas_candidate,Ram ProMaster 3500 Cargo Standard Roof 136-inch WB,Mercedes-Benz eSprinter 2500 170 WB HR 113kWh,msrp,not confirmed,usd,,not confirmed,2026-10-03,UNKNOWN,no
gas_candidate,Ram ProMaster 3500 Cargo Standard Roof 136-inch WB,Mercedes-Benz eSprinter 2500 170 WB HR 113kWh,resale_3yr_retained,not confirmed,percent,,not confirmed,2026-10-03,UNKNOWN,
gas_candidate,Ram ProMaster 3500 Cargo Standard Roof 136-inch WB,Mercedes-Benz eSprinter 2500 170 WB HR 113kWh,mpg_combined,not confirmed,mpg,,not confirmed,2026-10-03,UNKNOWN,
gas_candidate,Ram ProMaster 3500 Cargo Standard Roof 136-inch WB,Mercedes-Benz eSprinter 2500 170 WB HR 113kWh,energy_usd_per_mi,not confirmed,USD/mi,,not confirmed,2026-10-03,UNKNOWN,
gas_candidate,Ram ProMaster 3500 Cargo Standard Roof 136-inch WB,Mercedes-Benz eSprinter 2500 170 WB HR 113kWh,maint_usd_per_mi,0.101,USD/mi,4.5,not confirmed,2026-10-03,FACT class-level AFDC,
gas_candidate,Ram ProMaster 3500 Cargo Standard Roof 136-inch WB,Mercedes-Benz eSprinter 2500 170 WB HR 113kWh,service_network,8,0-10 ordinal,8,not confirmed,2026-10-03,INFERENCE,
gas_candidate,Ram ProMaster 3500 Cargo Standard Roof 136-inch WB,Mercedes-Benz eSprinter 2500 170 WB HR 113kWh,class_match,full_van vs full_van,class,10.0,https://www.birchwoodchrysler.ca/wp-content/uploads/2024/10/2025-Ram-Promaster-Payload-Towing.pdf,2026-10-03,INFERENCE,
gas_candidate,Ram ProMaster 3500 Cargo Standard Roof 136-inch WB,Mercedes-Benz eSprinter 2500 170 WB HR 113kWh,rank_metric,5.7,0-10,5.7,https://www.birchwoodchrysler.ca/wp-content/uploads/2024/10/2025-Ram-Promaster-Payload-Towing.pdf,2026-10-03,INFERENCE,
ev,Mercedes-Benz eSprinter 2500 170 WB HR 113kWh,Mercedes-Benz eSprinter 2500 170 WB HR 113kWh,TED:Range fit,10.0,0-10,10.0,https://www.caranddriver.com/mercedes-benz/esprinter-2025,2026-10-03,INFERENCE,
ev,Mercedes-Benz eSprinter 2500 170 WB HR 113kWh,Mercedes-Benz eSprinter 2500 170 WB HR 113kWh,TED:Payload/cargo fit,10.0,0-10,10.0,https://www.caranddriver.com/mercedes-benz/esprinter-2025,2026-10-03,INFERENCE,
ev,Mercedes-Benz eSprinter 2500 170 WB HR 113kWh,Mercedes-Benz eSprinter 2500 170 WB HR 113kWh,TED:Cab/crew fit,10.0,0-10,10.0,https://www.caranddriver.com/mercedes-benz/esprinter-2025,2026-10-03,INFERENCE,
ev,Mercedes-Benz eSprinter 2500 170 WB HR 113kWh,Mercedes-Benz eSprinter 2500 170 WB HR 113kWh,TED:Tow fit,10.0,0-10,10.0,https://www.caranddriver.com/mercedes-benz/esprinter-2025,2026-10-03,INFERENCE,
ev,Mercedes-Benz eSprinter 2500 170 WB HR 113kWh,Mercedes-Benz eSprinter 2500 170 WB HR 113kWh,TED:Resale (3-yr retained %),not confirmed,0-10,,https://www.caranddriver.com/mercedes-benz/esprinter-2025,2026-10-03,not scored: not confirmed,
ev,Mercedes-Benz eSprinter 2500 170 WB HR 113kWh,Mercedes-Benz eSprinter 2500 170 WB HR 113kWh,TED:Reliability,not confirmed,0-10,,https://www.caranddriver.com/mercedes-benz/esprinter-2025,2026-10-03,not scored: not confirmed,
ev,Mercedes-Benz eSprinter 2500 170 WB HR 113kWh,Mercedes-Benz eSprinter 2500 170 WB HR 113kWh,TED:Service network,6.0,0-10,6.0,https://www.caranddriver.com/mercedes-benz/esprinter-2025,2026-10-03,INFERENCE,
ev,Mercedes-Benz eSprinter 2500 170 WB HR 113kWh,Mercedes-Benz eSprinter 2500 170 WB HR 113kWh,TED:Longevity (warranty remaining),not confirmed,0-10,,https://www.caranddriver.com/mercedes-benz/esprinter-2025,2026-10-03,not scored: not confirmed,
ev,Mercedes-Benz eSprinter 2500 170 WB HR 113kWh,Mercedes-Benz eSprinter 2500 170 WB HR 113kWh,TED:Energy cents per mile,not confirmed,0-10,,https://www.caranddriver.com/mercedes-benz/esprinter-2025,2026-10-03,not scored: not confirmed,
ev,Mercedes-Benz eSprinter 2500 170 WB HR 113kWh,Mercedes-Benz eSprinter 2500 170 WB HR 113kWh,TED:Maintenance cents per mile,8.1,0-10,8.1,https://www.caranddriver.com/mercedes-benz/esprinter-2025,2026-10-03,INFERENCE,
gas_candidate,Ram ProMaster 3500 Cargo Standard Roof 136-inch WB,Mercedes-Benz eSprinter 2500 170 WB HR 113kWh,TED:Range fit,not confirmed,0-10,,not confirmed,2026-10-03,not scored: not confirmed,
gas_candidate,Ram ProMaster 3500 Cargo Standard Roof 136-inch WB,Mercedes-Benz eSprinter 2500 170 WB HR 113kWh,TED:Payload/cargo fit,10.0,0-10,10.0,not confirmed,2026-10-03,INFERENCE,
gas_candidate,Ram ProMaster 3500 Cargo Standard Roof 136-inch WB,Mercedes-Benz eSprinter 2500 170 WB HR 113kWh,TED:Cab/crew fit,10.0,0-10,10.0,not confirmed,2026-10-03,INFERENCE,
gas_candidate,Ram ProMaster 3500 Cargo Standard Roof 136-inch WB,Mercedes-Benz eSprinter 2500 170 WB HR 113kWh,TED:Tow fit,10.0,0-10,10.0,not confirmed,2026-10-03,INFERENCE,
gas_candidate,Ram ProMaster 3500 Cargo Standard Roof 136-inch WB,Mercedes-Benz eSprinter 2500 170 WB HR 113kWh,TED:Resale (3-yr retained %),not confirmed,0-10,,not confirmed,2026-10-03,not scored: not confirmed,
gas_candidate,Ram ProMaster 3500 Cargo Standard Roof 136-inch WB,Mercedes-Benz eSprinter 2500 170 WB HR 113kWh,TED:Reliability,not confirmed,0-10,,not confirmed,2026-10-03,not scored: not confirmed,
gas_candidate,Ram ProMaster 3500 Cargo Standard Roof 136-inch WB,Mercedes-Benz eSprinter 2500 170 WB HR 113kWh,TED:Service network,8.0,0-10,8.0,not confirmed,2026-10-03,INFERENCE,
gas_candidate,Ram ProMaster 3500 Cargo Standard Roof 136-inch WB,Mercedes-Benz eSprinter 2500 170 WB HR 113kWh,TED:Longevity (warranty remaining),not confirmed,0-10,,not confirmed,2026-10-03,not scored: not confirmed,
gas_candidate,Ram ProMaster 3500 Cargo Standard Roof 136-inch WB,Mercedes-Benz eSprinter 2500 170 WB HR 113kWh,TED:Energy cents per mile,not confirmed,0-10,,not confirmed,2026-10-03,not scored: not confirmed,
gas_candidate,Ram ProMaster 3500 Cargo Standard Roof 136-inch WB,Mercedes-Benz eSprinter 2500 170 WB HR 113kWh,TED:Maintenance cents per mile,4.5,0-10,4.5,not confirmed,2026-10-03,INFERENCE,
gas_candidate,Chevrolet Express 2500 Cargo Extended,Mercedes-Benz eSprinter 2500 170 WB HR 113kWh,payload,3060,lb,10.0,https://www.kbb.com/chevrolet/express-2500-cargo/2025/extended/,2026-10-03,FACT,yes
gas_candidate,Chevrolet Express 2500 Cargo Extended,Mercedes-Benz eSprinter 2500 170 WB HR 113kWh,tow,10000,lb,10.0,https://www.kbb.com/chevrolet/express-2500-cargo/2025/extended/,2026-10-03,FACT,yes
gas_candidate,Chevrolet Express 2500 Cargo Extended,Mercedes-Benz eSprinter 2500 170 WB HR 113kWh,cargo,283.6 cu ft,bed_ft_or_cuft,0.0,https://www.kbb.com/chevrolet/express-2500-cargo/2025/extended/,2026-10-03,FACT,
gas_candidate,Chevrolet Express 2500 Cargo Extended,Mercedes-Benz eSprinter 2500 170 WB HR 113kWh,cab,2,cab_ordinal_crew3,10.0,https://www.kbb.com/chevrolet/express-2500-cargo/2025/extended/,2026-10-03,FACT,
gas_candidate,Chevrolet Express 2500 Cargo Extended,Mercedes-Benz eSprinter 2500 170 WB HR 113kWh,range,not confirmed,mi,,not confirmed,2026-10-03,UNKNOWN,no
gas_candidate,Chevrolet Express 2500 Cargo Extended,Mercedes-Benz eSprinter 2500 170 WB HR 113kWh,tow_range,not confirmed,mi,,https://www.kbb.com/chevrolet/express-2500-cargo/2025/extended/,2026-10-03,UNKNOWN,
gas_candidate,Chevrolet Express 2500 Cargo Extended,Mercedes-Benz eSprinter 2500 170 WB HR 113kWh,msrp,45695,usd,,https://www.kbb.com/chevrolet/express-2500-cargo/2025/,2026-10-03,FACT,yes
gas_candidate,Chevrolet Express 2500 Cargo Extended,Mercedes-Benz eSprinter 2500 170 WB HR 113kWh,resale_3yr_retained,not confirmed,percent,,not confirmed,2026-10-03,UNKNOWN,
gas_candidate,Chevrolet Express 2500 Cargo Extended,Mercedes-Benz eSprinter 2500 170 WB HR 113kWh,mpg_combined,not confirmed,mpg,,not confirmed,2026-10-03,UNKNOWN,
gas_candidate,Chevrolet Express 2500 Cargo Extended,Mercedes-Benz eSprinter 2500 170 WB HR 113kWh,energy_usd_per_mi,not confirmed,USD/mi,,not confirmed,2026-10-03,UNKNOWN,
gas_candidate,Chevrolet Express 2500 Cargo Extended,Mercedes-Benz eSprinter 2500 170 WB HR 113kWh,maint_usd_per_mi,0.101,USD/mi,4.5,not confirmed,2026-10-03,FACT class-level AFDC,
gas_candidate,Chevrolet Express 2500 Cargo Extended,Mercedes-Benz eSprinter 2500 170 WB HR 113kWh,service_network,9,0-10 ordinal,9,https://www.kbb.com/chevrolet/express-2500-cargo/2025/,2026-10-03,INFERENCE,
gas_candidate,Chevrolet Express 2500 Cargo Extended,Mercedes-Benz eSprinter 2500 170 WB HR 113kWh,class_match,full_van vs full_van,class,10.0,https://www.kbb.com/chevrolet/express-2500-cargo/2025/extended/,2026-10-03,INFERENCE,
gas_candidate,Chevrolet Express 2500 Cargo Extended,Mercedes-Benz eSprinter 2500 170 WB HR 113kWh,rank_metric,5.6,0-10,5.6,https://www.kbb.com/chevrolet/express-2500-cargo/2025/extended/,2026-10-03,INFERENCE,
ev,Mercedes-Benz eSprinter 2500 170 WB HR 113kWh,Mercedes-Benz eSprinter 2500 170 WB HR 113kWh,TED:Range fit,10.0,0-10,10.0,https://www.caranddriver.com/mercedes-benz/esprinter-2025,2026-10-03,INFERENCE,
ev,Mercedes-Benz eSprinter 2500 170 WB HR 113kWh,Mercedes-Benz eSprinter 2500 170 WB HR 113kWh,TED:Payload/cargo fit,10.0,0-10,10.0,https://www.caranddriver.com/mercedes-benz/esprinter-2025,2026-10-03,INFERENCE,
ev,Mercedes-Benz eSprinter 2500 170 WB HR 113kWh,Mercedes-Benz eSprinter 2500 170 WB HR 113kWh,TED:Cab/crew fit,10.0,0-10,10.0,https://www.caranddriver.com/mercedes-benz/esprinter-2025,2026-10-03,INFERENCE,
ev,Mercedes-Benz eSprinter 2500 170 WB HR 113kWh,Mercedes-Benz eSprinter 2500 170 WB HR 113kWh,TED:Tow fit,10.0,0-10,10.0,https://www.caranddriver.com/mercedes-benz/esprinter-2025,2026-10-03,INFERENCE,
ev,Mercedes-Benz eSprinter 2500 170 WB HR 113kWh,Mercedes-Benz eSprinter 2500 170 WB HR 113kWh,TED:Resale (3-yr retained %),not confirmed,0-10,,https://www.caranddriver.com/mercedes-benz/esprinter-2025,2026-10-03,not scored: not confirmed,
ev,Mercedes-Benz eSprinter 2500 170 WB HR 113kWh,Mercedes-Benz eSprinter 2500 170 WB HR 113kWh,TED:Reliability,not confirmed,0-10,,https://www.caranddriver.com/mercedes-benz/esprinter-2025,2026-10-03,not scored: not confirmed,
ev,Mercedes-Benz eSprinter 2500 170 WB HR 113kWh,Mercedes-Benz eSprinter 2500 170 WB HR 113kWh,TED:Service network,6.0,0-10,6.0,https://www.caranddriver.com/mercedes-benz/esprinter-2025,2026-10-03,INFERENCE,
ev,Mercedes-Benz eSprinter 2500 170 WB HR 113kWh,Mercedes-Benz eSprinter 2500 170 WB HR 113kWh,TED:Longevity (warranty remaining),not confirmed,0-10,,https://www.caranddriver.com/mercedes-benz/esprinter-2025,2026-10-03,not scored: not confirmed,
ev,Mercedes-Benz eSprinter 2500 170 WB HR 113kWh,Mercedes-Benz eSprinter 2500 170 WB HR 113kWh,TED:Energy cents per mile,not confirmed,0-10,,https://www.caranddriver.com/mercedes-benz/esprinter-2025,2026-10-03,not scored: not confirmed,
ev,Mercedes-Benz eSprinter 2500 170 WB HR 113kWh,Mercedes-Benz eSprinter 2500 170 WB HR 113kWh,TED:Maintenance cents per mile,8.1,0-10,8.1,https://www.caranddriver.com/mercedes-benz/esprinter-2025,2026-10-03,INFERENCE,
gas_candidate,Chevrolet Express 2500 Cargo Extended,Mercedes-Benz eSprinter 2500 170 WB HR 113kWh,TED:Range fit,not confirmed,0-10,,not confirmed,2026-10-03,not scored: not confirmed,
gas_candidate,Chevrolet Express 2500 Cargo Extended,Mercedes-Benz eSprinter 2500 170 WB HR 113kWh,TED:Payload/cargo fit,10.0,0-10,10.0,not confirmed,2026-10-03,INFERENCE,
gas_candidate,Chevrolet Express 2500 Cargo Extended,Mercedes-Benz eSprinter 2500 170 WB HR 113kWh,TED:Cab/crew fit,10.0,0-10,10.0,not confirmed,2026-10-03,INFERENCE,
gas_candidate,Chevrolet Express 2500 Cargo Extended,Mercedes-Benz eSprinter 2500 170 WB HR 113kWh,TED:Tow fit,10.0,0-10,10.0,not confirmed,2026-10-03,INFERENCE,
gas_candidate,Chevrolet Express 2500 Cargo Extended,Mercedes-Benz eSprinter 2500 170 WB HR 113kWh,TED:Resale (3-yr retained %),not confirmed,0-10,,not confirmed,2026-10-03,not scored: not confirmed,
gas_candidate,Chevrolet Express 2500 Cargo Extended,Mercedes-Benz eSprinter 2500 170 WB HR 113kWh,TED:Reliability,not confirmed,0-10,,not confirmed,2026-10-03,not scored: not confirmed,
gas_candidate,Chevrolet Express 2500 Cargo Extended,Mercedes-Benz eSprinter 2500 170 WB HR 113kWh,TED:Service network,9.0,0-10,9.0,not confirmed,2026-10-03,INFERENCE,
gas_candidate,Chevrolet Express 2500 Cargo Extended,Mercedes-Benz eSprinter 2500 170 WB HR 113kWh,TED:Longevity (warranty remaining),not confirmed,0-10,,not confirmed,2026-10-03,not scored: not confirmed,
gas_candidate,Chevrolet Express 2500 Cargo Extended,Mercedes-Benz eSprinter 2500 170 WB HR 113kWh,TED:Energy cents per mile,not confirmed,0-10,,not confirmed,2026-10-03,not scored: not confirmed,
gas_candidate,Chevrolet Express 2500 Cargo Extended,Mercedes-Benz eSprinter 2500 170 WB HR 113kWh,TED:Maintenance cents per mile,4.5,0-10,4.5,not confirmed,2026-10-03,INFERENCE,
gas_candidate,Mercedes-Benz Sprinter 2500 Cargo diesel,Mercedes-Benz eSprinter 2500 170 WB HR 113kWh,payload,not confirmed,lb,,not confirmed,2026-10-03,UNKNOWN,no
gas_candidate,Mercedes-Benz Sprinter 2500 Cargo diesel,Mercedes-Benz eSprinter 2500 170 WB HR 113kWh,tow,5000,lb,10.0,https://www.kbb.com/mercedes-benz/sprinter-2500-cargo/2025/,2026-10-03,FACT,yes
gas_candidate,Mercedes-Benz Sprinter 2500 Cargo diesel,Mercedes-Benz eSprinter 2500 170 WB HR 113kWh,cargo,488 cu ft,bed_ft_or_cuft,10.0,https://www.kbb.com/mercedes-benz/sprinter-2500-cargo/2025/,2026-10-03,FACT,
gas_candidate,Mercedes-Benz Sprinter 2500 Cargo diesel,Mercedes-Benz eSprinter 2500 170 WB HR 113kWh,cab,2,cab_ordinal_crew3,10.0,https://www.kbb.com/mercedes-benz/sprinter-2500-cargo/2025/,2026-10-03,FACT,
gas_candidate,Mercedes-Benz Sprinter 2500 Cargo diesel,Mercedes-Benz eSprinter 2500 170 WB HR 113kWh,range,not confirmed,mi,,not confirmed,2026-10-03,UNKNOWN,no
gas_candidate,Mercedes-Benz Sprinter 2500 Cargo diesel,Mercedes-Benz eSprinter 2500 170 WB HR 113kWh,tow_range,not confirmed,mi,,https://www.kbb.com/mercedes-benz/sprinter-2500-cargo/2025/,2026-10-03,UNKNOWN,
gas_candidate,Mercedes-Benz Sprinter 2500 Cargo diesel,Mercedes-Benz eSprinter 2500 170 WB HR 113kWh,msrp,not confirmed,usd,,not confirmed,2026-10-03,UNKNOWN,no
gas_candidate,Mercedes-Benz Sprinter 2500 Cargo diesel,Mercedes-Benz eSprinter 2500 170 WB HR 113kWh,resale_3yr_retained,not confirmed,percent,,not confirmed,2026-10-03,UNKNOWN,
gas_candidate,Mercedes-Benz Sprinter 2500 Cargo diesel,Mercedes-Benz eSprinter 2500 170 WB HR 113kWh,mpg_combined,not confirmed,mpg,,not confirmed,2026-10-03,UNKNOWN,
gas_candidate,Mercedes-Benz Sprinter 2500 Cargo diesel,Mercedes-Benz eSprinter 2500 170 WB HR 113kWh,energy_usd_per_mi,not confirmed,USD/mi,,not confirmed,2026-10-03,UNKNOWN,
gas_candidate,Mercedes-Benz Sprinter 2500 Cargo diesel,Mercedes-Benz eSprinter 2500 170 WB HR 113kWh,maint_usd_per_mi,0.101,USD/mi,4.5,not confirmed,2026-10-03,FACT class-level AFDC,
gas_candidate,Mercedes-Benz Sprinter 2500 Cargo diesel,Mercedes-Benz eSprinter 2500 170 WB HR 113kWh,service_network,6,0-10 ordinal,6,not confirmed,2026-10-03,INFERENCE,
gas_candidate,Mercedes-Benz Sprinter 2500 Cargo diesel,Mercedes-Benz eSprinter 2500 170 WB HR 113kWh,class_match,full_van vs full_van,class,10.0,https://www.kbb.com/mercedes-benz/sprinter-2500-cargo/2025/,2026-10-03,INFERENCE,
gas_candidate,Mercedes-Benz Sprinter 2500 Cargo diesel,Mercedes-Benz eSprinter 2500 170 WB HR 113kWh,rank_metric,5.0,0-10,5.0,https://www.kbb.com/mercedes-benz/sprinter-2500-cargo/2025/,2026-10-03,INFERENCE,
ev,Mercedes-Benz eSprinter 2500 170 WB HR 113kWh,Mercedes-Benz eSprinter 2500 170 WB HR 113kWh,TED:Range fit,10.0,0-10,10.0,https://www.caranddriver.com/mercedes-benz/esprinter-2025,2026-10-03,INFERENCE,
ev,Mercedes-Benz eSprinter 2500 170 WB HR 113kWh,Mercedes-Benz eSprinter 2500 170 WB HR 113kWh,TED:Payload/cargo fit,10.0,0-10,10.0,https://www.caranddriver.com/mercedes-benz/esprinter-2025,2026-10-03,INFERENCE,
ev,Mercedes-Benz eSprinter 2500 170 WB HR 113kWh,Mercedes-Benz eSprinter 2500 170 WB HR 113kWh,TED:Cab/crew fit,10.0,0-10,10.0,https://www.caranddriver.com/mercedes-benz/esprinter-2025,2026-10-03,INFERENCE,
ev,Mercedes-Benz eSprinter 2500 170 WB HR 113kWh,Mercedes-Benz eSprinter 2500 170 WB HR 113kWh,TED:Tow fit,10.0,0-10,10.0,https://www.caranddriver.com/mercedes-benz/esprinter-2025,2026-10-03,INFERENCE,
ev,Mercedes-Benz eSprinter 2500 170 WB HR 113kWh,Mercedes-Benz eSprinter 2500 170 WB HR 113kWh,TED:Resale (3-yr retained %),not confirmed,0-10,,https://www.caranddriver.com/mercedes-benz/esprinter-2025,2026-10-03,not scored: not confirmed,
ev,Mercedes-Benz eSprinter 2500 170 WB HR 113kWh,Mercedes-Benz eSprinter 2500 170 WB HR 113kWh,TED:Reliability,not confirmed,0-10,,https://www.caranddriver.com/mercedes-benz/esprinter-2025,2026-10-03,not scored: not confirmed,
ev,Mercedes-Benz eSprinter 2500 170 WB HR 113kWh,Mercedes-Benz eSprinter 2500 170 WB HR 113kWh,TED:Service network,6.0,0-10,6.0,https://www.caranddriver.com/mercedes-benz/esprinter-2025,2026-10-03,INFERENCE,
ev,Mercedes-Benz eSprinter 2500 170 WB HR 113kWh,Mercedes-Benz eSprinter 2500 170 WB HR 113kWh,TED:Longevity (warranty remaining),not confirmed,0-10,,https://www.caranddriver.com/mercedes-benz/esprinter-2025,2026-10-03,not scored: not confirmed,
ev,Mercedes-Benz eSprinter 2500 170 WB HR 113kWh,Mercedes-Benz eSprinter 2500 170 WB HR 113kWh,TED:Energy cents per mile,not confirmed,0-10,,https://www.caranddriver.com/mercedes-benz/esprinter-2025,2026-10-03,not scored: not confirmed,
ev,Mercedes-Benz eSprinter 2500 170 WB HR 113kWh,Mercedes-Benz eSprinter 2500 170 WB HR 113kWh,TED:Maintenance cents per mile,8.1,0-10,8.1,https://www.caranddriver.com/mercedes-benz/esprinter-2025,2026-10-03,INFERENCE,
gas_candidate,Mercedes-Benz Sprinter 2500 Cargo diesel,Mercedes-Benz eSprinter 2500 170 WB HR 113kWh,TED:Range fit,not confirmed,0-10,,not confirmed,2026-10-03,not scored: not confirmed,
gas_candidate,Mercedes-Benz Sprinter 2500 Cargo diesel,Mercedes-Benz eSprinter 2500 170 WB HR 113kWh,TED:Payload/cargo fit,not confirmed,0-10,,not confirmed,2026-10-03,not scored: not confirmed,
gas_candidate,Mercedes-Benz Sprinter 2500 Cargo diesel,Mercedes-Benz eSprinter 2500 170 WB HR 113kWh,TED:Cab/crew fit,10.0,0-10,10.0,not confirmed,2026-10-03,INFERENCE,
gas_candidate,Mercedes-Benz Sprinter 2500 Cargo diesel,Mercedes-Benz eSprinter 2500 170 WB HR 113kWh,TED:Tow fit,10.0,0-10,10.0,not confirmed,2026-10-03,INFERENCE,
gas_candidate,Mercedes-Benz Sprinter 2500 Cargo diesel,Mercedes-Benz eSprinter 2500 170 WB HR 113kWh,TED:Resale (3-yr retained %),not confirmed,0-10,,not confirmed,2026-10-03,not scored: not confirmed,
gas_candidate,Mercedes-Benz Sprinter 2500 Cargo diesel,Mercedes-Benz eSprinter 2500 170 WB HR 113kWh,TED:Reliability,not confirmed,0-10,,not confirmed,2026-10-03,not scored: not confirmed,
gas_candidate,Mercedes-Benz Sprinter 2500 Cargo diesel,Mercedes-Benz eSprinter 2500 170 WB HR 113kWh,TED:Service network,6.0,0-10,6.0,not confirmed,2026-10-03,INFERENCE,
gas_candidate,Mercedes-Benz Sprinter 2500 Cargo diesel,Mercedes-Benz eSprinter 2500 170 WB HR 113kWh,TED:Longevity (warranty remaining),not confirmed,0-10,,not confirmed,2026-10-03,not scored: not confirmed,
gas_candidate,Mercedes-Benz Sprinter 2500 Cargo diesel,Mercedes-Benz eSprinter 2500 170 WB HR 113kWh,TED:Energy cents per mile,not confirmed,0-10,,not confirmed,2026-10-03,not scored: not confirmed,
gas_candidate,Mercedes-Benz Sprinter 2500 Cargo diesel,Mercedes-Benz eSprinter 2500 170 WB HR 113kWh,TED:Maintenance cents per mile,4.5,0-10,4.5,not confirmed,2026-10-03,INFERENCE,
gas_candidate,Ford Transit Cargo Long-EL high roof T-250,Mercedes-Benz eSprinter 2500 170 WB HR 113kWh,payload,not confirmed,lb,,not confirmed,2026-10-03,UNKNOWN,no
gas_candidate,Ford Transit Cargo Long-EL high roof T-250,Mercedes-Benz eSprinter 2500 170 WB HR 113kWh,tow,not confirmed,lb,,not confirmed,2026-10-03,UNKNOWN,no
gas_candidate,Ford Transit Cargo Long-EL high roof T-250,Mercedes-Benz eSprinter 2500 170 WB HR 113kWh,cargo,487.3 cu ft,bed_ft_or_cuft,10.0,https://www.kbb.com/ford/transit-250-cargo-van/2025/specs/,2026-10-03,FACT,
gas_candidate,Ford Transit Cargo Long-EL high roof T-250,Mercedes-Benz eSprinter 2500 170 WB HR 113kWh,cab,2,cab_ordinal_crew3,10.0,https://www.kbb.com/ford/transit-250-cargo-van/2025/high-roof-extended-length/,2026-10-03,FACT,
gas_candidate,Ford Transit Cargo Long-EL high roof T-250,Mercedes-Benz eSprinter 2500 170 WB HR 113kWh,range,not confirmed,mi,,not confirmed,2026-10-03,UNKNOWN,no
gas_candidate,Ford Transit Cargo Long-EL high roof T-250,Mercedes-Benz eSprinter 2500 170 WB HR 113kWh,tow_range,not confirmed,mi,,not confirmed,2026-10-03,UNKNOWN,
gas_candidate,Ford Transit Cargo Long-EL high roof T-250,Mercedes-Benz eSprinter 2500 170 WB HR 113kWh,msrp,55095,usd,,https://www.kbb.com/ford/transit-250-cargo-van/2025/,2026-10-03,FACT,yes
gas_candidate,Ford Transit Cargo Long-EL high roof T-250,Mercedes-Benz eSprinter 2500 170 WB HR 113kWh,resale_3yr_retained,not confirmed,percent,,not confirmed,2026-10-03,UNKNOWN,
gas_candidate,Ford Transit Cargo Long-EL high roof T-250,Mercedes-Benz eSprinter 2500 170 WB HR 113kWh,mpg_combined,not confirmed,mpg,,not confirmed,2026-10-03,UNKNOWN,
gas_candidate,Ford Transit Cargo Long-EL high roof T-250,Mercedes-Benz eSprinter 2500 170 WB HR 113kWh,energy_usd_per_mi,not confirmed,USD/mi,,not confirmed,2026-10-03,UNKNOWN,
gas_candidate,Ford Transit Cargo Long-EL high roof T-250,Mercedes-Benz eSprinter 2500 170 WB HR 113kWh,maint_usd_per_mi,0.101,USD/mi,4.5,not confirmed,2026-10-03,FACT class-level AFDC,
gas_candidate,Ford Transit Cargo Long-EL high roof T-250,Mercedes-Benz eSprinter 2500 170 WB HR 113kWh,service_network,10,0-10 ordinal,10,https://www.kbb.com/ford/transit-250-cargo-van/2025/,2026-10-03,INFERENCE,
gas_candidate,Ford Transit Cargo Long-EL high roof T-250,Mercedes-Benz eSprinter 2500 170 WB HR 113kWh,class_match,full_van vs full_van,class,10.0,https://www.kbb.com/ford/transit-250-cargo-van/2025/specs/,2026-10-03,INFERENCE,
gas_candidate,Ford Transit Cargo Long-EL high roof T-250,Mercedes-Benz eSprinter 2500 170 WB HR 113kWh,rank_metric,3.3,0-10,3.3,https://www.kbb.com/ford/transit-250-cargo-van/2025/specs/,2026-10-03,INFERENCE,
ev,Mercedes-Benz eSprinter 2500 170 WB HR 113kWh,Mercedes-Benz eSprinter 2500 170 WB HR 113kWh,TED:Range fit,10.0,0-10,10.0,https://www.caranddriver.com/mercedes-benz/esprinter-2025,2026-10-03,INFERENCE,
ev,Mercedes-Benz eSprinter 2500 170 WB HR 113kWh,Mercedes-Benz eSprinter 2500 170 WB HR 113kWh,TED:Payload/cargo fit,10.0,0-10,10.0,https://www.caranddriver.com/mercedes-benz/esprinter-2025,2026-10-03,INFERENCE,
ev,Mercedes-Benz eSprinter 2500 170 WB HR 113kWh,Mercedes-Benz eSprinter 2500 170 WB HR 113kWh,TED:Cab/crew fit,10.0,0-10,10.0,https://www.caranddriver.com/mercedes-benz/esprinter-2025,2026-10-03,INFERENCE,
ev,Mercedes-Benz eSprinter 2500 170 WB HR 113kWh,Mercedes-Benz eSprinter 2500 170 WB HR 113kWh,TED:Tow fit,10.0,0-10,10.0,https://www.caranddriver.com/mercedes-benz/esprinter-2025,2026-10-03,INFERENCE,
ev,Mercedes-Benz eSprinter 2500 170 WB HR 113kWh,Mercedes-Benz eSprinter 2500 170 WB HR 113kWh,TED:Resale (3-yr retained %),not confirmed,0-10,,https://www.caranddriver.com/mercedes-benz/esprinter-2025,2026-10-03,not scored: not confirmed,
ev,Mercedes-Benz eSprinter 2500 170 WB HR 113kWh,Mercedes-Benz eSprinter 2500 170 WB HR 113kWh,TED:Reliability,not confirmed,0-10,,https://www.caranddriver.com/mercedes-benz/esprinter-2025,2026-10-03,not scored: not confirmed,
ev,Mercedes-Benz eSprinter 2500 170 WB HR 113kWh,Mercedes-Benz eSprinter 2500 170 WB HR 113kWh,TED:Service network,6.0,0-10,6.0,https://www.caranddriver.com/mercedes-benz/esprinter-2025,2026-10-03,INFERENCE,
ev,Mercedes-Benz eSprinter 2500 170 WB HR 113kWh,Mercedes-Benz eSprinter 2500 170 WB HR 113kWh,TED:Longevity (warranty remaining),not confirmed,0-10,,https://www.caranddriver.com/mercedes-benz/esprinter-2025,2026-10-03,not scored: not confirmed,
ev,Mercedes-Benz eSprinter 2500 170 WB HR 113kWh,Mercedes-Benz eSprinter 2500 170 WB HR 113kWh,TED:Energy cents per mile,not confirmed,0-10,,https://www.caranddriver.com/mercedes-benz/esprinter-2025,2026-10-03,not scored: not confirmed,
ev,Mercedes-Benz eSprinter 2500 170 WB HR 113kWh,Mercedes-Benz eSprinter 2500 170 WB HR 113kWh,TED:Maintenance cents per mile,8.1,0-10,8.1,https://www.caranddriver.com/mercedes-benz/esprinter-2025,2026-10-03,INFERENCE,
gas_candidate,Ford Transit Cargo Long-EL high roof T-250,Mercedes-Benz eSprinter 2500 170 WB HR 113kWh,TED:Range fit,not confirmed,0-10,,not confirmed,2026-10-03,not scored: not confirmed,
gas_candidate,Ford Transit Cargo Long-EL high roof T-250,Mercedes-Benz eSprinter 2500 170 WB HR 113kWh,TED:Payload/cargo fit,not confirmed,0-10,,not confirmed,2026-10-03,not scored: not confirmed,
gas_candidate,Ford Transit Cargo Long-EL high roof T-250,Mercedes-Benz eSprinter 2500 170 WB HR 113kWh,TED:Cab/crew fit,10.0,0-10,10.0,not confirmed,2026-10-03,INFERENCE,
gas_candidate,Ford Transit Cargo Long-EL high roof T-250,Mercedes-Benz eSprinter 2500 170 WB HR 113kWh,TED:Tow fit,not confirmed,0-10,,not confirmed,2026-10-03,not scored: not confirmed,
gas_candidate,Ford Transit Cargo Long-EL high roof T-250,Mercedes-Benz eSprinter 2500 170 WB HR 113kWh,TED:Resale (3-yr retained %),not confirmed,0-10,,not confirmed,2026-10-03,not scored: not confirmed,
gas_candidate,Ford Transit Cargo Long-EL high roof T-250,Mercedes-Benz eSprinter 2500 170 WB HR 113kWh,TED:Reliability,not confirmed,0-10,,not confirmed,2026-10-03,not scored: not confirmed,
gas_candidate,Ford Transit Cargo Long-EL high roof T-250,Mercedes-Benz eSprinter 2500 170 WB HR 113kWh,TED:Service network,10.0,0-10,10.0,not confirmed,2026-10-03,INFERENCE,
gas_candidate,Ford Transit Cargo Long-EL high roof T-250,Mercedes-Benz eSprinter 2500 170 WB HR 113kWh,TED:Longevity (warranty remaining),not confirmed,0-10,,not confirmed,2026-10-03,not scored: not confirmed,
gas_candidate,Ford Transit Cargo Long-EL high roof T-250,Mercedes-Benz eSprinter 2500 170 WB HR 113kWh,TED:Energy cents per mile,not confirmed,0-10,,not confirmed,2026-10-03,not scored: not confirmed,
gas_candidate,Ford Transit Cargo Long-EL high roof T-250,Mercedes-Benz eSprinter 2500 170 WB HR 113kWh,TED:Maintenance cents per mile,4.5,0-10,4.5,not confirmed,2026-10-03,INFERENCE,
ev,Rivian Commercial Van RCV/EDV Delivery 500,Rivian Commercial Van RCV/EDV Delivery 500,payload,2663,lb,,https://assets.ctfassets.net/2md5qhoeajym/5FQcJgfAOa4vDYu9rWwEYO/2fa75339d6e533532ba08bf395275015/RCV-QuickRef-v17.pdf,2026-10-03,FACT,yes
ev,Rivian Commercial Van RCV/EDV Delivery 500,Rivian Commercial Van RCV/EDV Delivery 500,tow,not confirmed,lb,,not confirmed,2026-10-03,UNKNOWN,no
ev,Rivian Commercial Van RCV/EDV Delivery 500,Rivian Commercial Van RCV/EDV Delivery 500,cargo,487 cu ft,bed_ft_or_cuft,,https://assets.ctfassets.net/2md5qhoeajym/5FQcJgfAOa4vDYu9rWwEYO/2fa75339d6e533532ba08bf395275015/RCV-QuickRef-v17.pdf,2026-10-03,FACT,
ev,Rivian Commercial Van RCV/EDV Delivery 500,Rivian Commercial Van RCV/EDV Delivery 500,cab,2,cab_ordinal_crew3,,https://rivian.com/fleet,2026-10-03,FACT,
ev,Rivian Commercial Van RCV/EDV Delivery 500,Rivian Commercial Van RCV/EDV Delivery 500,range,161,mi,,https://assets.ctfassets.net/2md5qhoeajym/5FQcJgfAOa4vDYu9rWwEYO/2fa75339d6e533532ba08bf395275015/RCV-QuickRef-v17.pdf,2026-10-03,FACT,yes
ev,Rivian Commercial Van RCV/EDV Delivery 500,Rivian Commercial Van RCV/EDV Delivery 500,tow_range,not confirmed,mi,,not confirmed,2026-10-03,UNKNOWN,
ev,Rivian Commercial Van RCV/EDV Delivery 500,Rivian Commercial Van RCV/EDV Delivery 500,msrp,79900,usd,,https://rivian.com/fleet,2026-10-03,FACT,yes
ev,Rivian Commercial Van RCV/EDV Delivery 500,Rivian Commercial Van RCV/EDV Delivery 500,resale_3yr_retained,not confirmed,percent,,not confirmed,2026-10-03,UNKNOWN,
ev,Rivian Commercial Van RCV/EDV Delivery 500,Rivian Commercial Van RCV/EDV Delivery 500,efficiency_kwh_100mi,not confirmed,kWh/100mi,,not confirmed,2026-10-03,UNKNOWN,
ev,Rivian Commercial Van RCV/EDV Delivery 500,Rivian Commercial Van RCV/EDV Delivery 500,energy_usd_per_mi,not confirmed,USD/mi,,not confirmed,2026-10-03,UNKNOWN,
ev,Rivian Commercial Van RCV/EDV Delivery 500,Rivian Commercial Van RCV/EDV Delivery 500,maint_usd_per_mi,0.061,USD/mi,,not confirmed,2026-10-03,FACT class-level AFDC,
ev,Rivian Commercial Van RCV/EDV Delivery 500,Rivian Commercial Van RCV/EDV Delivery 500,service_network,3,0-10 ordinal,3,https://rivian.com/fleet,2026-10-03,INFERENCE,
gas_candidate,Chevrolet Express 2500 Cargo Extended,Rivian Commercial Van RCV/EDV Delivery 500,payload,3060,lb,10.0,https://www.kbb.com/chevrolet/express-2500-cargo/2025/extended/,2026-10-03,FACT,yes
gas_candidate,Chevrolet Express 2500 Cargo Extended,Rivian Commercial Van RCV/EDV Delivery 500,tow,10000,lb,,https://www.kbb.com/chevrolet/express-2500-cargo/2025/extended/,2026-10-03,FACT,yes
gas_candidate,Chevrolet Express 2500 Cargo Extended,Rivian Commercial Van RCV/EDV Delivery 500,cargo,283.6 cu ft,bed_ft_or_cuft,0.0,https://www.kbb.com/chevrolet/express-2500-cargo/2025/extended/,2026-10-03,FACT,
gas_candidate,Chevrolet Express 2500 Cargo Extended,Rivian Commercial Van RCV/EDV Delivery 500,cab,2,cab_ordinal_crew3,10.0,https://www.kbb.com/chevrolet/express-2500-cargo/2025/extended/,2026-10-03,FACT,
gas_candidate,Chevrolet Express 2500 Cargo Extended,Rivian Commercial Van RCV/EDV Delivery 500,range,not confirmed,mi,,not confirmed,2026-10-03,UNKNOWN,no
gas_candidate,Chevrolet Express 2500 Cargo Extended,Rivian Commercial Van RCV/EDV Delivery 500,tow_range,not confirmed,mi,,https://www.kbb.com/chevrolet/express-2500-cargo/2025/extended/,2026-10-03,UNKNOWN,
gas_candidate,Chevrolet Express 2500 Cargo Extended,Rivian Commercial Van RCV/EDV Delivery 500,msrp,45695,usd,10.0,https://www.kbb.com/chevrolet/express-2500-cargo/2025/,2026-10-03,FACT,yes
gas_candidate,Chevrolet Express 2500 Cargo Extended,Rivian Commercial Van RCV/EDV Delivery 500,resale_3yr_retained,not confirmed,percent,,not confirmed,2026-10-03,UNKNOWN,
gas_candidate,Chevrolet Express 2500 Cargo Extended,Rivian Commercial Van RCV/EDV Delivery 500,mpg_combined,not confirmed,mpg,,not confirmed,2026-10-03,UNKNOWN,
gas_candidate,Chevrolet Express 2500 Cargo Extended,Rivian Commercial Van RCV/EDV Delivery 500,energy_usd_per_mi,not confirmed,USD/mi,,not confirmed,2026-10-03,UNKNOWN,
gas_candidate,Chevrolet Express 2500 Cargo Extended,Rivian Commercial Van RCV/EDV Delivery 500,maint_usd_per_mi,0.101,USD/mi,4.5,not confirmed,2026-10-03,FACT class-level AFDC,
gas_candidate,Chevrolet Express 2500 Cargo Extended,Rivian Commercial Van RCV/EDV Delivery 500,service_network,9,0-10 ordinal,9,https://www.kbb.com/chevrolet/express-2500-cargo/2025/,2026-10-03,INFERENCE,
gas_candidate,Chevrolet Express 2500 Cargo Extended,Rivian Commercial Van RCV/EDV Delivery 500,class_match,full_van vs full_van,class,10.0,https://www.kbb.com/chevrolet/express-2500-cargo/2025/extended/,2026-10-03,INFERENCE,
gas_candidate,Chevrolet Express 2500 Cargo Extended,Rivian Commercial Van RCV/EDV Delivery 500,rank_metric,5.6,0-10,5.6,https://www.kbb.com/chevrolet/express-2500-cargo/2025/extended/,2026-10-03,INFERENCE,
ev,Rivian Commercial Van RCV/EDV Delivery 500,Rivian Commercial Van RCV/EDV Delivery 500,TED:Range fit,10.0,0-10,10.0,https://assets.ctfassets.net/2md5qhoeajym/5FQcJgfAOa4vDYu9rWwEYO/2fa75339d6e533532ba08bf395275015/RCV-QuickRef-v17.pdf,2026-10-03,INFERENCE,
ev,Rivian Commercial Van RCV/EDV Delivery 500,Rivian Commercial Van RCV/EDV Delivery 500,TED:Payload/cargo fit,10.0,0-10,10.0,https://assets.ctfassets.net/2md5qhoeajym/5FQcJgfAOa4vDYu9rWwEYO/2fa75339d6e533532ba08bf395275015/RCV-QuickRef-v17.pdf,2026-10-03,INFERENCE,
ev,Rivian Commercial Van RCV/EDV Delivery 500,Rivian Commercial Van RCV/EDV Delivery 500,TED:Cab/crew fit,10.0,0-10,10.0,https://assets.ctfassets.net/2md5qhoeajym/5FQcJgfAOa4vDYu9rWwEYO/2fa75339d6e533532ba08bf395275015/RCV-QuickRef-v17.pdf,2026-10-03,INFERENCE,
ev,Rivian Commercial Van RCV/EDV Delivery 500,Rivian Commercial Van RCV/EDV Delivery 500,TED:Tow fit,not confirmed,0-10,,https://assets.ctfassets.net/2md5qhoeajym/5FQcJgfAOa4vDYu9rWwEYO/2fa75339d6e533532ba08bf395275015/RCV-QuickRef-v17.pdf,2026-10-03,not scored: not confirmed,
ev,Rivian Commercial Van RCV/EDV Delivery 500,Rivian Commercial Van RCV/EDV Delivery 500,TED:Resale (3-yr retained %),not confirmed,0-10,,https://assets.ctfassets.net/2md5qhoeajym/5FQcJgfAOa4vDYu9rWwEYO/2fa75339d6e533532ba08bf395275015/RCV-QuickRef-v17.pdf,2026-10-03,not scored: not confirmed,
ev,Rivian Commercial Van RCV/EDV Delivery 500,Rivian Commercial Van RCV/EDV Delivery 500,TED:Reliability,not confirmed,0-10,,https://assets.ctfassets.net/2md5qhoeajym/5FQcJgfAOa4vDYu9rWwEYO/2fa75339d6e533532ba08bf395275015/RCV-QuickRef-v17.pdf,2026-10-03,not scored: not confirmed,
ev,Rivian Commercial Van RCV/EDV Delivery 500,Rivian Commercial Van RCV/EDV Delivery 500,TED:Service network,3.0,0-10,3.0,https://assets.ctfassets.net/2md5qhoeajym/5FQcJgfAOa4vDYu9rWwEYO/2fa75339d6e533532ba08bf395275015/RCV-QuickRef-v17.pdf,2026-10-03,INFERENCE,
ev,Rivian Commercial Van RCV/EDV Delivery 500,Rivian Commercial Van RCV/EDV Delivery 500,TED:Longevity (warranty remaining),not confirmed,0-10,,https://assets.ctfassets.net/2md5qhoeajym/5FQcJgfAOa4vDYu9rWwEYO/2fa75339d6e533532ba08bf395275015/RCV-QuickRef-v17.pdf,2026-10-03,not scored: not confirmed,
ev,Rivian Commercial Van RCV/EDV Delivery 500,Rivian Commercial Van RCV/EDV Delivery 500,TED:Energy cents per mile,not confirmed,0-10,,https://assets.ctfassets.net/2md5qhoeajym/5FQcJgfAOa4vDYu9rWwEYO/2fa75339d6e533532ba08bf395275015/RCV-QuickRef-v17.pdf,2026-10-03,not scored: not confirmed,
ev,Rivian Commercial Van RCV/EDV Delivery 500,Rivian Commercial Van RCV/EDV Delivery 500,TED:Maintenance cents per mile,8.1,0-10,8.1,https://assets.ctfassets.net/2md5qhoeajym/5FQcJgfAOa4vDYu9rWwEYO/2fa75339d6e533532ba08bf395275015/RCV-QuickRef-v17.pdf,2026-10-03,INFERENCE,
gas_candidate,Chevrolet Express 2500 Cargo Extended,Rivian Commercial Van RCV/EDV Delivery 500,TED:Range fit,not confirmed,0-10,,not confirmed,2026-10-03,not scored: not confirmed,
gas_candidate,Chevrolet Express 2500 Cargo Extended,Rivian Commercial Van RCV/EDV Delivery 500,TED:Payload/cargo fit,10.0,0-10,10.0,not confirmed,2026-10-03,INFERENCE,
gas_candidate,Chevrolet Express 2500 Cargo Extended,Rivian Commercial Van RCV/EDV Delivery 500,TED:Cab/crew fit,10.0,0-10,10.0,not confirmed,2026-10-03,INFERENCE,
gas_candidate,Chevrolet Express 2500 Cargo Extended,Rivian Commercial Van RCV/EDV Delivery 500,TED:Tow fit,not confirmed,0-10,,not confirmed,2026-10-03,not scored: not confirmed,
gas_candidate,Chevrolet Express 2500 Cargo Extended,Rivian Commercial Van RCV/EDV Delivery 500,TED:Resale (3-yr retained %),not confirmed,0-10,,not confirmed,2026-10-03,not scored: not confirmed,
gas_candidate,Chevrolet Express 2500 Cargo Extended,Rivian Commercial Van RCV/EDV Delivery 500,TED:Reliability,not confirmed,0-10,,not confirmed,2026-10-03,not scored: not confirmed,
gas_candidate,Chevrolet Express 2500 Cargo Extended,Rivian Commercial Van RCV/EDV Delivery 500,TED:Service network,9.0,0-10,9.0,not confirmed,2026-10-03,INFERENCE,
gas_candidate,Chevrolet Express 2500 Cargo Extended,Rivian Commercial Van RCV/EDV Delivery 500,TED:Longevity (warranty remaining),not confirmed,0-10,,not confirmed,2026-10-03,not scored: not confirmed,
gas_candidate,Chevrolet Express 2500 Cargo Extended,Rivian Commercial Van RCV/EDV Delivery 500,TED:Energy cents per mile,not confirmed,0-10,,not confirmed,2026-10-03,not scored: not confirmed,
gas_candidate,Chevrolet Express 2500 Cargo Extended,Rivian Commercial Van RCV/EDV Delivery 500,TED:Maintenance cents per mile,4.5,0-10,4.5,not confirmed,2026-10-03,INFERENCE,
gas_candidate,Ford Transit Cargo Long-EL high roof T-250,Rivian Commercial Van RCV/EDV Delivery 500,payload,not confirmed,lb,,not confirmed,2026-10-03,UNKNOWN,no
gas_candidate,Ford Transit Cargo Long-EL high roof T-250,Rivian Commercial Van RCV/EDV Delivery 500,tow,not confirmed,lb,,not confirmed,2026-10-03,UNKNOWN,no
gas_candidate,Ford Transit Cargo Long-EL high roof T-250,Rivian Commercial Van RCV/EDV Delivery 500,cargo,487.3 cu ft,bed_ft_or_cuft,10.0,https://www.kbb.com/ford/transit-250-cargo-van/2025/specs/,2026-10-03,FACT,
gas_candidate,Ford Transit Cargo Long-EL high roof T-250,Rivian Commercial Van RCV/EDV Delivery 500,cab,2,cab_ordinal_crew3,10.0,https://www.kbb.com/ford/transit-250-cargo-van/2025/high-roof-extended-length/,2026-10-03,FACT,
gas_candidate,Ford Transit Cargo Long-EL high roof T-250,Rivian Commercial Van RCV/EDV Delivery 500,range,not confirmed,mi,,not confirmed,2026-10-03,UNKNOWN,no
gas_candidate,Ford Transit Cargo Long-EL high roof T-250,Rivian Commercial Van RCV/EDV Delivery 500,tow_range,not confirmed,mi,,not confirmed,2026-10-03,UNKNOWN,
gas_candidate,Ford Transit Cargo Long-EL high roof T-250,Rivian Commercial Van RCV/EDV Delivery 500,msrp,55095,usd,10.0,https://www.kbb.com/ford/transit-250-cargo-van/2025/,2026-10-03,FACT,yes
gas_candidate,Ford Transit Cargo Long-EL high roof T-250,Rivian Commercial Van RCV/EDV Delivery 500,resale_3yr_retained,not confirmed,percent,,not confirmed,2026-10-03,UNKNOWN,
gas_candidate,Ford Transit Cargo Long-EL high roof T-250,Rivian Commercial Van RCV/EDV Delivery 500,mpg_combined,not confirmed,mpg,,not confirmed,2026-10-03,UNKNOWN,
gas_candidate,Ford Transit Cargo Long-EL high roof T-250,Rivian Commercial Van RCV/EDV Delivery 500,energy_usd_per_mi,not confirmed,USD/mi,,not confirmed,2026-10-03,UNKNOWN,
gas_candidate,Ford Transit Cargo Long-EL high roof T-250,Rivian Commercial Van RCV/EDV Delivery 500,maint_usd_per_mi,0.101,USD/mi,4.5,not confirmed,2026-10-03,FACT class-level AFDC,
gas_candidate,Ford Transit Cargo Long-EL high roof T-250,Rivian Commercial Van RCV/EDV Delivery 500,service_network,10,0-10 ordinal,10,https://www.kbb.com/ford/transit-250-cargo-van/2025/,2026-10-03,INFERENCE,
gas_candidate,Ford Transit Cargo Long-EL high roof T-250,Rivian Commercial Van RCV/EDV Delivery 500,class_match,full_van vs full_van,class,10.0,https://www.kbb.com/ford/transit-250-cargo-van/2025/specs/,2026-10-03,INFERENCE,
gas_candidate,Ford Transit Cargo Long-EL high roof T-250,Rivian Commercial Van RCV/EDV Delivery 500,rank_metric,5.0,0-10,5.0,https://www.kbb.com/ford/transit-250-cargo-van/2025/specs/,2026-10-03,INFERENCE,
ev,Rivian Commercial Van RCV/EDV Delivery 500,Rivian Commercial Van RCV/EDV Delivery 500,TED:Range fit,10.0,0-10,10.0,https://assets.ctfassets.net/2md5qhoeajym/5FQcJgfAOa4vDYu9rWwEYO/2fa75339d6e533532ba08bf395275015/RCV-QuickRef-v17.pdf,2026-10-03,INFERENCE,
ev,Rivian Commercial Van RCV/EDV Delivery 500,Rivian Commercial Van RCV/EDV Delivery 500,TED:Payload/cargo fit,10.0,0-10,10.0,https://assets.ctfassets.net/2md5qhoeajym/5FQcJgfAOa4vDYu9rWwEYO/2fa75339d6e533532ba08bf395275015/RCV-QuickRef-v17.pdf,2026-10-03,INFERENCE,
ev,Rivian Commercial Van RCV/EDV Delivery 500,Rivian Commercial Van RCV/EDV Delivery 500,TED:Cab/crew fit,10.0,0-10,10.0,https://assets.ctfassets.net/2md5qhoeajym/5FQcJgfAOa4vDYu9rWwEYO/2fa75339d6e533532ba08bf395275015/RCV-QuickRef-v17.pdf,2026-10-03,INFERENCE,
ev,Rivian Commercial Van RCV/EDV Delivery 500,Rivian Commercial Van RCV/EDV Delivery 500,TED:Tow fit,not confirmed,0-10,,https://assets.ctfassets.net/2md5qhoeajym/5FQcJgfAOa4vDYu9rWwEYO/2fa75339d6e533532ba08bf395275015/RCV-QuickRef-v17.pdf,2026-10-03,not scored: not confirmed,
ev,Rivian Commercial Van RCV/EDV Delivery 500,Rivian Commercial Van RCV/EDV Delivery 500,TED:Resale (3-yr retained %),not confirmed,0-10,,https://assets.ctfassets.net/2md5qhoeajym/5FQcJgfAOa4vDYu9rWwEYO/2fa75339d6e533532ba08bf395275015/RCV-QuickRef-v17.pdf,2026-10-03,not scored: not confirmed,
ev,Rivian Commercial Van RCV/EDV Delivery 500,Rivian Commercial Van RCV/EDV Delivery 500,TED:Reliability,not confirmed,0-10,,https://assets.ctfassets.net/2md5qhoeajym/5FQcJgfAOa4vDYu9rWwEYO/2fa75339d6e533532ba08bf395275015/RCV-QuickRef-v17.pdf,2026-10-03,not scored: not confirmed,
ev,Rivian Commercial Van RCV/EDV Delivery 500,Rivian Commercial Van RCV/EDV Delivery 500,TED:Service network,3.0,0-10,3.0,https://assets.ctfassets.net/2md5qhoeajym/5FQcJgfAOa4vDYu9rWwEYO/2fa75339d6e533532ba08bf395275015/RCV-QuickRef-v17.pdf,2026-10-03,INFERENCE,
ev,Rivian Commercial Van RCV/EDV Delivery 500,Rivian Commercial Van RCV/EDV Delivery 500,TED:Longevity (warranty remaining),not confirmed,0-10,,https://assets.ctfassets.net/2md5qhoeajym/5FQcJgfAOa4vDYu9rWwEYO/2fa75339d6e533532ba08bf395275015/RCV-QuickRef-v17.pdf,2026-10-03,not scored: not confirmed,
ev,Rivian Commercial Van RCV/EDV Delivery 500,Rivian Commercial Van RCV/EDV Delivery 500,TED:Energy cents per mile,not confirmed,0-10,,https://assets.ctfassets.net/2md5qhoeajym/5FQcJgfAOa4vDYu9rWwEYO/2fa75339d6e533532ba08bf395275015/RCV-QuickRef-v17.pdf,2026-10-03,not scored: not confirmed,
ev,Rivian Commercial Van RCV/EDV Delivery 500,Rivian Commercial Van RCV/EDV Delivery 500,TED:Maintenance cents per mile,8.1,0-10,8.1,https://assets.ctfassets.net/2md5qhoeajym/5FQcJgfAOa4vDYu9rWwEYO/2fa75339d6e533532ba08bf395275015/RCV-QuickRef-v17.pdf,2026-10-03,INFERENCE,
gas_candidate,Ford Transit Cargo Long-EL high roof T-250,Rivian Commercial Van RCV/EDV Delivery 500,TED:Range fit,not confirmed,0-10,,not confirmed,2026-10-03,not scored: not confirmed,
gas_candidate,Ford Transit Cargo Long-EL high roof T-250,Rivian Commercial Van RCV/EDV Delivery 500,TED:Payload/cargo fit,not confirmed,0-10,,not confirmed,2026-10-03,not scored: not confirmed,
gas_candidate,Ford Transit Cargo Long-EL high roof T-250,Rivian Commercial Van RCV/EDV Delivery 500,TED:Cab/crew fit,10.0,0-10,10.0,not confirmed,2026-10-03,INFERENCE,
gas_candidate,Ford Transit Cargo Long-EL high roof T-250,Rivian Commercial Van RCV/EDV Delivery 500,TED:Tow fit,not confirmed,0-10,,not confirmed,2026-10-03,not scored: not confirmed,
gas_candidate,Ford Transit Cargo Long-EL high roof T-250,Rivian Commercial Van RCV/EDV Delivery 500,TED:Resale (3-yr retained %),not confirmed,0-10,,not confirmed,2026-10-03,not scored: not confirmed,
gas_candidate,Ford Transit Cargo Long-EL high roof T-250,Rivian Commercial Van RCV/EDV Delivery 500,TED:Reliability,not confirmed,0-10,,not confirmed,2026-10-03,not scored: not confirmed,
gas_candidate,Ford Transit Cargo Long-EL high roof T-250,Rivian Commercial Van RCV/EDV Delivery 500,TED:Service network,10.0,0-10,10.0,not confirmed,2026-10-03,INFERENCE,
gas_candidate,Ford Transit Cargo Long-EL high roof T-250,Rivian Commercial Van RCV/EDV Delivery 500,TED:Longevity (warranty remaining),not confirmed,0-10,,not confirmed,2026-10-03,not scored: not confirmed,
gas_candidate,Ford Transit Cargo Long-EL high roof T-250,Rivian Commercial Van RCV/EDV Delivery 500,TED:Energy cents per mile,not confirmed,0-10,,not confirmed,2026-10-03,not scored: not confirmed,
gas_candidate,Ford Transit Cargo Long-EL high roof T-250,Rivian Commercial Van RCV/EDV Delivery 500,TED:Maintenance cents per mile,4.5,0-10,4.5,not confirmed,2026-10-03,INFERENCE,
gas_candidate,Ram ProMaster 3500 Cargo Standard Roof 136-inch WB,Rivian Commercial Van RCV/EDV Delivery 500,payload,4680,lb,10.0,https://www.motortrend.com/cars/ram/promaster/2025,2026-10-03,FACT,yes
gas_candidate,Ram ProMaster 3500 Cargo Standard Roof 136-inch WB,Rivian Commercial Van RCV/EDV Delivery 500,tow,6700,lb,,"Canadian dealer PDF, US not confirmed — https://www.birchwoodchrysler.ca/wp-content/uploads/2024/10/2025-Ram-Promaster-Payload-Towing.pdf",2026-10-03,FACT,no
gas_candidate,Ram ProMaster 3500 Cargo Standard Roof 136-inch WB,Rivian Commercial Van RCV/EDV Delivery 500,cargo,307.5 cu ft,bed_ft_or_cuft,1.0,https://www.birchwoodchrysler.ca/wp-content/uploads/2024/10/2025-Ram-Promaster-Payload-Towing.pdf,2026-10-03,FACT,
gas_candidate,Ram ProMaster 3500 Cargo Standard Roof 136-inch WB,Rivian Commercial Van RCV/EDV Delivery 500,cab,2,cab_ordinal_crew3,10.0,https://www.birchwoodchrysler.ca/wp-content/uploads/2024/10/2025-Ram-Promaster-Payload-Towing.pdf,2026-10-03,FACT,
gas_candidate,Ram ProMaster 3500 Cargo Standard Roof 136-inch WB,Rivian Commercial Van RCV/EDV Delivery 500,range,not confirmed,mi,,not confirmed,2026-10-03,UNKNOWN,no
gas_candidate,Ram ProMaster 3500 Cargo Standard Roof 136-inch WB,Rivian Commercial Van RCV/EDV Delivery 500,tow_range,not confirmed,mi,,"Canadian dealer PDF, US not confirmed — https://www.birchwoodchrysler.ca/wp-content/uploads/2024/10/2025-Ram-Promaster-Payload-Towing.pdf",2026-10-03,UNKNOWN,no
gas_candidate,Ram ProMaster 3500 Cargo Standard Roof 136-inch WB,Rivian Commercial Van RCV/EDV Delivery 500,msrp,not confirmed,usd,,not confirmed,2026-10-03,UNKNOWN,no
gas_candidate,Ram ProMaster 3500 Cargo Standard Roof 136-inch WB,Rivian Commercial Van RCV/EDV Delivery 500,resale_3yr_retained,not confirmed,percent,,not confirmed,2026-10-03,UNKNOWN,
gas_candidate,Ram ProMaster 3500 Cargo Standard Roof 136-inch WB,Rivian Commercial Van RCV/EDV Delivery 500,mpg_combined,not confirmed,mpg,,not confirmed,2026-10-03,UNKNOWN,
gas_candidate,Ram ProMaster 3500 Cargo Standard Roof 136-inch WB,Rivian Commercial Van RCV/EDV Delivery 500,energy_usd_per_mi,not confirmed,USD/mi,,not confirmed,2026-10-03,UNKNOWN,
gas_candidate,Ram ProMaster 3500 Cargo Standard Roof 136-inch WB,Rivian Commercial Van RCV/EDV Delivery 500,maint_usd_per_mi,0.101,USD/mi,4.5,not confirmed,2026-10-03,FACT class-level AFDC,
gas_candidate,Ram ProMaster 3500 Cargo Standard Roof 136-inch WB,Rivian Commercial Van RCV/EDV Delivery 500,service_network,8,0-10 ordinal,8,not confirmed,2026-10-03,INFERENCE,
gas_candidate,Ram ProMaster 3500 Cargo Standard Roof 136-inch WB,Rivian Commercial Van RCV/EDV Delivery 500,class_match,full_van vs full_van,class,10.0,https://www.birchwoodchrysler.ca/wp-content/uploads/2024/10/2025-Ram-Promaster-Payload-Towing.pdf,2026-10-03,INFERENCE,
gas_candidate,Ram ProMaster 3500 Cargo Standard Roof 136-inch WB,Rivian Commercial Van RCV/EDV Delivery 500,rank_metric,4.0,0-10,4.0,https://www.birchwoodchrysler.ca/wp-content/uploads/2024/10/2025-Ram-Promaster-Payload-Towing.pdf,2026-10-03,INFERENCE,
ev,Rivian Commercial Van RCV/EDV Delivery 500,Rivian Commercial Van RCV/EDV Delivery 500,TED:Range fit,10.0,0-10,10.0,https://assets.ctfassets.net/2md5qhoeajym/5FQcJgfAOa4vDYu9rWwEYO/2fa75339d6e533532ba08bf395275015/RCV-QuickRef-v17.pdf,2026-10-03,INFERENCE,
ev,Rivian Commercial Van RCV/EDV Delivery 500,Rivian Commercial Van RCV/EDV Delivery 500,TED:Payload/cargo fit,10.0,0-10,10.0,https://assets.ctfassets.net/2md5qhoeajym/5FQcJgfAOa4vDYu9rWwEYO/2fa75339d6e533532ba08bf395275015/RCV-QuickRef-v17.pdf,2026-10-03,INFERENCE,
ev,Rivian Commercial Van RCV/EDV Delivery 500,Rivian Commercial Van RCV/EDV Delivery 500,TED:Cab/crew fit,10.0,0-10,10.0,https://assets.ctfassets.net/2md5qhoeajym/5FQcJgfAOa4vDYu9rWwEYO/2fa75339d6e533532ba08bf395275015/RCV-QuickRef-v17.pdf,2026-10-03,INFERENCE,
ev,Rivian Commercial Van RCV/EDV Delivery 500,Rivian Commercial Van RCV/EDV Delivery 500,TED:Tow fit,not confirmed,0-10,,https://assets.ctfassets.net/2md5qhoeajym/5FQcJgfAOa4vDYu9rWwEYO/2fa75339d6e533532ba08bf395275015/RCV-QuickRef-v17.pdf,2026-10-03,not scored: not confirmed,
ev,Rivian Commercial Van RCV/EDV Delivery 500,Rivian Commercial Van RCV/EDV Delivery 500,TED:Resale (3-yr retained %),not confirmed,0-10,,https://assets.ctfassets.net/2md5qhoeajym/5FQcJgfAOa4vDYu9rWwEYO/2fa75339d6e533532ba08bf395275015/RCV-QuickRef-v17.pdf,2026-10-03,not scored: not confirmed,
ev,Rivian Commercial Van RCV/EDV Delivery 500,Rivian Commercial Van RCV/EDV Delivery 500,TED:Reliability,not confirmed,0-10,,https://assets.ctfassets.net/2md5qhoeajym/5FQcJgfAOa4vDYu9rWwEYO/2fa75339d6e533532ba08bf395275015/RCV-QuickRef-v17.pdf,2026-10-03,not scored: not confirmed,
ev,Rivian Commercial Van RCV/EDV Delivery 500,Rivian Commercial Van RCV/EDV Delivery 500,TED:Service network,3.0,0-10,3.0,https://assets.ctfassets.net/2md5qhoeajym/5FQcJgfAOa4vDYu9rWwEYO/2fa75339d6e533532ba08bf395275015/RCV-QuickRef-v17.pdf,2026-10-03,INFERENCE,
ev,Rivian Commercial Van RCV/EDV Delivery 500,Rivian Commercial Van RCV/EDV Delivery 500,TED:Longevity (warranty remaining),not confirmed,0-10,,https://assets.ctfassets.net/2md5qhoeajym/5FQcJgfAOa4vDYu9rWwEYO/2fa75339d6e533532ba08bf395275015/RCV-QuickRef-v17.pdf,2026-10-03,not scored: not confirmed,
ev,Rivian Commercial Van RCV/EDV Delivery 500,Rivian Commercial Van RCV/EDV Delivery 500,TED:Energy cents per mile,not confirmed,0-10,,https://assets.ctfassets.net/2md5qhoeajym/5FQcJgfAOa4vDYu9rWwEYO/2fa75339d6e533532ba08bf395275015/RCV-QuickRef-v17.pdf,2026-10-03,not scored: not confirmed,
ev,Rivian Commercial Van RCV/EDV Delivery 500,Rivian Commercial Van RCV/EDV Delivery 500,TED:Maintenance cents per mile,8.1,0-10,8.1,https://assets.ctfassets.net/2md5qhoeajym/5FQcJgfAOa4vDYu9rWwEYO/2fa75339d6e533532ba08bf395275015/RCV-QuickRef-v17.pdf,2026-10-03,INFERENCE,
gas_candidate,Ram ProMaster 3500 Cargo Standard Roof 136-inch WB,Rivian Commercial Van RCV/EDV Delivery 500,TED:Range fit,not confirmed,0-10,,not confirmed,2026-10-03,not scored: not confirmed,
gas_candidate,Ram ProMaster 3500 Cargo Standard Roof 136-inch WB,Rivian Commercial Van RCV/EDV Delivery 500,TED:Payload/cargo fit,10.0,0-10,10.0,not confirmed,2026-10-03,INFERENCE,
gas_candidate,Ram ProMaster 3500 Cargo Standard Roof 136-inch WB,Rivian Commercial Van RCV/EDV Delivery 500,TED:Cab/crew fit,10.0,0-10,10.0,not confirmed,2026-10-03,INFERENCE,
gas_candidate,Ram ProMaster 3500 Cargo Standard Roof 136-inch WB,Rivian Commercial Van RCV/EDV Delivery 500,TED:Tow fit,not confirmed,0-10,,not confirmed,2026-10-03,not scored: not confirmed,
gas_candidate,Ram ProMaster 3500 Cargo Standard Roof 136-inch WB,Rivian Commercial Van RCV/EDV Delivery 500,TED:Resale (3-yr retained %),not confirmed,0-10,,not confirmed,2026-10-03,not scored: not confirmed,
gas_candidate,Ram ProMaster 3500 Cargo Standard Roof 136-inch WB,Rivian Commercial Van RCV/EDV Delivery 500,TED:Reliability,not confirmed,0-10,,not confirmed,2026-10-03,not scored: not confirmed,
gas_candidate,Ram ProMaster 3500 Cargo Standard Roof 136-inch WB,Rivian Commercial Van RCV/EDV Delivery 500,TED:Service network,8.0,0-10,8.0,not confirmed,2026-10-03,INFERENCE,
gas_candidate,Ram ProMaster 3500 Cargo Standard Roof 136-inch WB,Rivian Commercial Van RCV/EDV Delivery 500,TED:Longevity (warranty remaining),not confirmed,0-10,,not confirmed,2026-10-03,not scored: not confirmed,
gas_candidate,Ram ProMaster 3500 Cargo Standard Roof 136-inch WB,Rivian Commercial Van RCV/EDV Delivery 500,TED:Energy cents per mile,not confirmed,0-10,,not confirmed,2026-10-03,not scored: not confirmed,
gas_candidate,Ram ProMaster 3500 Cargo Standard Roof 136-inch WB,Rivian Commercial Van RCV/EDV Delivery 500,TED:Maintenance cents per mile,4.5,0-10,4.5,not confirmed,2026-10-03,INFERENCE,
gas_candidate,Mercedes-Benz Sprinter 2500 Cargo diesel,Rivian Commercial Van RCV/EDV Delivery 500,payload,not confirmed,lb,,not confirmed,2026-10-03,UNKNOWN,no
gas_candidate,Mercedes-Benz Sprinter 2500 Cargo diesel,Rivian Commercial Van RCV/EDV Delivery 500,tow,5000,lb,,https://www.kbb.com/mercedes-benz/sprinter-2500-cargo/2025/,2026-10-03,FACT,yes
gas_candidate,Mercedes-Benz Sprinter 2500 Cargo diesel,Rivian Commercial Van RCV/EDV Delivery 500,cargo,488 cu ft,bed_ft_or_cuft,10.0,https://www.kbb.com/mercedes-benz/sprinter-2500-cargo/2025/,2026-10-03,FACT,
gas_candidate,Mercedes-Benz Sprinter 2500 Cargo diesel,Rivian Commercial Van RCV/EDV Delivery 500,cab,2,cab_ordinal_crew3,10.0,https://www.kbb.com/mercedes-benz/sprinter-2500-cargo/2025/,2026-10-03,FACT,
gas_candidate,Mercedes-Benz Sprinter 2500 Cargo diesel,Rivian Commercial Van RCV/EDV Delivery 500,range,not confirmed,mi,,not confirmed,2026-10-03,UNKNOWN,no
gas_candidate,Mercedes-Benz Sprinter 2500 Cargo diesel,Rivian Commercial Van RCV/EDV Delivery 500,tow_range,not confirmed,mi,,https://www.kbb.com/mercedes-benz/sprinter-2500-cargo/2025/,2026-10-03,UNKNOWN,
gas_candidate,Mercedes-Benz Sprinter 2500 Cargo diesel,Rivian Commercial Van RCV/EDV Delivery 500,msrp,not confirmed,usd,,not confirmed,2026-10-03,UNKNOWN,no
gas_candidate,Mercedes-Benz Sprinter 2500 Cargo diesel,Rivian Commercial Van RCV/EDV Delivery 500,resale_3yr_retained,not confirmed,percent,,not confirmed,2026-10-03,UNKNOWN,
gas_candidate,Mercedes-Benz Sprinter 2500 Cargo diesel,Rivian Commercial Van RCV/EDV Delivery 500,mpg_combined,not confirmed,mpg,,not confirmed,2026-10-03,UNKNOWN,
gas_candidate,Mercedes-Benz Sprinter 2500 Cargo diesel,Rivian Commercial Van RCV/EDV Delivery 500,energy_usd_per_mi,not confirmed,USD/mi,,not confirmed,2026-10-03,UNKNOWN,
gas_candidate,Mercedes-Benz Sprinter 2500 Cargo diesel,Rivian Commercial Van RCV/EDV Delivery 500,maint_usd_per_mi,0.101,USD/mi,4.5,not confirmed,2026-10-03,FACT class-level AFDC,
gas_candidate,Mercedes-Benz Sprinter 2500 Cargo diesel,Rivian Commercial Van RCV/EDV Delivery 500,service_network,6,0-10 ordinal,6,not confirmed,2026-10-03,INFERENCE,
gas_candidate,Mercedes-Benz Sprinter 2500 Cargo diesel,Rivian Commercial Van RCV/EDV Delivery 500,class_match,full_van vs full_van,class,10.0,https://www.kbb.com/mercedes-benz/sprinter-2500-cargo/2025/,2026-10-03,INFERENCE,
gas_candidate,Mercedes-Benz Sprinter 2500 Cargo diesel,Rivian Commercial Van RCV/EDV Delivery 500,rank_metric,3.3,0-10,3.3,https://www.kbb.com/mercedes-benz/sprinter-2500-cargo/2025/,2026-10-03,INFERENCE,
ev,Rivian Commercial Van RCV/EDV Delivery 500,Rivian Commercial Van RCV/EDV Delivery 500,TED:Range fit,10.0,0-10,10.0,https://assets.ctfassets.net/2md5qhoeajym/5FQcJgfAOa4vDYu9rWwEYO/2fa75339d6e533532ba08bf395275015/RCV-QuickRef-v17.pdf,2026-10-03,INFERENCE,
ev,Rivian Commercial Van RCV/EDV Delivery 500,Rivian Commercial Van RCV/EDV Delivery 500,TED:Payload/cargo fit,10.0,0-10,10.0,https://assets.ctfassets.net/2md5qhoeajym/5FQcJgfAOa4vDYu9rWwEYO/2fa75339d6e533532ba08bf395275015/RCV-QuickRef-v17.pdf,2026-10-03,INFERENCE,
ev,Rivian Commercial Van RCV/EDV Delivery 500,Rivian Commercial Van RCV/EDV Delivery 500,TED:Cab/crew fit,10.0,0-10,10.0,https://assets.ctfassets.net/2md5qhoeajym/5FQcJgfAOa4vDYu9rWwEYO/2fa75339d6e533532ba08bf395275015/RCV-QuickRef-v17.pdf,2026-10-03,INFERENCE,
ev,Rivian Commercial Van RCV/EDV Delivery 500,Rivian Commercial Van RCV/EDV Delivery 500,TED:Tow fit,not confirmed,0-10,,https://assets.ctfassets.net/2md5qhoeajym/5FQcJgfAOa4vDYu9rWwEYO/2fa75339d6e533532ba08bf395275015/RCV-QuickRef-v17.pdf,2026-10-03,not scored: not confirmed,
ev,Rivian Commercial Van RCV/EDV Delivery 500,Rivian Commercial Van RCV/EDV Delivery 500,TED:Resale (3-yr retained %),not confirmed,0-10,,https://assets.ctfassets.net/2md5qhoeajym/5FQcJgfAOa4vDYu9rWwEYO/2fa75339d6e533532ba08bf395275015/RCV-QuickRef-v17.pdf,2026-10-03,not scored: not confirmed,
ev,Rivian Commercial Van RCV/EDV Delivery 500,Rivian Commercial Van RCV/EDV Delivery 500,TED:Reliability,not confirmed,0-10,,https://assets.ctfassets.net/2md5qhoeajym/5FQcJgfAOa4vDYu9rWwEYO/2fa75339d6e533532ba08bf395275015/RCV-QuickRef-v17.pdf,2026-10-03,not scored: not confirmed,
ev,Rivian Commercial Van RCV/EDV Delivery 500,Rivian Commercial Van RCV/EDV Delivery 500,TED:Service network,3.0,0-10,3.0,https://assets.ctfassets.net/2md5qhoeajym/5FQcJgfAOa4vDYu9rWwEYO/2fa75339d6e533532ba08bf395275015/RCV-QuickRef-v17.pdf,2026-10-03,INFERENCE,
ev,Rivian Commercial Van RCV/EDV Delivery 500,Rivian Commercial Van RCV/EDV Delivery 500,TED:Longevity (warranty remaining),not confirmed,0-10,,https://assets.ctfassets.net/2md5qhoeajym/5FQcJgfAOa4vDYu9rWwEYO/2fa75339d6e533532ba08bf395275015/RCV-QuickRef-v17.pdf,2026-10-03,not scored: not confirmed,
ev,Rivian Commercial Van RCV/EDV Delivery 500,Rivian Commercial Van RCV/EDV Delivery 500,TED:Energy cents per mile,not confirmed,0-10,,https://assets.ctfassets.net/2md5qhoeajym/5FQcJgfAOa4vDYu9rWwEYO/2fa75339d6e533532ba08bf395275015/RCV-QuickRef-v17.pdf,2026-10-03,not scored: not confirmed,
ev,Rivian Commercial Van RCV/EDV Delivery 500,Rivian Commercial Van RCV/EDV Delivery 500,TED:Maintenance cents per mile,8.1,0-10,8.1,https://assets.ctfassets.net/2md5qhoeajym/5FQcJgfAOa4vDYu9rWwEYO/2fa75339d6e533532ba08bf395275015/RCV-QuickRef-v17.pdf,2026-10-03,INFERENCE,
gas_candidate,Mercedes-Benz Sprinter 2500 Cargo diesel,Rivian Commercial Van RCV/EDV Delivery 500,TED:Range fit,not confirmed,0-10,,not confirmed,2026-10-03,not scored: not confirmed,
gas_candidate,Mercedes-Benz Sprinter 2500 Cargo diesel,Rivian Commercial Van RCV/EDV Delivery 500,TED:Payload/cargo fit,not confirmed,0-10,,not confirmed,2026-10-03,not scored: not confirmed,
gas_candidate,Mercedes-Benz Sprinter 2500 Cargo diesel,Rivian Commercial Van RCV/EDV Delivery 500,TED:Cab/crew fit,10.0,0-10,10.0,not confirmed,2026-10-03,INFERENCE,
gas_candidate,Mercedes-Benz Sprinter 2500 Cargo diesel,Rivian Commercial Van RCV/EDV Delivery 500,TED:Tow fit,not confirmed,0-10,,not confirmed,2026-10-03,not scored: not confirmed,
gas_candidate,Mercedes-Benz Sprinter 2500 Cargo diesel,Rivian Commercial Van RCV/EDV Delivery 500,TED:Resale (3-yr retained %),not confirmed,0-10,,not confirmed,2026-10-03,not scored: not confirmed,
gas_candidate,Mercedes-Benz Sprinter 2500 Cargo diesel,Rivian Commercial Van RCV/EDV Delivery 500,TED:Reliability,not confirmed,0-10,,not confirmed,2026-10-03,not scored: not confirmed,
gas_candidate,Mercedes-Benz Sprinter 2500 Cargo diesel,Rivian Commercial Van RCV/EDV Delivery 500,TED:Service network,6.0,0-10,6.0,not confirmed,2026-10-03,INFERENCE,
gas_candidate,Mercedes-Benz Sprinter 2500 Cargo diesel,Rivian Commercial Van RCV/EDV Delivery 500,TED:Longevity (warranty remaining),not confirmed,0-10,,not confirmed,2026-10-03,not scored: not confirmed,
gas_candidate,Mercedes-Benz Sprinter 2500 Cargo diesel,Rivian Commercial Van RCV/EDV Delivery 500,TED:Energy cents per mile,not confirmed,0-10,,not confirmed,2026-10-03,not scored: not confirmed,
gas_candidate,Mercedes-Benz Sprinter 2500 Cargo diesel,Rivian Commercial Van RCV/EDV Delivery 500,TED:Maintenance cents per mile,4.5,0-10,4.5,not confirmed,2026-10-03,INFERENCE,
ev,Rivian Commercial Van RCV/EDV Delivery 700,Rivian Commercial Van RCV/EDV Delivery 700,payload,2258,lb,,https://assets.ctfassets.net/2md5qhoeajym/5FQcJgfAOa4vDYu9rWwEYO/2fa75339d6e533532ba08bf395275015/RCV-QuickRef-v17.pdf,2026-10-03,FACT,yes
ev,Rivian Commercial Van RCV/EDV Delivery 700,Rivian Commercial Van RCV/EDV Delivery 700,tow,not confirmed,lb,,not confirmed,2026-10-03,UNKNOWN,no
ev,Rivian Commercial Van RCV/EDV Delivery 700,Rivian Commercial Van RCV/EDV Delivery 700,cargo,652 cu ft,bed_ft_or_cuft,,https://assets.ctfassets.net/2md5qhoeajym/5FQcJgfAOa4vDYu9rWwEYO/2fa75339d6e533532ba08bf395275015/RCV-QuickRef-v17.pdf,2026-10-03,FACT,
ev,Rivian Commercial Van RCV/EDV Delivery 700,Rivian Commercial Van RCV/EDV Delivery 700,cab,2,cab_ordinal_crew3,,https://rivian.com/fleet,2026-10-03,FACT,
ev,Rivian Commercial Van RCV/EDV Delivery 700,Rivian Commercial Van RCV/EDV Delivery 700,range,160,mi,,https://assets.ctfassets.net/2md5qhoeajym/5FQcJgfAOa4vDYu9rWwEYO/2fa75339d6e533532ba08bf395275015/RCV-QuickRef-v17.pdf,2026-10-03,FACT,yes
ev,Rivian Commercial Van RCV/EDV Delivery 700,Rivian Commercial Van RCV/EDV Delivery 700,tow_range,not confirmed,mi,,not confirmed,2026-10-03,UNKNOWN,
ev,Rivian Commercial Van RCV/EDV Delivery 700,Rivian Commercial Van RCV/EDV Delivery 700,msrp,83900,usd,,https://www.caranddriver.com/rivian/commercial-van,2026-10-03,FACT,yes
ev,Rivian Commercial Van RCV/EDV Delivery 700,Rivian Commercial Van RCV/EDV Delivery 700,resale_3yr_retained,not confirmed,percent,,not confirmed,2026-10-03,UNKNOWN,
ev,Rivian Commercial Van RCV/EDV Delivery 700,Rivian Commercial Van RCV/EDV Delivery 700,efficiency_kwh_100mi,not confirmed,kWh/100mi,,not confirmed,2026-10-03,UNKNOWN,
ev,Rivian Commercial Van RCV/EDV Delivery 700,Rivian Commercial Van RCV/EDV Delivery 700,energy_usd_per_mi,not confirmed,USD/mi,,not confirmed,2026-10-03,UNKNOWN,
ev,Rivian Commercial Van RCV/EDV Delivery 700,Rivian Commercial Van RCV/EDV Delivery 700,maint_usd_per_mi,0.061,USD/mi,,not confirmed,2026-10-03,FACT class-level AFDC,
ev,Rivian Commercial Van RCV/EDV Delivery 700,Rivian Commercial Van RCV/EDV Delivery 700,service_network,3,0-10 ordinal,3,https://www.caranddriver.com/rivian/commercial-van,2026-10-03,INFERENCE,
gas_candidate,Chevrolet Express 3500 Cargo Extended,Rivian Commercial Van RCV/EDV Delivery 700,payload,4060,lb,10.0,https://www.kbb.com/chevrolet/express-3500-cargo/2025/specs/,2026-10-03,FACT,yes
gas_candidate,Chevrolet Express 3500 Cargo Extended,Rivian Commercial Van RCV/EDV Delivery 700,tow,10000,lb,,https://www.kbb.com/chevrolet/express-3500-cargo/2025/specs/,2026-10-03,FACT,yes
gas_candidate,Chevrolet Express 3500 Cargo Extended,Rivian Commercial Van RCV/EDV Delivery 700,cargo,283.6 cu ft,bed_ft_or_cuft,0.0,https://www.kbb.com/chevrolet/express-3500-cargo/2025/specs/,2026-10-03,FACT,
gas_candidate,Chevrolet Express 3500 Cargo Extended,Rivian Commercial Van RCV/EDV Delivery 700,cab,2,cab_ordinal_crew3,10.0,https://www.kbb.com/chevrolet/express-3500-cargo/2025/specs/,2026-10-03,FACT,
gas_candidate,Chevrolet Express 3500 Cargo Extended,Rivian Commercial Van RCV/EDV Delivery 700,range,not confirmed,mi,,not confirmed,2026-10-03,UNKNOWN,no
gas_candidate,Chevrolet Express 3500 Cargo Extended,Rivian Commercial Van RCV/EDV Delivery 700,tow_range,not confirmed,mi,,https://www.kbb.com/chevrolet/express-3500-cargo/2025/specs/,2026-10-03,UNKNOWN,
gas_candidate,Chevrolet Express 3500 Cargo Extended,Rivian Commercial Van RCV/EDV Delivery 700,msrp,48545,usd,10.0,https://www.kbb.com/chevrolet/express-3500-cargo/2025/specs/,2026-10-03,FACT,yes
gas_candidate,Chevrolet Express 3500 Cargo Extended,Rivian Commercial Van RCV/EDV Delivery 700,resale_3yr_retained,not confirmed,percent,,not confirmed,2026-10-03,UNKNOWN,
gas_candidate,Chevrolet Express 3500 Cargo Extended,Rivian Commercial Van RCV/EDV Delivery 700,mpg_combined,not confirmed,mpg,,not confirmed,2026-10-03,UNKNOWN,
gas_candidate,Chevrolet Express 3500 Cargo Extended,Rivian Commercial Van RCV/EDV Delivery 700,energy_usd_per_mi,not confirmed,USD/mi,,not confirmed,2026-10-03,UNKNOWN,
gas_candidate,Chevrolet Express 3500 Cargo Extended,Rivian Commercial Van RCV/EDV Delivery 700,maint_usd_per_mi,0.101,USD/mi,4.5,not confirmed,2026-10-03,FACT class-level AFDC,
gas_candidate,Chevrolet Express 3500 Cargo Extended,Rivian Commercial Van RCV/EDV Delivery 700,service_network,9,0-10 ordinal,9,https://www.kbb.com/chevrolet/express-3500-cargo/2025/specs/,2026-10-03,INFERENCE,
gas_candidate,Chevrolet Express 3500 Cargo Extended,Rivian Commercial Van RCV/EDV Delivery 700,class_match,step_van vs full_van,class,6.0,https://www.kbb.com/chevrolet/express-3500-cargo/2025/specs/,2026-10-03,INFERENCE,
gas_candidate,Chevrolet Express 3500 Cargo Extended,Rivian Commercial Van RCV/EDV Delivery 700,rank_metric,4.6,0-10,4.6,https://www.kbb.com/chevrolet/express-3500-cargo/2025/specs/,2026-10-03,INFERENCE,
ev,Rivian Commercial Van RCV/EDV Delivery 700,Rivian Commercial Van RCV/EDV Delivery 700,TED:Range fit,10.0,0-10,10.0,https://assets.ctfassets.net/2md5qhoeajym/5FQcJgfAOa4vDYu9rWwEYO/2fa75339d6e533532ba08bf395275015/RCV-QuickRef-v17.pdf,2026-10-03,INFERENCE,
ev,Rivian Commercial Van RCV/EDV Delivery 700,Rivian Commercial Van RCV/EDV Delivery 700,TED:Payload/cargo fit,10.0,0-10,10.0,https://assets.ctfassets.net/2md5qhoeajym/5FQcJgfAOa4vDYu9rWwEYO/2fa75339d6e533532ba08bf395275015/RCV-QuickRef-v17.pdf,2026-10-03,INFERENCE,
ev,Rivian Commercial Van RCV/EDV Delivery 700,Rivian Commercial Van RCV/EDV Delivery 700,TED:Cab/crew fit,10.0,0-10,10.0,https://assets.ctfassets.net/2md5qhoeajym/5FQcJgfAOa4vDYu9rWwEYO/2fa75339d6e533532ba08bf395275015/RCV-QuickRef-v17.pdf,2026-10-03,INFERENCE,
ev,Rivian Commercial Van RCV/EDV Delivery 700,Rivian Commercial Van RCV/EDV Delivery 700,TED:Tow fit,not confirmed,0-10,,https://assets.ctfassets.net/2md5qhoeajym/5FQcJgfAOa4vDYu9rWwEYO/2fa75339d6e533532ba08bf395275015/RCV-QuickRef-v17.pdf,2026-10-03,not scored: not confirmed,
ev,Rivian Commercial Van RCV/EDV Delivery 700,Rivian Commercial Van RCV/EDV Delivery 700,TED:Resale (3-yr retained %),not confirmed,0-10,,https://assets.ctfassets.net/2md5qhoeajym/5FQcJgfAOa4vDYu9rWwEYO/2fa75339d6e533532ba08bf395275015/RCV-QuickRef-v17.pdf,2026-10-03,not scored: not confirmed,
ev,Rivian Commercial Van RCV/EDV Delivery 700,Rivian Commercial Van RCV/EDV Delivery 700,TED:Reliability,not confirmed,0-10,,https://assets.ctfassets.net/2md5qhoeajym/5FQcJgfAOa4vDYu9rWwEYO/2fa75339d6e533532ba08bf395275015/RCV-QuickRef-v17.pdf,2026-10-03,not scored: not confirmed,
ev,Rivian Commercial Van RCV/EDV Delivery 700,Rivian Commercial Van RCV/EDV Delivery 700,TED:Service network,3.0,0-10,3.0,https://assets.ctfassets.net/2md5qhoeajym/5FQcJgfAOa4vDYu9rWwEYO/2fa75339d6e533532ba08bf395275015/RCV-QuickRef-v17.pdf,2026-10-03,INFERENCE,
ev,Rivian Commercial Van RCV/EDV Delivery 700,Rivian Commercial Van RCV/EDV Delivery 700,TED:Longevity (warranty remaining),not confirmed,0-10,,https://assets.ctfassets.net/2md5qhoeajym/5FQcJgfAOa4vDYu9rWwEYO/2fa75339d6e533532ba08bf395275015/RCV-QuickRef-v17.pdf,2026-10-03,not scored: not confirmed,
ev,Rivian Commercial Van RCV/EDV Delivery 700,Rivian Commercial Van RCV/EDV Delivery 700,TED:Energy cents per mile,not confirmed,0-10,,https://assets.ctfassets.net/2md5qhoeajym/5FQcJgfAOa4vDYu9rWwEYO/2fa75339d6e533532ba08bf395275015/RCV-QuickRef-v17.pdf,2026-10-03,not scored: not confirmed,
ev,Rivian Commercial Van RCV/EDV Delivery 700,Rivian Commercial Van RCV/EDV Delivery 700,TED:Maintenance cents per mile,8.1,0-10,8.1,https://assets.ctfassets.net/2md5qhoeajym/5FQcJgfAOa4vDYu9rWwEYO/2fa75339d6e533532ba08bf395275015/RCV-QuickRef-v17.pdf,2026-10-03,INFERENCE,
gas_candidate,Chevrolet Express 3500 Cargo Extended,Rivian Commercial Van RCV/EDV Delivery 700,TED:Range fit,not confirmed,0-10,,not confirmed,2026-10-03,not scored: not confirmed,
gas_candidate,Chevrolet Express 3500 Cargo Extended,Rivian Commercial Van RCV/EDV Delivery 700,TED:Payload/cargo fit,10.0,0-10,10.0,not confirmed,2026-10-03,INFERENCE,
gas_candidate,Chevrolet Express 3500 Cargo Extended,Rivian Commercial Van RCV/EDV Delivery 700,TED:Cab/crew fit,10.0,0-10,10.0,not confirmed,2026-10-03,INFERENCE,
gas_candidate,Chevrolet Express 3500 Cargo Extended,Rivian Commercial Van RCV/EDV Delivery 700,TED:Tow fit,not confirmed,0-10,,not confirmed,2026-10-03,not scored: not confirmed,
gas_candidate,Chevrolet Express 3500 Cargo Extended,Rivian Commercial Van RCV/EDV Delivery 700,TED:Resale (3-yr retained %),not confirmed,0-10,,not confirmed,2026-10-03,not scored: not confirmed,
gas_candidate,Chevrolet Express 3500 Cargo Extended,Rivian Commercial Van RCV/EDV Delivery 700,TED:Reliability,not confirmed,0-10,,not confirmed,2026-10-03,not scored: not confirmed,
gas_candidate,Chevrolet Express 3500 Cargo Extended,Rivian Commercial Van RCV/EDV Delivery 700,TED:Service network,9.0,0-10,9.0,not confirmed,2026-10-03,INFERENCE,
gas_candidate,Chevrolet Express 3500 Cargo Extended,Rivian Commercial Van RCV/EDV Delivery 700,TED:Longevity (warranty remaining),not confirmed,0-10,,not confirmed,2026-10-03,not scored: not confirmed,
gas_candidate,Chevrolet Express 3500 Cargo Extended,Rivian Commercial Van RCV/EDV Delivery 700,TED:Energy cents per mile,not confirmed,0-10,,not confirmed,2026-10-03,not scored: not confirmed,
gas_candidate,Chevrolet Express 3500 Cargo Extended,Rivian Commercial Van RCV/EDV Delivery 700,TED:Maintenance cents per mile,4.5,0-10,4.5,not confirmed,2026-10-03,INFERENCE,
gas_candidate,Ford Transit Cargo Long-EL high roof T-250,Rivian Commercial Van RCV/EDV Delivery 700,payload,not confirmed,lb,,not confirmed,2026-10-03,UNKNOWN,no
gas_candidate,Ford Transit Cargo Long-EL high roof T-250,Rivian Commercial Van RCV/EDV Delivery 700,tow,not confirmed,lb,,not confirmed,2026-10-03,UNKNOWN,no
gas_candidate,Ford Transit Cargo Long-EL high roof T-250,Rivian Commercial Van RCV/EDV Delivery 700,cargo,487.3 cu ft,bed_ft_or_cuft,1.8,https://www.kbb.com/ford/transit-250-cargo-van/2025/specs/,2026-10-03,FACT,
gas_candidate,Ford Transit Cargo Long-EL high roof T-250,Rivian Commercial Van RCV/EDV Delivery 700,cab,2,cab_ordinal_crew3,10.0,https://www.kbb.com/ford/transit-250-cargo-van/2025/high-roof-extended-length/,2026-10-03,FACT,
gas_candidate,Ford Transit Cargo Long-EL high roof T-250,Rivian Commercial Van RCV/EDV Delivery 700,range,not confirmed,mi,,not confirmed,2026-10-03,UNKNOWN,no
gas_candidate,Ford Transit Cargo Long-EL high roof T-250,Rivian Commercial Van RCV/EDV Delivery 700,tow_range,not confirmed,mi,,not confirmed,2026-10-03,UNKNOWN,
gas_candidate,Ford Transit Cargo Long-EL high roof T-250,Rivian Commercial Van RCV/EDV Delivery 700,msrp,55095,usd,10.0,https://www.kbb.com/ford/transit-250-cargo-van/2025/,2026-10-03,FACT,yes
gas_candidate,Ford Transit Cargo Long-EL high roof T-250,Rivian Commercial Van RCV/EDV Delivery 700,resale_3yr_retained,not confirmed,percent,,not confirmed,2026-10-03,UNKNOWN,
gas_candidate,Ford Transit Cargo Long-EL high roof T-250,Rivian Commercial Van RCV/EDV Delivery 700,mpg_combined,not confirmed,mpg,,not confirmed,2026-10-03,UNKNOWN,
gas_candidate,Ford Transit Cargo Long-EL high roof T-250,Rivian Commercial Van RCV/EDV Delivery 700,energy_usd_per_mi,not confirmed,USD/mi,,not confirmed,2026-10-03,UNKNOWN,
gas_candidate,Ford Transit Cargo Long-EL high roof T-250,Rivian Commercial Van RCV/EDV Delivery 700,maint_usd_per_mi,0.101,USD/mi,4.5,not confirmed,2026-10-03,FACT class-level AFDC,
gas_candidate,Ford Transit Cargo Long-EL high roof T-250,Rivian Commercial Van RCV/EDV Delivery 700,service_network,10,0-10 ordinal,10,https://www.kbb.com/ford/transit-250-cargo-van/2025/,2026-10-03,INFERENCE,
gas_candidate,Ford Transit Cargo Long-EL high roof T-250,Rivian Commercial Van RCV/EDV Delivery 700,class_match,step_van vs full_van,class,6.0,https://www.kbb.com/ford/transit-250-cargo-van/2025/specs/,2026-10-03,INFERENCE,
gas_candidate,Ford Transit Cargo Long-EL high roof T-250,Rivian Commercial Van RCV/EDV Delivery 700,rank_metric,3.4,0-10,3.4,https://www.kbb.com/ford/transit-250-cargo-van/2025/specs/,2026-10-03,INFERENCE,
ev,Rivian Commercial Van RCV/EDV Delivery 700,Rivian Commercial Van RCV/EDV Delivery 700,TED:Range fit,10.0,0-10,10.0,https://assets.ctfassets.net/2md5qhoeajym/5FQcJgfAOa4vDYu9rWwEYO/2fa75339d6e533532ba08bf395275015/RCV-QuickRef-v17.pdf,2026-10-03,INFERENCE,
ev,Rivian Commercial Van RCV/EDV Delivery 700,Rivian Commercial Van RCV/EDV Delivery 700,TED:Payload/cargo fit,10.0,0-10,10.0,https://assets.ctfassets.net/2md5qhoeajym/5FQcJgfAOa4vDYu9rWwEYO/2fa75339d6e533532ba08bf395275015/RCV-QuickRef-v17.pdf,2026-10-03,INFERENCE,
ev,Rivian Commercial Van RCV/EDV Delivery 700,Rivian Commercial Van RCV/EDV Delivery 700,TED:Cab/crew fit,10.0,0-10,10.0,https://assets.ctfassets.net/2md5qhoeajym/5FQcJgfAOa4vDYu9rWwEYO/2fa75339d6e533532ba08bf395275015/RCV-QuickRef-v17.pdf,2026-10-03,INFERENCE,
ev,Rivian Commercial Van RCV/EDV Delivery 700,Rivian Commercial Van RCV/EDV Delivery 700,TED:Tow fit,not confirmed,0-10,,https://assets.ctfassets.net/2md5qhoeajym/5FQcJgfAOa4vDYu9rWwEYO/2fa75339d6e533532ba08bf395275015/RCV-QuickRef-v17.pdf,2026-10-03,not scored: not confirmed,
ev,Rivian Commercial Van RCV/EDV Delivery 700,Rivian Commercial Van RCV/EDV Delivery 700,TED:Resale (3-yr retained %),not confirmed,0-10,,https://assets.ctfassets.net/2md5qhoeajym/5FQcJgfAOa4vDYu9rWwEYO/2fa75339d6e533532ba08bf395275015/RCV-QuickRef-v17.pdf,2026-10-03,not scored: not confirmed,
ev,Rivian Commercial Van RCV/EDV Delivery 700,Rivian Commercial Van RCV/EDV Delivery 700,TED:Reliability,not confirmed,0-10,,https://assets.ctfassets.net/2md5qhoeajym/5FQcJgfAOa4vDYu9rWwEYO/2fa75339d6e533532ba08bf395275015/RCV-QuickRef-v17.pdf,2026-10-03,not scored: not confirmed,
ev,Rivian Commercial Van RCV/EDV Delivery 700,Rivian Commercial Van RCV/EDV Delivery 700,TED:Service network,3.0,0-10,3.0,https://assets.ctfassets.net/2md5qhoeajym/5FQcJgfAOa4vDYu9rWwEYO/2fa75339d6e533532ba08bf395275015/RCV-QuickRef-v17.pdf,2026-10-03,INFERENCE,
ev,Rivian Commercial Van RCV/EDV Delivery 700,Rivian Commercial Van RCV/EDV Delivery 700,TED:Longevity (warranty remaining),not confirmed,0-10,,https://assets.ctfassets.net/2md5qhoeajym/5FQcJgfAOa4vDYu9rWwEYO/2fa75339d6e533532ba08bf395275015/RCV-QuickRef-v17.pdf,2026-10-03,not scored: not confirmed,
ev,Rivian Commercial Van RCV/EDV Delivery 700,Rivian Commercial Van RCV/EDV Delivery 700,TED:Energy cents per mile,not confirmed,0-10,,https://assets.ctfassets.net/2md5qhoeajym/5FQcJgfAOa4vDYu9rWwEYO/2fa75339d6e533532ba08bf395275015/RCV-QuickRef-v17.pdf,2026-10-03,not scored: not confirmed,
ev,Rivian Commercial Van RCV/EDV Delivery 700,Rivian Commercial Van RCV/EDV Delivery 700,TED:Maintenance cents per mile,8.1,0-10,8.1,https://assets.ctfassets.net/2md5qhoeajym/5FQcJgfAOa4vDYu9rWwEYO/2fa75339d6e533532ba08bf395275015/RCV-QuickRef-v17.pdf,2026-10-03,INFERENCE,
gas_candidate,Ford Transit Cargo Long-EL high roof T-250,Rivian Commercial Van RCV/EDV Delivery 700,TED:Range fit,not confirmed,0-10,,not confirmed,2026-10-03,not scored: not confirmed,
gas_candidate,Ford Transit Cargo Long-EL high roof T-250,Rivian Commercial Van RCV/EDV Delivery 700,TED:Payload/cargo fit,not confirmed,0-10,,not confirmed,2026-10-03,not scored: not confirmed,
gas_candidate,Ford Transit Cargo Long-EL high roof T-250,Rivian Commercial Van RCV/EDV Delivery 700,TED:Cab/crew fit,10.0,0-10,10.0,not confirmed,2026-10-03,INFERENCE,
gas_candidate,Ford Transit Cargo Long-EL high roof T-250,Rivian Commercial Van RCV/EDV Delivery 700,TED:Tow fit,not confirmed,0-10,,not confirmed,2026-10-03,not scored: not confirmed,
gas_candidate,Ford Transit Cargo Long-EL high roof T-250,Rivian Commercial Van RCV/EDV Delivery 700,TED:Resale (3-yr retained %),not confirmed,0-10,,not confirmed,2026-10-03,not scored: not confirmed,
gas_candidate,Ford Transit Cargo Long-EL high roof T-250,Rivian Commercial Van RCV/EDV Delivery 700,TED:Reliability,not confirmed,0-10,,not confirmed,2026-10-03,not scored: not confirmed,
gas_candidate,Ford Transit Cargo Long-EL high roof T-250,Rivian Commercial Van RCV/EDV Delivery 700,TED:Service network,10.0,0-10,10.0,not confirmed,2026-10-03,INFERENCE,
gas_candidate,Ford Transit Cargo Long-EL high roof T-250,Rivian Commercial Van RCV/EDV Delivery 700,TED:Longevity (warranty remaining),not confirmed,0-10,,not confirmed,2026-10-03,not scored: not confirmed,
gas_candidate,Ford Transit Cargo Long-EL high roof T-250,Rivian Commercial Van RCV/EDV Delivery 700,TED:Energy cents per mile,not confirmed,0-10,,not confirmed,2026-10-03,not scored: not confirmed,
gas_candidate,Ford Transit Cargo Long-EL high roof T-250,Rivian Commercial Van RCV/EDV Delivery 700,TED:Maintenance cents per mile,4.5,0-10,4.5,not confirmed,2026-10-03,INFERENCE,
gas_candidate,Ram ProMaster 3500 Cargo Standard Roof 136-inch WB,Rivian Commercial Van RCV/EDV Delivery 700,payload,4680,lb,10.0,https://www.motortrend.com/cars/ram/promaster/2025,2026-10-03,FACT,yes
gas_candidate,Ram ProMaster 3500 Cargo Standard Roof 136-inch WB,Rivian Commercial Van RCV/EDV Delivery 700,tow,6700,lb,,"Canadian dealer PDF, US not confirmed — https://www.birchwoodchrysler.ca/wp-content/uploads/2024/10/2025-Ram-Promaster-Payload-Towing.pdf",2026-10-03,FACT,no
gas_candidate,Ram ProMaster 3500 Cargo Standard Roof 136-inch WB,Rivian Commercial Van RCV/EDV Delivery 700,cargo,307.5 cu ft,bed_ft_or_cuft,0.0,https://www.birchwoodchrysler.ca/wp-content/uploads/2024/10/2025-Ram-Promaster-Payload-Towing.pdf,2026-10-03,FACT,
gas_candidate,Ram ProMaster 3500 Cargo Standard Roof 136-inch WB,Rivian Commercial Van RCV/EDV Delivery 700,cab,2,cab_ordinal_crew3,10.0,https://www.birchwoodchrysler.ca/wp-content/uploads/2024/10/2025-Ram-Promaster-Payload-Towing.pdf,2026-10-03,FACT,
gas_candidate,Ram ProMaster 3500 Cargo Standard Roof 136-inch WB,Rivian Commercial Van RCV/EDV Delivery 700,range,not confirmed,mi,,not confirmed,2026-10-03,UNKNOWN,no
gas_candidate,Ram ProMaster 3500 Cargo Standard Roof 136-inch WB,Rivian Commercial Van RCV/EDV Delivery 700,tow_range,not confirmed,mi,,"Canadian dealer PDF, US not confirmed — https://www.birchwoodchrysler.ca/wp-content/uploads/2024/10/2025-Ram-Promaster-Payload-Towing.pdf",2026-10-03,UNKNOWN,no
gas_candidate,Ram ProMaster 3500 Cargo Standard Roof 136-inch WB,Rivian Commercial Van RCV/EDV Delivery 700,msrp,not confirmed,usd,,not confirmed,2026-10-03,UNKNOWN,no
gas_candidate,Ram ProMaster 3500 Cargo Standard Roof 136-inch WB,Rivian Commercial Van RCV/EDV Delivery 700,resale_3yr_retained,not confirmed,percent,,not confirmed,2026-10-03,UNKNOWN,
gas_candidate,Ram ProMaster 3500 Cargo Standard Roof 136-inch WB,Rivian Commercial Van RCV/EDV Delivery 700,mpg_combined,not confirmed,mpg,,not confirmed,2026-10-03,UNKNOWN,
gas_candidate,Ram ProMaster 3500 Cargo Standard Roof 136-inch WB,Rivian Commercial Van RCV/EDV Delivery 700,energy_usd_per_mi,not confirmed,USD/mi,,not confirmed,2026-10-03,UNKNOWN,
gas_candidate,Ram ProMaster 3500 Cargo Standard Roof 136-inch WB,Rivian Commercial Van RCV/EDV Delivery 700,maint_usd_per_mi,0.101,USD/mi,4.5,not confirmed,2026-10-03,FACT class-level AFDC,
gas_candidate,Ram ProMaster 3500 Cargo Standard Roof 136-inch WB,Rivian Commercial Van RCV/EDV Delivery 700,service_network,8,0-10 ordinal,8,not confirmed,2026-10-03,INFERENCE,
gas_candidate,Ram ProMaster 3500 Cargo Standard Roof 136-inch WB,Rivian Commercial Van RCV/EDV Delivery 700,class_match,step_van vs full_van,class,6.0,https://www.birchwoodchrysler.ca/wp-content/uploads/2024/10/2025-Ram-Promaster-Payload-Towing.pdf,2026-10-03,INFERENCE,
gas_candidate,Ram ProMaster 3500 Cargo Standard Roof 136-inch WB,Rivian Commercial Van RCV/EDV Delivery 700,rank_metric,3.2,0-10,3.2,https://www.birchwoodchrysler.ca/wp-content/uploads/2024/10/2025-Ram-Promaster-Payload-Towing.pdf,2026-10-03,INFERENCE,
ev,Rivian Commercial Van RCV/EDV Delivery 700,Rivian Commercial Van RCV/EDV Delivery 700,TED:Range fit,10.0,0-10,10.0,https://assets.ctfassets.net/2md5qhoeajym/5FQcJgfAOa4vDYu9rWwEYO/2fa75339d6e533532ba08bf395275015/RCV-QuickRef-v17.pdf,2026-10-03,INFERENCE,
ev,Rivian Commercial Van RCV/EDV Delivery 700,Rivian Commercial Van RCV/EDV Delivery 700,TED:Payload/cargo fit,10.0,0-10,10.0,https://assets.ctfassets.net/2md5qhoeajym/5FQcJgfAOa4vDYu9rWwEYO/2fa75339d6e533532ba08bf395275015/RCV-QuickRef-v17.pdf,2026-10-03,INFERENCE,
ev,Rivian Commercial Van RCV/EDV Delivery 700,Rivian Commercial Van RCV/EDV Delivery 700,TED:Cab/crew fit,10.0,0-10,10.0,https://assets.ctfassets.net/2md5qhoeajym/5FQcJgfAOa4vDYu9rWwEYO/2fa75339d6e533532ba08bf395275015/RCV-QuickRef-v17.pdf,2026-10-03,INFERENCE,
ev,Rivian Commercial Van RCV/EDV Delivery 700,Rivian Commercial Van RCV/EDV Delivery 700,TED:Tow fit,not confirmed,0-10,,https://assets.ctfassets.net/2md5qhoeajym/5FQcJgfAOa4vDYu9rWwEYO/2fa75339d6e533532ba08bf395275015/RCV-QuickRef-v17.pdf,2026-10-03,not scored: not confirmed,
ev,Rivian Commercial Van RCV/EDV Delivery 700,Rivian Commercial Van RCV/EDV Delivery 700,TED:Resale (3-yr retained %),not confirmed,0-10,,https://assets.ctfassets.net/2md5qhoeajym/5FQcJgfAOa4vDYu9rWwEYO/2fa75339d6e533532ba08bf395275015/RCV-QuickRef-v17.pdf,2026-10-03,not scored: not confirmed,
ev,Rivian Commercial Van RCV/EDV Delivery 700,Rivian Commercial Van RCV/EDV Delivery 700,TED:Reliability,not confirmed,0-10,,https://assets.ctfassets.net/2md5qhoeajym/5FQcJgfAOa4vDYu9rWwEYO/2fa75339d6e533532ba08bf395275015/RCV-QuickRef-v17.pdf,2026-10-03,not scored: not confirmed,
ev,Rivian Commercial Van RCV/EDV Delivery 700,Rivian Commercial Van RCV/EDV Delivery 700,TED:Service network,3.0,0-10,3.0,https://assets.ctfassets.net/2md5qhoeajym/5FQcJgfAOa4vDYu9rWwEYO/2fa75339d6e533532ba08bf395275015/RCV-QuickRef-v17.pdf,2026-10-03,INFERENCE,
ev,Rivian Commercial Van RCV/EDV Delivery 700,Rivian Commercial Van RCV/EDV Delivery 700,TED:Longevity (warranty remaining),not confirmed,0-10,,https://assets.ctfassets.net/2md5qhoeajym/5FQcJgfAOa4vDYu9rWwEYO/2fa75339d6e533532ba08bf395275015/RCV-QuickRef-v17.pdf,2026-10-03,not scored: not confirmed,
ev,Rivian Commercial Van RCV/EDV Delivery 700,Rivian Commercial Van RCV/EDV Delivery 700,TED:Energy cents per mile,not confirmed,0-10,,https://assets.ctfassets.net/2md5qhoeajym/5FQcJgfAOa4vDYu9rWwEYO/2fa75339d6e533532ba08bf395275015/RCV-QuickRef-v17.pdf,2026-10-03,not scored: not confirmed,
ev,Rivian Commercial Van RCV/EDV Delivery 700,Rivian Commercial Van RCV/EDV Delivery 700,TED:Maintenance cents per mile,8.1,0-10,8.1,https://assets.ctfassets.net/2md5qhoeajym/5FQcJgfAOa4vDYu9rWwEYO/2fa75339d6e533532ba08bf395275015/RCV-QuickRef-v17.pdf,2026-10-03,INFERENCE,
gas_candidate,Ram ProMaster 3500 Cargo Standard Roof 136-inch WB,Rivian Commercial Van RCV/EDV Delivery 700,TED:Range fit,not confirmed,0-10,,not confirmed,2026-10-03,not scored: not confirmed,
gas_candidate,Ram ProMaster 3500 Cargo Standard Roof 136-inch WB,Rivian Commercial Van RCV/EDV Delivery 700,TED:Payload/cargo fit,10.0,0-10,10.0,not confirmed,2026-10-03,INFERENCE,
gas_candidate,Ram ProMaster 3500 Cargo Standard Roof 136-inch WB,Rivian Commercial Van RCV/EDV Delivery 700,TED:Cab/crew fit,10.0,0-10,10.0,not confirmed,2026-10-03,INFERENCE,
gas_candidate,Ram ProMaster 3500 Cargo Standard Roof 136-inch WB,Rivian Commercial Van RCV/EDV Delivery 700,TED:Tow fit,not confirmed,0-10,,not confirmed,2026-10-03,not scored: not confirmed,
gas_candidate,Ram ProMaster 3500 Cargo Standard Roof 136-inch WB,Rivian Commercial Van RCV/EDV Delivery 700,TED:Resale (3-yr retained %),not confirmed,0-10,,not confirmed,2026-10-03,not scored: not confirmed,
gas_candidate,Ram ProMaster 3500 Cargo Standard Roof 136-inch WB,Rivian Commercial Van RCV/EDV Delivery 700,TED:Reliability,not confirmed,0-10,,not confirmed,2026-10-03,not scored: not confirmed,
gas_candidate,Ram ProMaster 3500 Cargo Standard Roof 136-inch WB,Rivian Commercial Van RCV/EDV Delivery 700,TED:Service network,8.0,0-10,8.0,not confirmed,2026-10-03,INFERENCE,
gas_candidate,Ram ProMaster 3500 Cargo Standard Roof 136-inch WB,Rivian Commercial Van RCV/EDV Delivery 700,TED:Longevity (warranty remaining),not confirmed,0-10,,not confirmed,2026-10-03,not scored: not confirmed,
gas_candidate,Ram ProMaster 3500 Cargo Standard Roof 136-inch WB,Rivian Commercial Van RCV/EDV Delivery 700,TED:Energy cents per mile,not confirmed,0-10,,not confirmed,2026-10-03,not scored: not confirmed,
gas_candidate,Ram ProMaster 3500 Cargo Standard Roof 136-inch WB,Rivian Commercial Van RCV/EDV Delivery 700,TED:Maintenance cents per mile,4.5,0-10,4.5,not confirmed,2026-10-03,INFERENCE,
gas_candidate,Mercedes-Benz Sprinter 2500 Cargo diesel,Rivian Commercial Van RCV/EDV Delivery 700,payload,not confirmed,lb,,not confirmed,2026-10-03,UNKNOWN,no
gas_candidate,Mercedes-Benz Sprinter 2500 Cargo diesel,Rivian Commercial Van RCV/EDV Delivery 700,tow,5000,lb,,https://www.kbb.com/mercedes-benz/sprinter-2500-cargo/2025/,2026-10-03,FACT,yes
gas_candidate,Mercedes-Benz Sprinter 2500 Cargo diesel,Rivian Commercial Van RCV/EDV Delivery 700,cargo,488 cu ft,bed_ft_or_cuft,1.8,https://www.kbb.com/mercedes-benz/sprinter-2500-cargo/2025/,2026-10-03,FACT,
gas_candidate,Mercedes-Benz Sprinter 2500 Cargo diesel,Rivian Commercial Van RCV/EDV Delivery 700,cab,2,cab_ordinal_crew3,10.0,https://www.kbb.com/mercedes-benz/sprinter-2500-cargo/2025/,2026-10-03,FACT,
gas_candidate,Mercedes-Benz Sprinter 2500 Cargo diesel,Rivian Commercial Van RCV/EDV Delivery 700,range,not confirmed,mi,,not confirmed,2026-10-03,UNKNOWN,no
gas_candidate,Mercedes-Benz Sprinter 2500 Cargo diesel,Rivian Commercial Van RCV/EDV Delivery 700,tow_range,not confirmed,mi,,https://www.kbb.com/mercedes-benz/sprinter-2500-cargo/2025/,2026-10-03,UNKNOWN,
gas_candidate,Mercedes-Benz Sprinter 2500 Cargo diesel,Rivian Commercial Van RCV/EDV Delivery 700,msrp,not confirmed,usd,,not confirmed,2026-10-03,UNKNOWN,no
gas_candidate,Mercedes-Benz Sprinter 2500 Cargo diesel,Rivian Commercial Van RCV/EDV Delivery 700,resale_3yr_retained,not confirmed,percent,,not confirmed,2026-10-03,UNKNOWN,
gas_candidate,Mercedes-Benz Sprinter 2500 Cargo diesel,Rivian Commercial Van RCV/EDV Delivery 700,mpg_combined,not confirmed,mpg,,not confirmed,2026-10-03,UNKNOWN,
gas_candidate,Mercedes-Benz Sprinter 2500 Cargo diesel,Rivian Commercial Van RCV/EDV Delivery 700,energy_usd_per_mi,not confirmed,USD/mi,,not confirmed,2026-10-03,UNKNOWN,
gas_candidate,Mercedes-Benz Sprinter 2500 Cargo diesel,Rivian Commercial Van RCV/EDV Delivery 700,maint_usd_per_mi,0.101,USD/mi,4.5,not confirmed,2026-10-03,FACT class-level AFDC,
gas_candidate,Mercedes-Benz Sprinter 2500 Cargo diesel,Rivian Commercial Van RCV/EDV Delivery 700,service_network,6,0-10 ordinal,6,not confirmed,2026-10-03,INFERENCE,
gas_candidate,Mercedes-Benz Sprinter 2500 Cargo diesel,Rivian Commercial Van RCV/EDV Delivery 700,class_match,step_van vs full_van,class,6.0,https://www.kbb.com/mercedes-benz/sprinter-2500-cargo/2025/,2026-10-03,INFERENCE,
gas_candidate,Mercedes-Benz Sprinter 2500 Cargo diesel,Rivian Commercial Van RCV/EDV Delivery 700,rank_metric,2.0,0-10,2.0,https://www.kbb.com/mercedes-benz/sprinter-2500-cargo/2025/,2026-10-03,INFERENCE,
ev,Rivian Commercial Van RCV/EDV Delivery 700,Rivian Commercial Van RCV/EDV Delivery 700,TED:Range fit,10.0,0-10,10.0,https://assets.ctfassets.net/2md5qhoeajym/5FQcJgfAOa4vDYu9rWwEYO/2fa75339d6e533532ba08bf395275015/RCV-QuickRef-v17.pdf,2026-10-03,INFERENCE,
ev,Rivian Commercial Van RCV/EDV Delivery 700,Rivian Commercial Van RCV/EDV Delivery 700,TED:Payload/cargo fit,10.0,0-10,10.0,https://assets.ctfassets.net/2md5qhoeajym/5FQcJgfAOa4vDYu9rWwEYO/2fa75339d6e533532ba08bf395275015/RCV-QuickRef-v17.pdf,2026-10-03,INFERENCE,
ev,Rivian Commercial Van RCV/EDV Delivery 700,Rivian Commercial Van RCV/EDV Delivery 700,TED:Cab/crew fit,10.0,0-10,10.0,https://assets.ctfassets.net/2md5qhoeajym/5FQcJgfAOa4vDYu9rWwEYO/2fa75339d6e533532ba08bf395275015/RCV-QuickRef-v17.pdf,2026-10-03,INFERENCE,
ev,Rivian Commercial Van RCV/EDV Delivery 700,Rivian Commercial Van RCV/EDV Delivery 700,TED:Tow fit,not confirmed,0-10,,https://assets.ctfassets.net/2md5qhoeajym/5FQcJgfAOa4vDYu9rWwEYO/2fa75339d6e533532ba08bf395275015/RCV-QuickRef-v17.pdf,2026-10-03,not scored: not confirmed,
ev,Rivian Commercial Van RCV/EDV Delivery 700,Rivian Commercial Van RCV/EDV Delivery 700,TED:Resale (3-yr retained %),not confirmed,0-10,,https://assets.ctfassets.net/2md5qhoeajym/5FQcJgfAOa4vDYu9rWwEYO/2fa75339d6e533532ba08bf395275015/RCV-QuickRef-v17.pdf,2026-10-03,not scored: not confirmed,
ev,Rivian Commercial Van RCV/EDV Delivery 700,Rivian Commercial Van RCV/EDV Delivery 700,TED:Reliability,not confirmed,0-10,,https://assets.ctfassets.net/2md5qhoeajym/5FQcJgfAOa4vDYu9rWwEYO/2fa75339d6e533532ba08bf395275015/RCV-QuickRef-v17.pdf,2026-10-03,not scored: not confirmed,
ev,Rivian Commercial Van RCV/EDV Delivery 700,Rivian Commercial Van RCV/EDV Delivery 700,TED:Service network,3.0,0-10,3.0,https://assets.ctfassets.net/2md5qhoeajym/5FQcJgfAOa4vDYu9rWwEYO/2fa75339d6e533532ba08bf395275015/RCV-QuickRef-v17.pdf,2026-10-03,INFERENCE,
ev,Rivian Commercial Van RCV/EDV Delivery 700,Rivian Commercial Van RCV/EDV Delivery 700,TED:Longevity (warranty remaining),not confirmed,0-10,,https://assets.ctfassets.net/2md5qhoeajym/5FQcJgfAOa4vDYu9rWwEYO/2fa75339d6e533532ba08bf395275015/RCV-QuickRef-v17.pdf,2026-10-03,not scored: not confirmed,
ev,Rivian Commercial Van RCV/EDV Delivery 700,Rivian Commercial Van RCV/EDV Delivery 700,TED:Energy cents per mile,not confirmed,0-10,,https://assets.ctfassets.net/2md5qhoeajym/5FQcJgfAOa4vDYu9rWwEYO/2fa75339d6e533532ba08bf395275015/RCV-QuickRef-v17.pdf,2026-10-03,not scored: not confirmed,
ev,Rivian Commercial Van RCV/EDV Delivery 700,Rivian Commercial Van RCV/EDV Delivery 700,TED:Maintenance cents per mile,8.1,0-10,8.1,https://assets.ctfassets.net/2md5qhoeajym/5FQcJgfAOa4vDYu9rWwEYO/2fa75339d6e533532ba08bf395275015/RCV-QuickRef-v17.pdf,2026-10-03,INFERENCE,
gas_candidate,Mercedes-Benz Sprinter 2500 Cargo diesel,Rivian Commercial Van RCV/EDV Delivery 700,TED:Range fit,not confirmed,0-10,,not confirmed,2026-10-03,not scored: not confirmed,
gas_candidate,Mercedes-Benz Sprinter 2500 Cargo diesel,Rivian Commercial Van RCV/EDV Delivery 700,TED:Payload/cargo fit,not confirmed,0-10,,not confirmed,2026-10-03,not scored: not confirmed,
gas_candidate,Mercedes-Benz Sprinter 2500 Cargo diesel,Rivian Commercial Van RCV/EDV Delivery 700,TED:Cab/crew fit,10.0,0-10,10.0,not confirmed,2026-10-03,INFERENCE,
gas_candidate,Mercedes-Benz Sprinter 2500 Cargo diesel,Rivian Commercial Van RCV/EDV Delivery 700,TED:Tow fit,not confirmed,0-10,,not confirmed,2026-10-03,not scored: not confirmed,
gas_candidate,Mercedes-Benz Sprinter 2500 Cargo diesel,Rivian Commercial Van RCV/EDV Delivery 700,TED:Resale (3-yr retained %),not confirmed,0-10,,not confirmed,2026-10-03,not scored: not confirmed,
gas_candidate,Mercedes-Benz Sprinter 2500 Cargo diesel,Rivian Commercial Van RCV/EDV Delivery 700,TED:Reliability,not confirmed,0-10,,not confirmed,2026-10-03,not scored: not confirmed,
gas_candidate,Mercedes-Benz Sprinter 2500 Cargo diesel,Rivian Commercial Van RCV/EDV Delivery 700,TED:Service network,6.0,0-10,6.0,not confirmed,2026-10-03,INFERENCE,
gas_candidate,Mercedes-Benz Sprinter 2500 Cargo diesel,Rivian Commercial Van RCV/EDV Delivery 700,TED:Longevity (warranty remaining),not confirmed,0-10,,not confirmed,2026-10-03,not scored: not confirmed,
gas_candidate,Mercedes-Benz Sprinter 2500 Cargo diesel,Rivian Commercial Van RCV/EDV Delivery 700,TED:Energy cents per mile,not confirmed,0-10,,not confirmed,2026-10-03,not scored: not confirmed,
gas_candidate,Mercedes-Benz Sprinter 2500 Cargo diesel,Rivian Commercial Van RCV/EDV Delivery 700,TED:Maintenance cents per mile,4.5,0-10,4.5,not confirmed,2026-10-03,INFERENCE,
ev,GreenPower EV Star Cargo Class 4,GreenPower EV Star Cargo Class 4,payload,6300,lb,,https://greenpowermotor.com/gp-products/ev-star-cargo/,2026-10-03,FACT,yes
ev,GreenPower EV Star Cargo Class 4,GreenPower EV Star Cargo Class 4,tow,not confirmed,lb,,not confirmed,2026-10-03,UNKNOWN,no
ev,GreenPower EV Star Cargo Class 4,GreenPower EV Star Cargo Class 4,cargo,477 cu ft,bed_ft_or_cuft,,https://californiahvip.org/wp-content/uploads/2021/04/AL-MY23-EV-Star-Cargo-Van-Brochure-4-24-Revision-240416.pdf,2026-10-03,FACT,
ev,GreenPower EV Star Cargo Class 4,GreenPower EV Star Cargo Class 4,cab,2,cab_ordinal_crew3,,https://greenpowermotor.com/gp-products/ev-star-cargo/,2026-10-03,FACT,
ev,GreenPower EV Star Cargo Class 4,GreenPower EV Star Cargo Class 4,range,150,mi,,https://greenpowermotor.com/gp-products/ev-star-cargo/,2026-10-03,FACT,yes
ev,GreenPower EV Star Cargo Class 4,GreenPower EV Star Cargo Class 4,tow_range,not confirmed,mi,,not confirmed,2026-10-03,UNKNOWN,
ev,GreenPower EV Star Cargo Class 4,GreenPower EV Star Cargo Class 4,msrp,not confirmed,usd,,not confirmed,2026-10-03,UNKNOWN,no
ev,GreenPower EV Star Cargo Class 4,GreenPower EV Star Cargo Class 4,resale_3yr_retained,not confirmed,percent,,not confirmed,2026-10-03,UNKNOWN,
ev,GreenPower EV Star Cargo Class 4,GreenPower EV Star Cargo Class 4,efficiency_kwh_100mi,77,kWh/100mi,,https://californiahvip.org/wp-content/uploads/2021/04/AL-MY23-EV-Star-Cargo-Van-Brochure-4-24-Revision-240416.pdf,2026-10-03,FACT,
ev,GreenPower EV Star Cargo Class 4,GreenPower EV Star Cargo Class 4,energy_usd_per_mi,0.0944,USD/mi,,https://californiahvip.org/wp-content/uploads/2021/04/AL-MY23-EV-Star-Cargo-Van-Brochure-4-24-Revision-240416.pdf,2026-10-03,INFERENCE,
ev,GreenPower EV Star Cargo Class 4,GreenPower EV Star Cargo Class 4,maint_usd_per_mi,0.061,USD/mi,,https://californiahvip.org/wp-content/uploads/2021/04/AL-MY23-EV-Star-Cargo-Van-Brochure-4-24-Revision-240416.pdf,2026-10-03,FACT class-level AFDC,
ev,GreenPower EV Star Cargo Class 4,GreenPower EV Star Cargo Class 4,service_network,2,0-10 ordinal,2,not confirmed,2026-10-03,INFERENCE,
gas_candidate,Isuzu NPR-HD Class 4 diesel cab-chassis,GreenPower EV Star Cargo Class 4,payload,7545,lb,10.0,https://pub.imanpro.com/oem/isuzu/npr-hd_diesel_specs.pdf,2026-10-03,FACT,yes
gas_candidate,Isuzu NPR-HD Class 4 diesel cab-chassis,GreenPower EV Star Cargo Class 4,tow,not confirmed,lb,,not confirmed,2026-10-03,UNKNOWN,no
gas_candidate,Isuzu NPR-HD Class 4 diesel cab-chassis,GreenPower EV Star Cargo Class 4,cargo,not confirmed,bed_ft_or_cuft,,https://www.isuzucv.com/en/app/site/pdf?file=2025IsuzuModelLineupPocketGuide.pdf,2026-10-03,UNKNOWN,
gas_candidate,Isuzu NPR-HD Class 4 diesel cab-chassis,GreenPower EV Star Cargo Class 4,cab,2,cab_ordinal_crew3,10.0,https://pub.imanpro.com/oem/isuzu/npr-hd_diesel_specs.pdf,2026-10-03,FACT,
gas_candidate,Isuzu NPR-HD Class 4 diesel cab-chassis,GreenPower EV Star Cargo Class 4,range,not confirmed,mi,,not confirmed,2026-10-03,UNKNOWN,no
gas_candidate,Isuzu NPR-HD Class 4 diesel cab-chassis,GreenPower EV Star Cargo Class 4,tow_range,not confirmed,mi,,not confirmed,2026-10-03,UNKNOWN,
gas_candidate,Isuzu NPR-HD Class 4 diesel cab-chassis,GreenPower EV Star Cargo Class 4,msrp,not confirmed,usd,,not confirmed,2026-10-03,UNKNOWN,no
gas_candidate,Isuzu NPR-HD Class 4 diesel cab-chassis,GreenPower EV Star Cargo Class 4,resale_3yr_retained,not confirmed,percent,,not confirmed,2026-10-03,UNKNOWN,
gas_candidate,Isuzu NPR-HD Class 4 diesel cab-chassis,GreenPower EV Star Cargo Class 4,mpg_combined,not confirmed,mpg,,not confirmed,2026-10-03,UNKNOWN,
gas_candidate,Isuzu NPR-HD Class 4 diesel cab-chassis,GreenPower EV Star Cargo Class 4,energy_usd_per_mi,not confirmed,USD/mi,,not confirmed,2026-10-03,UNKNOWN,
gas_candidate,Isuzu NPR-HD Class 4 diesel cab-chassis,GreenPower EV Star Cargo Class 4,maint_usd_per_mi,0.101,USD/mi,4.5,not confirmed,2026-10-03,FACT class-level AFDC,
gas_candidate,Isuzu NPR-HD Class 4 diesel cab-chassis,GreenPower EV Star Cargo Class 4,service_network,5,0-10 ordinal,5,not confirmed,2026-10-03,INFERENCE,
gas_candidate,Isuzu NPR-HD Class 4 diesel cab-chassis,GreenPower EV Star Cargo Class 4,class_match,class4 vs class4,class,10.0,https://www.isuzucv.com/en/app/site/pdf?file=2025IsuzuModelLineupPocketGuide.pdf,2026-10-03,INFERENCE,
gas_candidate,Isuzu NPR-HD Class 4 diesel cab-chassis,GreenPower EV Star Cargo Class 4,rank_metric,3.3,0-10,3.3,https://www.isuzucv.com/en/app/site/pdf?file=2025IsuzuModelLineupPocketGuide.pdf,2026-10-03,INFERENCE,
ev,GreenPower EV Star Cargo Class 4,GreenPower EV Star Cargo Class 4,TED:Range fit,10.0,0-10,10.0,https://greenpowermotor.com/gp-products/ev-star-cargo/,2026-10-03,INFERENCE,
ev,GreenPower EV Star Cargo Class 4,GreenPower EV Star Cargo Class 4,TED:Payload/cargo fit,10.0,0-10,10.0,https://greenpowermotor.com/gp-products/ev-star-cargo/,2026-10-03,INFERENCE,
ev,GreenPower EV Star Cargo Class 4,GreenPower EV Star Cargo Class 4,TED:Cab/crew fit,10.0,0-10,10.0,https://greenpowermotor.com/gp-products/ev-star-cargo/,2026-10-03,INFERENCE,
ev,GreenPower EV Star Cargo Class 4,GreenPower EV Star Cargo Class 4,TED:Tow fit,not confirmed,0-10,,https://greenpowermotor.com/gp-products/ev-star-cargo/,2026-10-03,not scored: not confirmed,
ev,GreenPower EV Star Cargo Class 4,GreenPower EV Star Cargo Class 4,TED:Resale (3-yr retained %),not confirmed,0-10,,https://greenpowermotor.com/gp-products/ev-star-cargo/,2026-10-03,not scored: not confirmed,
ev,GreenPower EV Star Cargo Class 4,GreenPower EV Star Cargo Class 4,TED:Reliability,not confirmed,0-10,,https://greenpowermotor.com/gp-products/ev-star-cargo/,2026-10-03,not scored: not confirmed,
ev,GreenPower EV Star Cargo Class 4,GreenPower EV Star Cargo Class 4,TED:Service network,2.0,0-10,2.0,https://greenpowermotor.com/gp-products/ev-star-cargo/,2026-10-03,INFERENCE,
ev,GreenPower EV Star Cargo Class 4,GreenPower EV Star Cargo Class 4,TED:Longevity (warranty remaining),not confirmed,0-10,,https://greenpowermotor.com/gp-products/ev-star-cargo/,2026-10-03,not scored: not confirmed,
ev,GreenPower EV Star Cargo Class 4,GreenPower EV Star Cargo Class 4,TED:Energy cents per mile,8.2,0-10,8.2,https://greenpowermotor.com/gp-products/ev-star-cargo/,2026-10-03,INFERENCE,
ev,GreenPower EV Star Cargo Class 4,GreenPower EV Star Cargo Class 4,TED:Maintenance cents per mile,8.1,0-10,8.1,https://greenpowermotor.com/gp-products/ev-star-cargo/,2026-10-03,INFERENCE,
gas_candidate,Isuzu NPR-HD Class 4 diesel cab-chassis,GreenPower EV Star Cargo Class 4,TED:Range fit,not confirmed,0-10,,not confirmed,2026-10-03,not scored: not confirmed,
gas_candidate,Isuzu NPR-HD Class 4 diesel cab-chassis,GreenPower EV Star Cargo Class 4,TED:Payload/cargo fit,10.0,0-10,10.0,not confirmed,2026-10-03,INFERENCE,
gas_candidate,Isuzu NPR-HD Class 4 diesel cab-chassis,GreenPower EV Star Cargo Class 4,TED:Cab/crew fit,10.0,0-10,10.0,not confirmed,2026-10-03,INFERENCE,
gas_candidate,Isuzu NPR-HD Class 4 diesel cab-chassis,GreenPower EV Star Cargo Class 4,TED:Tow fit,not confirmed,0-10,,not confirmed,2026-10-03,not scored: not confirmed,
gas_candidate,Isuzu NPR-HD Class 4 diesel cab-chassis,GreenPower EV Star Cargo Class 4,TED:Resale (3-yr retained %),not confirmed,0-10,,not confirmed,2026-10-03,not scored: not confirmed,
gas_candidate,Isuzu NPR-HD Class 4 diesel cab-chassis,GreenPower EV Star Cargo Class 4,TED:Reliability,not confirmed,0-10,,not confirmed,2026-10-03,not scored: not confirmed,
gas_candidate,Isuzu NPR-HD Class 4 diesel cab-chassis,GreenPower EV Star Cargo Class 4,TED:Service network,5.0,0-10,5.0,not confirmed,2026-10-03,INFERENCE,
gas_candidate,Isuzu NPR-HD Class 4 diesel cab-chassis,GreenPower EV Star Cargo Class 4,TED:Longevity (warranty remaining),not confirmed,0-10,,not confirmed,2026-10-03,not scored: not confirmed,
gas_candidate,Isuzu NPR-HD Class 4 diesel cab-chassis,GreenPower EV Star Cargo Class 4,TED:Energy cents per mile,not confirmed,0-10,,not confirmed,2026-10-03,not scored: not confirmed,
gas_candidate,Isuzu NPR-HD Class 4 diesel cab-chassis,GreenPower EV Star Cargo Class 4,TED:Maintenance cents per mile,4.5,0-10,4.5,not confirmed,2026-10-03,INFERENCE,
gas_candidate,Mercedes-Benz Sprinter 2500 Cargo diesel,GreenPower EV Star Cargo Class 4,payload,not confirmed,lb,,not confirmed,2026-10-03,UNKNOWN,no
gas_candidate,Mercedes-Benz Sprinter 2500 Cargo diesel,GreenPower EV Star Cargo Class 4,tow,5000,lb,,https://www.kbb.com/mercedes-benz/sprinter-2500-cargo/2025/,2026-10-03,FACT,yes
gas_candidate,Mercedes-Benz Sprinter 2500 Cargo diesel,GreenPower EV Star Cargo Class 4,cargo,488 cu ft,bed_ft_or_cuft,10.0,https://www.kbb.com/mercedes-benz/sprinter-2500-cargo/2025/,2026-10-03,FACT,
gas_candidate,Mercedes-Benz Sprinter 2500 Cargo diesel,GreenPower EV Star Cargo Class 4,cab,2,cab_ordinal_crew3,10.0,https://www.kbb.com/mercedes-benz/sprinter-2500-cargo/2025/,2026-10-03,FACT,
gas_candidate,Mercedes-Benz Sprinter 2500 Cargo diesel,GreenPower EV Star Cargo Class 4,range,not confirmed,mi,,not confirmed,2026-10-03,UNKNOWN,no
gas_candidate,Mercedes-Benz Sprinter 2500 Cargo diesel,GreenPower EV Star Cargo Class 4,tow_range,not confirmed,mi,,https://www.kbb.com/mercedes-benz/sprinter-2500-cargo/2025/,2026-10-03,UNKNOWN,
gas_candidate,Mercedes-Benz Sprinter 2500 Cargo diesel,GreenPower EV Star Cargo Class 4,msrp,not confirmed,usd,,not confirmed,2026-10-03,UNKNOWN,no
gas_candidate,Mercedes-Benz Sprinter 2500 Cargo diesel,GreenPower EV Star Cargo Class 4,resale_3yr_retained,not confirmed,percent,,not confirmed,2026-10-03,UNKNOWN,
gas_candidate,Mercedes-Benz Sprinter 2500 Cargo diesel,GreenPower EV Star Cargo Class 4,mpg_combined,not confirmed,mpg,,not confirmed,2026-10-03,UNKNOWN,
gas_candidate,Mercedes-Benz Sprinter 2500 Cargo diesel,GreenPower EV Star Cargo Class 4,energy_usd_per_mi,not confirmed,USD/mi,,not confirmed,2026-10-03,UNKNOWN,
gas_candidate,Mercedes-Benz Sprinter 2500 Cargo diesel,GreenPower EV Star Cargo Class 4,maint_usd_per_mi,0.101,USD/mi,4.5,not confirmed,2026-10-03,FACT class-level AFDC,
gas_candidate,Mercedes-Benz Sprinter 2500 Cargo diesel,GreenPower EV Star Cargo Class 4,service_network,6,0-10 ordinal,6,not confirmed,2026-10-03,INFERENCE,
gas_candidate,Mercedes-Benz Sprinter 2500 Cargo diesel,GreenPower EV Star Cargo Class 4,class_match,class4 vs full_van,class,3.0,https://www.kbb.com/mercedes-benz/sprinter-2500-cargo/2025/,2026-10-03,INFERENCE,
gas_candidate,Mercedes-Benz Sprinter 2500 Cargo diesel,GreenPower EV Star Cargo Class 4,rank_metric,2.5,0-10,2.5,https://www.kbb.com/mercedes-benz/sprinter-2500-cargo/2025/,2026-10-03,INFERENCE,
ev,GreenPower EV Star Cargo Class 4,GreenPower EV Star Cargo Class 4,TED:Range fit,10.0,0-10,10.0,https://greenpowermotor.com/gp-products/ev-star-cargo/,2026-10-03,INFERENCE,
ev,GreenPower EV Star Cargo Class 4,GreenPower EV Star Cargo Class 4,TED:Payload/cargo fit,10.0,0-10,10.0,https://greenpowermotor.com/gp-products/ev-star-cargo/,2026-10-03,INFERENCE,
ev,GreenPower EV Star Cargo Class 4,GreenPower EV Star Cargo Class 4,TED:Cab/crew fit,10.0,0-10,10.0,https://greenpowermotor.com/gp-products/ev-star-cargo/,2026-10-03,INFERENCE,
ev,GreenPower EV Star Cargo Class 4,GreenPower EV Star Cargo Class 4,TED:Tow fit,not confirmed,0-10,,https://greenpowermotor.com/gp-products/ev-star-cargo/,2026-10-03,not scored: not confirmed,
ev,GreenPower EV Star Cargo Class 4,GreenPower EV Star Cargo Class 4,TED:Resale (3-yr retained %),not confirmed,0-10,,https://greenpowermotor.com/gp-products/ev-star-cargo/,2026-10-03,not scored: not confirmed,
ev,GreenPower EV Star Cargo Class 4,GreenPower EV Star Cargo Class 4,TED:Reliability,not confirmed,0-10,,https://greenpowermotor.com/gp-products/ev-star-cargo/,2026-10-03,not scored: not confirmed,
ev,GreenPower EV Star Cargo Class 4,GreenPower EV Star Cargo Class 4,TED:Service network,2.0,0-10,2.0,https://greenpowermotor.com/gp-products/ev-star-cargo/,2026-10-03,INFERENCE,
ev,GreenPower EV Star Cargo Class 4,GreenPower EV Star Cargo Class 4,TED:Longevity (warranty remaining),not confirmed,0-10,,https://greenpowermotor.com/gp-products/ev-star-cargo/,2026-10-03,not scored: not confirmed,
ev,GreenPower EV Star Cargo Class 4,GreenPower EV Star Cargo Class 4,TED:Energy cents per mile,8.2,0-10,8.2,https://greenpowermotor.com/gp-products/ev-star-cargo/,2026-10-03,INFERENCE,
ev,GreenPower EV Star Cargo Class 4,GreenPower EV Star Cargo Class 4,TED:Maintenance cents per mile,8.1,0-10,8.1,https://greenpowermotor.com/gp-products/ev-star-cargo/,2026-10-03,INFERENCE,
gas_candidate,Mercedes-Benz Sprinter 2500 Cargo diesel,GreenPower EV Star Cargo Class 4,TED:Range fit,not confirmed,0-10,,not confirmed,2026-10-03,not scored: not confirmed,
gas_candidate,Mercedes-Benz Sprinter 2500 Cargo diesel,GreenPower EV Star Cargo Class 4,TED:Payload/cargo fit,not confirmed,0-10,,not confirmed,2026-10-03,not scored: not confirmed,
gas_candidate,Mercedes-Benz Sprinter 2500 Cargo diesel,GreenPower EV Star Cargo Class 4,TED:Cab/crew fit,10.0,0-10,10.0,not confirmed,2026-10-03,INFERENCE,
gas_candidate,Mercedes-Benz Sprinter 2500 Cargo diesel,GreenPower EV Star Cargo Class 4,TED:Tow fit,not confirmed,0-10,,not confirmed,2026-10-03,not scored: not confirmed,
gas_candidate,Mercedes-Benz Sprinter 2500 Cargo diesel,GreenPower EV Star Cargo Class 4,TED:Resale (3-yr retained %),not confirmed,0-10,,not confirmed,2026-10-03,not scored: not confirmed,
gas_candidate,Mercedes-Benz Sprinter 2500 Cargo diesel,GreenPower EV Star Cargo Class 4,TED:Reliability,not confirmed,0-10,,not confirmed,2026-10-03,not scored: not confirmed,
gas_candidate,Mercedes-Benz Sprinter 2500 Cargo diesel,GreenPower EV Star Cargo Class 4,TED:Service network,6.0,0-10,6.0,not confirmed,2026-10-03,INFERENCE,
gas_candidate,Mercedes-Benz Sprinter 2500 Cargo diesel,GreenPower EV Star Cargo Class 4,TED:Longevity (warranty remaining),not confirmed,0-10,,not confirmed,2026-10-03,not scored: not confirmed,
gas_candidate,Mercedes-Benz Sprinter 2500 Cargo diesel,GreenPower EV Star Cargo Class 4,TED:Energy cents per mile,not confirmed,0-10,,not confirmed,2026-10-03,not scored: not confirmed,
gas_candidate,Mercedes-Benz Sprinter 2500 Cargo diesel,GreenPower EV Star Cargo Class 4,TED:Maintenance cents per mile,4.5,0-10,4.5,not confirmed,2026-10-03,INFERENCE,
gas_candidate,Ford Transit Cargo Long-EL high roof T-250,GreenPower EV Star Cargo Class 4,payload,not confirmed,lb,,not confirmed,2026-10-03,UNKNOWN,no
gas_candidate,Ford Transit Cargo Long-EL high roof T-250,GreenPower EV Star Cargo Class 4,tow,not confirmed,lb,,not confirmed,2026-10-03,UNKNOWN,no
gas_candidate,Ford Transit Cargo Long-EL high roof T-250,GreenPower EV Star Cargo Class 4,cargo,487.3 cu ft,bed_ft_or_cuft,10.0,https://www.kbb.com/ford/transit-250-cargo-van/2025/specs/,2026-10-03,FACT,
gas_candidate,Ford Transit Cargo Long-EL high roof T-250,GreenPower EV Star Cargo Class 4,cab,2,cab_ordinal_crew3,10.0,https://www.kbb.com/ford/transit-250-cargo-van/2025/high-roof-extended-length/,2026-10-03,FACT,
gas_candidate,Ford Transit Cargo Long-EL high roof T-250,GreenPower EV Star Cargo Class 4,range,not confirmed,mi,,not confirmed,2026-10-03,UNKNOWN,no
gas_candidate,Ford Transit Cargo Long-EL high roof T-250,GreenPower EV Star Cargo Class 4,tow_range,not confirmed,mi,,not confirmed,2026-10-03,UNKNOWN,
gas_candidate,Ford Transit Cargo Long-EL high roof T-250,GreenPower EV Star Cargo Class 4,msrp,55095,usd,,https://www.kbb.com/ford/transit-250-cargo-van/2025/,2026-10-03,FACT,yes
gas_candidate,Ford Transit Cargo Long-EL high roof T-250,GreenPower EV Star Cargo Class 4,resale_3yr_retained,not confirmed,percent,,not confirmed,2026-10-03,UNKNOWN,
gas_candidate,Ford Transit Cargo Long-EL high roof T-250,GreenPower EV Star Cargo Class 4,mpg_combined,not confirmed,mpg,,not confirmed,2026-10-03,UNKNOWN,
gas_candidate,Ford Transit Cargo Long-EL high roof T-250,GreenPower EV Star Cargo Class 4,energy_usd_per_mi,not confirmed,USD/mi,,not confirmed,2026-10-03,UNKNOWN,
gas_candidate,Ford Transit Cargo Long-EL high roof T-250,GreenPower EV Star Cargo Class 4,maint_usd_per_mi,0.101,USD/mi,4.5,not confirmed,2026-10-03,FACT class-level AFDC,
gas_candidate,Ford Transit Cargo Long-EL high roof T-250,GreenPower EV Star Cargo Class 4,service_network,10,0-10 ordinal,10,https://www.kbb.com/ford/transit-250-cargo-van/2025/,2026-10-03,INFERENCE,
gas_candidate,Ford Transit Cargo Long-EL high roof T-250,GreenPower EV Star Cargo Class 4,class_match,class4 vs full_van,class,3.0,https://www.kbb.com/ford/transit-250-cargo-van/2025/specs/,2026-10-03,INFERENCE,
gas_candidate,Ford Transit Cargo Long-EL high roof T-250,GreenPower EV Star Cargo Class 4,rank_metric,2.5,0-10,2.5,https://www.kbb.com/ford/transit-250-cargo-van/2025/specs/,2026-10-03,INFERENCE,
ev,GreenPower EV Star Cargo Class 4,GreenPower EV Star Cargo Class 4,TED:Range fit,10.0,0-10,10.0,https://greenpowermotor.com/gp-products/ev-star-cargo/,2026-10-03,INFERENCE,
ev,GreenPower EV Star Cargo Class 4,GreenPower EV Star Cargo Class 4,TED:Payload/cargo fit,10.0,0-10,10.0,https://greenpowermotor.com/gp-products/ev-star-cargo/,2026-10-03,INFERENCE,
ev,GreenPower EV Star Cargo Class 4,GreenPower EV Star Cargo Class 4,TED:Cab/crew fit,10.0,0-10,10.0,https://greenpowermotor.com/gp-products/ev-star-cargo/,2026-10-03,INFERENCE,
ev,GreenPower EV Star Cargo Class 4,GreenPower EV Star Cargo Class 4,TED:Tow fit,not confirmed,0-10,,https://greenpowermotor.com/gp-products/ev-star-cargo/,2026-10-03,not scored: not confirmed,
ev,GreenPower EV Star Cargo Class 4,GreenPower EV Star Cargo Class 4,TED:Resale (3-yr retained %),not confirmed,0-10,,https://greenpowermotor.com/gp-products/ev-star-cargo/,2026-10-03,not scored: not confirmed,
ev,GreenPower EV Star Cargo Class 4,GreenPower EV Star Cargo Class 4,TED:Reliability,not confirmed,0-10,,https://greenpowermotor.com/gp-products/ev-star-cargo/,2026-10-03,not scored: not confirmed,
ev,GreenPower EV Star Cargo Class 4,GreenPower EV Star Cargo Class 4,TED:Service network,2.0,0-10,2.0,https://greenpowermotor.com/gp-products/ev-star-cargo/,2026-10-03,INFERENCE,
ev,GreenPower EV Star Cargo Class 4,GreenPower EV Star Cargo Class 4,TED:Longevity (warranty remaining),not confirmed,0-10,,https://greenpowermotor.com/gp-products/ev-star-cargo/,2026-10-03,not scored: not confirmed,
ev,GreenPower EV Star Cargo Class 4,GreenPower EV Star Cargo Class 4,TED:Energy cents per mile,8.2,0-10,8.2,https://greenpowermotor.com/gp-products/ev-star-cargo/,2026-10-03,INFERENCE,
ev,GreenPower EV Star Cargo Class 4,GreenPower EV Star Cargo Class 4,TED:Maintenance cents per mile,8.1,0-10,8.1,https://greenpowermotor.com/gp-products/ev-star-cargo/,2026-10-03,INFERENCE,
gas_candidate,Ford Transit Cargo Long-EL high roof T-250,GreenPower EV Star Cargo Class 4,TED:Range fit,not confirmed,0-10,,not confirmed,2026-10-03,not scored: not confirmed,
gas_candidate,Ford Transit Cargo Long-EL high roof T-250,GreenPower EV Star Cargo Class 4,TED:Payload/cargo fit,not confirmed,0-10,,not confirmed,2026-10-03,not scored: not confirmed,
gas_candidate,Ford Transit Cargo Long-EL high roof T-250,GreenPower EV Star Cargo Class 4,TED:Cab/crew fit,10.0,0-10,10.0,not confirmed,2026-10-03,INFERENCE,
gas_candidate,Ford Transit Cargo Long-EL high roof T-250,GreenPower EV Star Cargo Class 4,TED:Tow fit,not confirmed,0-10,,not confirmed,2026-10-03,not scored: not confirmed,
gas_candidate,Ford Transit Cargo Long-EL high roof T-250,GreenPower EV Star Cargo Class 4,TED:Resale (3-yr retained %),not confirmed,0-10,,not confirmed,2026-10-03,not scored: not confirmed,
gas_candidate,Ford Transit Cargo Long-EL high roof T-250,GreenPower EV Star Cargo Class 4,TED:Reliability,not confirmed,0-10,,not confirmed,2026-10-03,not scored: not confirmed,
gas_candidate,Ford Transit Cargo Long-EL high roof T-250,GreenPower EV Star Cargo Class 4,TED:Service network,10.0,0-10,10.0,not confirmed,2026-10-03,INFERENCE,
gas_candidate,Ford Transit Cargo Long-EL high roof T-250,GreenPower EV Star Cargo Class 4,TED:Longevity (warranty remaining),not confirmed,0-10,,not confirmed,2026-10-03,not scored: not confirmed,
gas_candidate,Ford Transit Cargo Long-EL high roof T-250,GreenPower EV Star Cargo Class 4,TED:Energy cents per mile,not confirmed,0-10,,not confirmed,2026-10-03,not scored: not confirmed,
gas_candidate,Ford Transit Cargo Long-EL high roof T-250,GreenPower EV Star Cargo Class 4,TED:Maintenance cents per mile,4.5,0-10,4.5,not confirmed,2026-10-03,INFERENCE,
gas_candidate,Chevrolet Express 3500 Cargo Extended,GreenPower EV Star Cargo Class 4,payload,4060,lb,0.0,https://www.kbb.com/chevrolet/express-3500-cargo/2025/specs/,2026-10-03,FACT,yes
gas_candidate,Chevrolet Express 3500 Cargo Extended,GreenPower EV Star Cargo Class 4,tow,10000,lb,,https://www.kbb.com/chevrolet/express-3500-cargo/2025/specs/,2026-10-03,FACT,yes
gas_candidate,Chevrolet Express 3500 Cargo Extended,GreenPower EV Star Cargo Class 4,cargo,283.6 cu ft,bed_ft_or_cuft,0.3,https://www.kbb.com/chevrolet/express-3500-cargo/2025/specs/,2026-10-03,FACT,
gas_candidate,Chevrolet Express 3500 Cargo Extended,GreenPower EV Star Cargo Class 4,cab,2,cab_ordinal_crew3,10.0,https://www.kbb.com/chevrolet/express-3500-cargo/2025/specs/,2026-10-03,FACT,
gas_candidate,Chevrolet Express 3500 Cargo Extended,GreenPower EV Star Cargo Class 4,range,not confirmed,mi,,not confirmed,2026-10-03,UNKNOWN,no
gas_candidate,Chevrolet Express 3500 Cargo Extended,GreenPower EV Star Cargo Class 4,tow_range,not confirmed,mi,,https://www.kbb.com/chevrolet/express-3500-cargo/2025/specs/,2026-10-03,UNKNOWN,
gas_candidate,Chevrolet Express 3500 Cargo Extended,GreenPower EV Star Cargo Class 4,msrp,48545,usd,,https://www.kbb.com/chevrolet/express-3500-cargo/2025/specs/,2026-10-03,FACT,yes
gas_candidate,Chevrolet Express 3500 Cargo Extended,GreenPower EV Star Cargo Class 4,resale_3yr_retained,not confirmed,percent,,not confirmed,2026-10-03,UNKNOWN,
gas_candidate,Chevrolet Express 3500 Cargo Extended,GreenPower EV Star Cargo Class 4,mpg_combined,not confirmed,mpg,,not confirmed,2026-10-03,UNKNOWN,
gas_candidate,Chevrolet Express 3500 Cargo Extended,GreenPower EV Star Cargo Class 4,energy_usd_per_mi,not confirmed,USD/mi,,not confirmed,2026-10-03,UNKNOWN,
gas_candidate,Chevrolet Express 3500 Cargo Extended,GreenPower EV Star Cargo Class 4,maint_usd_per_mi,0.101,USD/mi,4.5,not confirmed,2026-10-03,FACT class-level AFDC,
gas_candidate,Chevrolet Express 3500 Cargo Extended,GreenPower EV Star Cargo Class 4,service_network,9,0-10 ordinal,9,https://www.kbb.com/chevrolet/express-3500-cargo/2025/specs/,2026-10-03,INFERENCE,
gas_candidate,Chevrolet Express 3500 Cargo Extended,GreenPower EV Star Cargo Class 4,class_match,class4 vs full_van,class,3.0,https://www.kbb.com/chevrolet/express-3500-cargo/2025/specs/,2026-10-03,INFERENCE,
gas_candidate,Chevrolet Express 3500 Cargo Extended,GreenPower EV Star Cargo Class 4,rank_metric,1.6,0-10,1.6,https://www.kbb.com/chevrolet/express-3500-cargo/2025/specs/,2026-10-03,INFERENCE,
ev,GreenPower EV Star Cargo Class 4,GreenPower EV Star Cargo Class 4,TED:Range fit,10.0,0-10,10.0,https://greenpowermotor.com/gp-products/ev-star-cargo/,2026-10-03,INFERENCE,
ev,GreenPower EV Star Cargo Class 4,GreenPower EV Star Cargo Class 4,TED:Payload/cargo fit,10.0,0-10,10.0,https://greenpowermotor.com/gp-products/ev-star-cargo/,2026-10-03,INFERENCE,
ev,GreenPower EV Star Cargo Class 4,GreenPower EV Star Cargo Class 4,TED:Cab/crew fit,10.0,0-10,10.0,https://greenpowermotor.com/gp-products/ev-star-cargo/,2026-10-03,INFERENCE,
ev,GreenPower EV Star Cargo Class 4,GreenPower EV Star Cargo Class 4,TED:Tow fit,not confirmed,0-10,,https://greenpowermotor.com/gp-products/ev-star-cargo/,2026-10-03,not scored: not confirmed,
ev,GreenPower EV Star Cargo Class 4,GreenPower EV Star Cargo Class 4,TED:Resale (3-yr retained %),not confirmed,0-10,,https://greenpowermotor.com/gp-products/ev-star-cargo/,2026-10-03,not scored: not confirmed,
ev,GreenPower EV Star Cargo Class 4,GreenPower EV Star Cargo Class 4,TED:Reliability,not confirmed,0-10,,https://greenpowermotor.com/gp-products/ev-star-cargo/,2026-10-03,not scored: not confirmed,
ev,GreenPower EV Star Cargo Class 4,GreenPower EV Star Cargo Class 4,TED:Service network,2.0,0-10,2.0,https://greenpowermotor.com/gp-products/ev-star-cargo/,2026-10-03,INFERENCE,
ev,GreenPower EV Star Cargo Class 4,GreenPower EV Star Cargo Class 4,TED:Longevity (warranty remaining),not confirmed,0-10,,https://greenpowermotor.com/gp-products/ev-star-cargo/,2026-10-03,not scored: not confirmed,
ev,GreenPower EV Star Cargo Class 4,GreenPower EV Star Cargo Class 4,TED:Energy cents per mile,8.2,0-10,8.2,https://greenpowermotor.com/gp-products/ev-star-cargo/,2026-10-03,INFERENCE,
ev,GreenPower EV Star Cargo Class 4,GreenPower EV Star Cargo Class 4,TED:Maintenance cents per mile,8.1,0-10,8.1,https://greenpowermotor.com/gp-products/ev-star-cargo/,2026-10-03,INFERENCE,
gas_candidate,Chevrolet Express 3500 Cargo Extended,GreenPower EV Star Cargo Class 4,TED:Range fit,not confirmed,0-10,,not confirmed,2026-10-03,not scored: not confirmed,
gas_candidate,Chevrolet Express 3500 Cargo Extended,GreenPower EV Star Cargo Class 4,TED:Payload/cargo fit,0.0,0-10,0.0,not confirmed,2026-10-03,INFERENCE,
gas_candidate,Chevrolet Express 3500 Cargo Extended,GreenPower EV Star Cargo Class 4,TED:Cab/crew fit,10.0,0-10,10.0,not confirmed,2026-10-03,INFERENCE,
gas_candidate,Chevrolet Express 3500 Cargo Extended,GreenPower EV Star Cargo Class 4,TED:Tow fit,not confirmed,0-10,,not confirmed,2026-10-03,not scored: not confirmed,
gas_candidate,Chevrolet Express 3500 Cargo Extended,GreenPower EV Star Cargo Class 4,TED:Resale (3-yr retained %),not confirmed,0-10,,not confirmed,2026-10-03,not scored: not confirmed,
gas_candidate,Chevrolet Express 3500 Cargo Extended,GreenPower EV Star Cargo Class 4,TED:Reliability,not confirmed,0-10,,not confirmed,2026-10-03,not scored: not confirmed,
gas_candidate,Chevrolet Express 3500 Cargo Extended,GreenPower EV Star Cargo Class 4,TED:Service network,9.0,0-10,9.0,not confirmed,2026-10-03,INFERENCE,
gas_candidate,Chevrolet Express 3500 Cargo Extended,GreenPower EV Star Cargo Class 4,TED:Longevity (warranty remaining),not confirmed,0-10,,not confirmed,2026-10-03,not scored: not confirmed,
gas_candidate,Chevrolet Express 3500 Cargo Extended,GreenPower EV Star Cargo Class 4,TED:Energy cents per mile,not confirmed,0-10,,not confirmed,2026-10-03,not scored: not confirmed,
gas_candidate,Chevrolet Express 3500 Cargo Extended,GreenPower EV Star Cargo Class 4,TED:Maintenance cents per mile,4.5,0-10,4.5,not confirmed,2026-10-03,INFERENCE,
